word_count,grapheme_count,codepoint_count,src,single_line_width_px,wrapped_line_count,estimated_image_height_px,fits_single_line,pixels_per_grapheme
15,62,92,CulturaX,1555.796875,2,134,False,25.093497983870968
14,64,83,CulturaX,1681.84375,2,134,False,26.27880859375
33,152,208,CulturaX,4013.40625,5,263,False,26.403988486842106
8,35,56,CulturaX,907.265625,1,91,True,25.921875
29,127,167,CulturaX,3248.921875,4,220,False,25.582062007874015
8,38,57,CulturaX,1056.0625,2,134,False,27.79111842105263
23,105,141,CulturaX,2615.265625,3,177,False,24.907291666666666
9,47,72,CulturaX,1261.4375,2,134,False,26.83909574468085
18,88,119,CulturaX,2037.78125,3,177,False,23.156605113636363
9,39,56,CulturaX,1041.265625,2,134,False,26.69911858974359
25,114,165,CulturaX,3053.75,4,220,False,26.787280701754387
7,30,44,CulturaX,799.140625,1,91,True,26.638020833333332
15,72,103,CulturaX,1961.140625,3,177,False,27.23806423611111
56,241,329,CulturaX,6412.4375,8,392,False,26.6076244813278
21,98,143,CulturaX,2818.796875,4,220,False,28.763233418367346
22,90,116,CulturaX,2342.4375,3,177,False,26.027083333333334
11,51,74,CulturaX,1422.5625,2,134,False,27.893382352941178
25,106,144,CulturaX,2712.5,4,220,False,25.589622641509433
25,119,178,CulturaX,3172.125,4,220,False,26.656512605042018
22,97,138,CulturaX,2508.609375,3,177,False,25.86195231958763
14,57,71,CulturaX,1307.8125,2,134,False,22.94407894736842
9,35,49,CulturaX,886.765625,1,91,True,25.336160714285715
14,64,83,CulturaX,1613.484375,2,134,False,25.210693359375
18,82,112,CulturaX,2165.046875,3,177,False,26.403010670731707
21,100,146,CulturaX,2430.78125,3,177,False,24.3078125
8,32,44,CulturaX,859.5,1,91,True,26.859375
11,48,65,CulturaX,1302.015625,2,134,False,27.125325520833332
35,189,234,CulturaX,4355.671875,5,263,False,23.045882936507937
31,149,208,CulturaX,4006.953125,5,263,False,26.892302852348994
32,169,253,CulturaX,4623.96875,6,306,False,27.360761834319526
12,58,77,CulturaX,1478.921875,2,134,False,25.49865301724138
7,39,57,CulturaX,1047.171875,2,134,False,26.850560897435898
9,29,42,CulturaX,774.390625,1,91,True,26.703125
13,55,76,CulturaX,1447.296875,2,134,False,26.314488636363638
8,33,42,CulturaX,883.0,1,91,True,26.757575757575758
8,31,39,CulturaX,767.203125,1,91,True,24.748487903225808
17,80,117,CulturaX,2151.671875,3,177,False,26.8958984375
30,137,205,CulturaX,3783.984375,5,263,False,27.62032390510949
23,104,146,CulturaX,2756.59375,4,220,False,26.505709134615383
7,31,40,CulturaX,798.703125,1,91,True,25.764616935483872
7,22,28,CulturaX,592.515625,1,91,True,26.93252840909091
8,33,50,CulturaX,928.453125,1,91,True,28.134943181818183
11,55,64,CulturaX,1248.421875,2,134,False,22.698579545454546
28,131,186,CulturaX,3411.78125,4,220,False,26.044131679389313
27,117,164,CulturaX,3283.78125,4,220,False,28.06650641025641
7,39,57,CulturaX,998.40625,2,134,False,25.600160256410255
22,98,139,CulturaX,2659.046875,3,177,False,27.13313137755102
18,76,107,CulturaX,2117.484375,3,177,False,27.861636513157894
23,93,133,CulturaX,2527.1875,3,177,False,27.174059139784948
14,57,80,CulturaX,1677.0,2,134,False,29.42105263157895
13,57,81,CulturaX,1532.9375,2,134,False,26.89364035087719
16,83,122,CulturaX,2195.53125,3,177,False,26.45218373493976
34,157,222,CulturaX,4118.734375,5,263,False,26.233976910828027
30,118,165,CulturaX,3095.765625,4,220,False,26.23530190677966
28,135,187,CulturaX,3589.53125,4,220,False,26.58912037037037
8,34,45,CulturaX,821.390625,1,91,True,24.15854779411765
13,61,97,CulturaX,1571.0,2,134,False,25.75409836065574
13,57,80,CulturaX,1514.921875,2,134,False,26.577576754385966
20,89,123,CulturaX,2406.328125,3,177,False,27.037394662921347
16,66,89,CulturaX,1667.484375,2,134,False,25.264914772727273
16,66,92,CulturaX,1823.171875,2,134,False,27.62381628787879
12,44,59,CulturaX,1152.34375,2,134,False,26.189630681818183
29,129,177,CulturaX,3379.0625,4,220,False,26.194282945736433
9,43,66,CulturaX,1149.609375,2,134,False,26.735101744186046
13,62,87,CulturaX,1706.5625,2,134,False,27.525201612903224
9,27,40,CulturaX,787.125,1,91,True,29.15277777777778
16,75,104,CulturaX,1836.515625,2,134,False,24.486875
17,79,115,CulturaX,2056.4375,3,177,False,26.030854430379748
13,70,101,CulturaX,1921.09375,3,177,False,27.444196428571427
22,94,136,CulturaX,2331.578125,3,177,False,24.80402260638298
9,42,64,CulturaX,1234.46875,2,134,False,29.392113095238095
10,45,57,CulturaX,1208.421875,2,134,False,26.853819444444444
9,41,58,CulturaX,1108.53125,2,134,False,27.03734756097561
22,79,110,CulturaX,2109.671875,3,177,False,26.704707278481013
8,36,43,CulturaX,788.5625,1,91,True,21.90451388888889
13,57,77,CulturaX,1434.71875,2,134,False,25.17050438596491
7,39,49,CulturaX,913.546875,1,91,True,23.424278846153847
39,154,215,CulturaX,4066.921875,5,263,False,26.408583603896105
11,43,59,CulturaX,1095.21875,2,134,False,25.470203488372093
12,50,66,CulturaX,1265.921875,2,134,False,25.3184375
13,55,82,CulturaX,1568.453125,2,134,False,28.517329545454544
12,57,85,CulturaX,1561.828125,2,134,False,27.40049342105263
8,34,49,CulturaX,969.671875,2,134,False,28.519761029411764
24,97,137,CulturaX,2551.109375,3,177,False,26.300096649484537
16,75,106,CulturaX,2035.6875,3,177,False,27.1425
15,73,116,CulturaX,1852.796875,2,134,False,25.380779109589042
11,48,64,CulturaX,1323.265625,2,134,False,27.568033854166668
7,27,34,CulturaX,718.859375,1,91,True,26.624421296296298
9,33,47,CulturaX,876.421875,1,91,True,26.558238636363637
12,57,90,CulturaX,1493.4375,2,134,False,26.200657894736842
19,82,111,CulturaX,2184.984375,3,177,False,26.646150914634145
13,56,86,CulturaX,1495.265625,2,134,False,26.701171875
36,145,204,CulturaX,3861.859375,5,263,False,26.63351293103448
11,48,66,CulturaX,1210.359375,2,134,False,25.2158203125
30,142,203,CulturaX,3714.40625,5,263,False,26.157790492957748
77,382,511,CulturaX,9366.484375,11,521,False,24.51959260471204
12,60,84,CulturaX,1627.265625,2,134,False,27.12109375
39,161,209,CulturaX,4040.53125,5,263,False,25.096467391304348
32,139,191,CulturaX,3750.15625,5,263,False,26.979541366906474
10,33,49,CulturaX,903.921875,1,91,True,27.39157196969697
9,45,63,CulturaX,1083.15625,2,134,False,24.070138888888888
31,158,220,CulturaX,4195.390625,5,263,False,26.553105221518987
20,90,124,CulturaX,2358.1875,3,177,False,26.202083333333334
10,49,72,CulturaX,1290.6875,2,134,False,26.340561224489797
7,37,56,CulturaX,1061.03125,2,134,False,28.67652027027027
12,53,69,CulturaX,1311.125,2,134,False,24.73820754716981
16,72,100,CulturaX,1981.984375,3,177,False,27.52756076388889
9,43,60,CulturaX,1108.46875,2,134,False,25.778343023255815
89,385,549,CulturaX,10483.25,12,564,False,27.22922077922078
17,75,109,CulturaX,1979.46875,3,177,False,26.392916666666668
24,109,156,CulturaX,3053.390625,4,220,False,28.012758027522935
31,145,204,CulturaX,3842.859375,5,263,False,26.502478448275863
9,35,43,CulturaX,926.578125,1,91,True,26.473660714285714
10,46,65,CulturaX,1217.84375,2,134,False,26.47486413043478
14,64,93,CulturaX,1832.828125,2,134,False,28.637939453125
9,38,49,CulturaX,1057.796875,2,134,False,27.83675986842105
28,108,143,CulturaX,2826.5,4,220,False,26.171296296296298
22,104,145,CulturaX,2791.5625,3,177,False,26.841947115384617
13,51,72,CulturaX,1306.15625,2,134,False,25.610906862745097
11,46,71,CulturaX,1359.03125,2,134,False,29.544157608695652
25,109,152,CulturaX,2708.984375,3,177,False,24.853067660550458
10,47,69,CulturaX,1257.640625,2,134,False,26.758311170212767
18,68,95,CulturaX,1915.546875,3,177,False,28.169806985294116
8,32,44,CulturaX,788.84375,1,91,True,24.6513671875
24,99,138,CulturaX,2549.609375,3,177,False,25.753630050505052
26,107,155,CulturaX,2814.28125,4,220,False,26.301693925233646
14,64,92,CulturaX,1795.28125,2,134,False,28.05126953125
18,83,115,CulturaX,2360.328125,3,177,False,28.43768825301205
13,47,68,CulturaX,1374.890625,2,134,False,29.252992021276597
13,64,98,CulturaX,1715.53125,2,134,False,26.80517578125
12,49,67,CulturaX,1207.734375,2,134,False,24.647640306122447
8,34,46,CulturaX,943.359375,1,91,True,27.745863970588236
15,68,99,CulturaX,1895.015625,2,134,False,27.867876838235293
13,50,68,CulturaX,1360.109375,2,134,False,27.2021875
17,66,88,CulturaX,1808.609375,2,134,False,27.403172348484848
9,43,62,CulturaX,1174.078125,2,134,False,27.304142441860463
15,71,93,CulturaX,1844.21875,2,134,False,25.974911971830984
18,75,111,CulturaX,2148.578125,3,177,False,28.647708333333334
11,46,68,CulturaX,1305.046875,2,134,False,28.370584239130434
9,35,50,CulturaX,1050.5,2,134,False,30.014285714285716
9,48,70,CulturaX,1210.734375,2,134,False,25.2236328125
28,120,162,CulturaX,3167.234375,4,220,False,26.393619791666666
35,157,220,CulturaX,4291.640625,5,263,False,27.33529060509554
8,36,48,CulturaX,915.25,1,91,True,25.42361111111111
20,99,146,CulturaX,2803.578125,4,220,False,28.31897095959596
25,116,165,CulturaX,3105.609375,4,220,False,26.772494612068964
20,95,131,CulturaX,2585.59375,3,177,False,27.216776315789474
8,33,40,CulturaX,836.703125,1,91,True,25.354640151515152
7,30,48,CulturaX,906.96875,1,91,True,30.232291666666665
14,71,107,CulturaX,1749.203125,2,134,False,24.636663732394368
27,131,187,CulturaX,3564.328125,4,220,False,27.208611641221374
8,37,53,CulturaX,962.859375,2,134,False,26.02322635135135
13,61,88,CulturaX,1604.375,2,134,False,26.30122950819672
10,41,53,CulturaX,1075.46875,2,134,False,26.23094512195122
44,218,309,CulturaX,5895.0,7,349,False,27.041284403669724
11,55,75,CulturaX,1390.921875,2,134,False,25.289488636363636
10,42,52,CulturaX,1040.515625,2,134,False,24.774181547619047
25,109,156,CulturaX,3136.421875,4,220,False,28.774512614678898
16,71,92,CulturaX,1793.40625,2,134,False,25.25924295774648
11,65,72,CulturaX,1398.5625,2,134,False,21.516346153846154
9,42,62,CulturaX,1121.5625,2,134,False,26.703869047619047
18,62,85,CulturaX,1635.3125,2,134,False,26.376008064516128
22,100,136,CulturaX,2790.390625,3,177,False,27.90390625
11,46,68,CulturaX,1259.71875,2,134,False,27.385190217391305
10,49,66,CulturaX,1345.609375,2,134,False,27.461415816326532
7,31,45,CulturaX,789.953125,1,91,True,25.48235887096774
11,43,59,CulturaX,1182.390625,2,134,False,27.497456395348838
8,32,45,CulturaX,811.9375,1,91,True,25.373046875
12,47,64,CulturaX,1172.328125,2,134,False,24.94315159574468
20,84,116,CulturaX,2300.328125,3,177,False,27.38485863095238
14,56,82,CulturaX,1471.65625,2,134,False,26.279575892857142
14,63,91,CulturaX,1671.046875,2,134,False,26.524553571428573
20,103,145,CulturaX,2759.65625,3,177,False,26.792779126213592
41,190,276,CulturaX,5039.109375,6,306,False,26.521628289473686
13,74,109,CulturaX,1969.703125,3,177,False,26.6176097972973
9,41,62,CulturaX,1147.71875,2,134,False,27.993140243902438
16,73,112,CulturaX,1934.078125,3,177,False,26.494220890410958
8,39,60,CulturaX,1084.125,2,134,False,27.798076923076923
13,62,92,CulturaX,1567.015625,2,134,False,25.274445564516128
38,185,286,CulturaX,5036.953125,6,306,False,27.22677364864865
21,83,124,CulturaX,2147.65625,3,177,False,25.875376506024097
17,69,91,CulturaX,1780.34375,2,134,False,25.802083333333332
13,66,97,CulturaX,1807.25,2,134,False,27.382575757575758
14,70,95,CulturaX,1976.484375,3,177,False,28.235491071428573
9,44,65,CulturaX,1204.25,2,134,False,27.369318181818183
12,47,62,CulturaX,1310.296875,2,134,False,27.878656914893618
11,42,60,CulturaX,1171.90625,2,134,False,27.902529761904763
20,84,115,CulturaX,2222.46875,3,177,False,26.45796130952381
10,59,87,CulturaX,1643.65625,2,134,False,27.858580508474578
7,31,49,CulturaX,764.40625,1,91,True,24.65826612903226
17,70,94,CulturaX,1778.40625,2,134,False,25.40580357142857
8,25,31,CulturaX,650.9375,1,91,True,26.0375
8,37,55,CulturaX,976.5,2,134,False,26.39189189189189
28,143,187,CulturaX,3449.1875,4,220,False,24.120192307692307
15,72,107,CulturaX,2023.53125,3,177,False,28.104600694444443
25,105,145,CulturaX,2723.875,3,177,False,25.941666666666666
14,54,77,CulturaX,1436.0,2,134,False,26.59259259259259
7,42,54,CulturaX,999.8125,2,134,False,23.805059523809526
7,32,43,CulturaX,830.109375,1,91,True,25.94091796875
14,60,81,CulturaX,1589.453125,2,134,False,26.490885416666668
44,209,298,CulturaX,5700.171875,7,349,False,27.273549641148325
9,38,56,CulturaX,1077.03125,2,134,False,28.34292763157895
12,52,75,CulturaX,1456.875,2,134,False,28.016826923076923
45,193,281,CulturaX,5064.625,6,306,False,26.241580310880828
27,119,158,CulturaX,2834.875,4,220,False,23.82247899159664
7,29,39,CulturaX,726.140625,1,91,True,25.039331896551722
20,89,124,CulturaX,2416.390625,3,177,False,27.150456460674157
7,35,52,CulturaX,904.71875,1,91,True,25.849107142857143
7,24,33,CulturaX,577.75,1,91,True,24.072916666666668
7,35,52,CulturaX,929.484375,1,91,True,26.556696428571428
13,53,75,CulturaX,1301.21875,2,134,False,24.55129716981132
17,72,101,CulturaX,1935.5,3,177,False,26.881944444444443
7,27,37,CulturaX,672.6875,1,91,True,24.91435185185185
14,63,84,CulturaX,1604.390625,2,134,False,25.466517857142858
12,51,74,CulturaX,1339.1875,2,134,False,26.25857843137255
12,58,88,CulturaX,1551.90625,2,134,False,26.75700431034483
19,75,105,CulturaX,1897.0,2,134,False,25.293333333333333
17,71,94,CulturaX,1917.296875,2,134,False,27.004181338028168
12,49,68,CulturaX,1269.28125,2,134,False,25.903698979591837
7,28,43,CulturaX,740.171875,1,91,True,26.434709821428573
41,182,253,CulturaX,4665.640625,6,306,False,25.63538804945055
45,213,286,CulturaX,5576.0625,7,349,False,26.178697183098592
9,35,50,CulturaX,1059.5,2,134,False,30.271428571428572
9,50,68,CulturaX,1367.078125,2,134,False,27.3415625
16,77,110,CulturaX,2212.28125,3,177,False,28.730925324675326
21,98,139,CulturaX,2594.296875,3,177,False,26.472417091836736
8,42,58,CulturaX,1000.359375,2,134,False,23.818080357142858
23,85,116,CulturaX,2266.25,3,177,False,26.66176470588235
7,32,50,CulturaX,816.9375,1,91,True,25.529296875
15,68,97,CulturaX,1829.921875,3,177,False,26.91061580882353
11,47,66,CulturaX,1129.921875,2,134,False,24.04089095744681
16,79,114,CulturaX,2076.40625,3,177,False,26.283623417721518
9,37,55,CulturaX,1052.09375,2,134,False,28.434966216216218
45,193,277,CulturaX,5147.125,6,306,False,26.6690414507772
13,59,81,CulturaX,1623.78125,2,134,False,27.521716101694917
20,92,129,CulturaX,2549.25,3,177,False,27.70923913043478
48,236,335,CulturaX,6338.703125,7,349,False,26.85891154661017
21,91,129,CulturaX,2362.734375,3,177,False,25.96411401098901
15,65,93,CulturaX,1647.828125,2,134,False,25.351201923076925
28,119,189,CulturaX,3292.59375,4,220,False,27.66885504201681
28,129,189,CulturaX,3258.796875,4,220,False,25.26199127906977
14,59,80,CulturaX,1615.859375,2,134,False,27.387447033898304
20,76,108,CulturaX,2074.1875,3,177,False,27.291940789473685
8,45,68,CulturaX,1205.59375,2,134,False,26.790972222222223
15,63,77,CulturaX,1547.5,2,134,False,24.563492063492063
10,44,67,CulturaX,1240.9375,2,134,False,28.203125
29,144,187,CulturaX,3807.21875,5,263,False,26.43901909722222
18,82,115,CulturaX,2191.578125,3,177,False,26.7265625
7,32,46,CulturaX,803.84375,1,91,True,25.1201171875
15,70,102,CulturaX,1972.078125,3,177,False,28.172544642857144
24,149,183,CulturaX,3471.96875,4,220,False,23.30180369127517
40,178,258,CulturaX,4742.296875,6,306,False,26.6421172752809
23,124,155,CulturaX,2652.359375,3,177,False,21.38999495967742
19,82,113,CulturaX,2164.84375,3,177,False,26.400533536585368
33,134,198,CulturaX,3486.546875,4,220,False,26.019006529850746
30,134,202,CulturaX,3595.078125,4,220,False,26.828941231343283
12,52,73,CulturaX,1439.4375,2,134,False,27.681490384615383
7,28,38,CulturaX,795.40625,1,91,True,28.407366071428573
8,33,49,CulturaX,889.5625,1,91,True,26.956439393939394
12,50,66,CulturaX,1283.328125,2,134,False,25.6665625
26,129,180,CulturaX,3529.078125,4,220,False,27.35719476744186
7,34,48,CulturaX,970.828125,2,134,False,28.553768382352942
14,66,77,CulturaX,1455.296875,2,134,False,22.049952651515152
47,206,260,CulturaX,5049.484375,6,306,False,24.512060072815533
17,77,110,CulturaX,2043.4375,3,177,False,26.538149350649352
8,37,54,CulturaX,982.609375,2,134,False,26.557010135135137
17,79,116,CulturaX,2092.109375,3,177,False,26.482397151898734
16,73,111,CulturaX,1955.40625,3,177,False,26.78638698630137
17,92,140,CulturaX,2465.78125,3,177,False,26.801970108695652
13,57,83,CulturaX,1580.265625,2,134,False,27.723958333333332
13,59,79,CulturaX,1582.359375,2,134,False,26.819650423728813
16,79,114,CulturaX,2103.21875,3,177,False,26.623022151898734
9,38,54,CulturaX,1071.0625,2,134,False,28.185855263157894
16,72,96,CulturaX,1894.703125,3,177,False,26.315321180555557
7,37,54,CulturaX,968.71875,2,134,False,26.18158783783784
19,73,110,CulturaX,2068.796875,3,177,False,28.33968321917808
13,64,95,CulturaX,1639.90625,2,134,False,25.62353515625
10,35,48,CulturaX,885.3125,1,91,True,25.294642857142858
51,234,341,CulturaX,6216.828125,7,349,False,26.56764155982906
24,98,139,CulturaX,2642.3125,3,177,False,26.962372448979593
12,61,83,CulturaX,1582.921875,2,134,False,25.94953893442623
10,45,62,CulturaX,1200.171875,2,134,False,26.67048611111111
18,74,102,CulturaX,1990.5625,3,177,False,26.899493243243242
53,213,290,CulturaX,5676.84375,7,349,False,26.651848591549296
12,56,80,CulturaX,1412.828125,2,134,False,25.229073660714285
21,91,131,CulturaX,2367.546875,3,177,False,26.016998626373628
21,94,130,CulturaX,2504.265625,3,177,False,26.641123670212767
27,122,176,CulturaX,3222.859375,4,220,False,26.41688012295082
129,606,873,CulturaX,15864.875,18,822,False,26.179661716171616
19,80,114,CulturaX,2167.828125,3,177,False,27.0978515625
10,44,68,CulturaX,1277.34375,2,134,False,29.030539772727273
8,43,64,CulturaX,1255.828125,2,134,False,29.20530523255814
9,41,59,CulturaX,1090.828125,2,134,False,26.605564024390244
14,69,101,CulturaX,1948.359375,3,177,False,28.237092391304348
20,97,142,CulturaX,2629.46875,3,177,False,27.10792525773196
20,84,116,CulturaX,2174.25,3,177,False,25.883928571428573
34,157,199,CulturaX,3928.578125,5,263,False,25.02279060509554
33,149,211,CulturaX,4005.109375,5,263,False,26.87992869127517
9,39,51,CulturaX,1077.53125,2,134,False,27.62900641025641
16,78,97,CulturaX,2013.890625,3,177,False,25.819110576923077
9,37,51,CulturaX,1102.03125,2,134,False,29.78462837837838
15,71,103,CulturaX,1862.171875,2,134,False,26.227772887323944
34,172,254,CulturaX,4500.375,5,263,False,26.16497093023256
71,364,502,CulturaX,9823.0,12,564,False,26.986263736263737
10,41,60,CulturaX,1208.140625,2,134,False,29.466844512195124
15,68,101,CulturaX,1773.25,2,134,False,26.077205882352942
12,55,83,CulturaX,1561.328125,2,134,False,28.38778409090909
9,41,61,CulturaX,1169.375,2,134,False,28.521341463414632
43,226,336,CulturaX,5905.15625,7,349,False,26.129009955752213
23,98,135,CulturaX,2489.0625,3,177,False,25.398596938775512
22,95,135,CulturaX,2584.5625,3,177,False,27.205921052631577
8,31,44,CulturaX,837.234375,1,91,True,27.007560483870968
8,35,51,CulturaX,999.484375,2,134,False,28.556696428571428
14,56,79,CulturaX,1492.46875,2,134,False,26.651227678571427
17,63,87,CulturaX,1619.578125,2,134,False,25.707589285714285
12,51,67,CulturaX,1360.671875,2,134,False,26.67984068627451
9,38,53,CulturaX,947.46875,1,91,True,24.933388157894736
21,82,108,CulturaX,2136.5,3,177,False,26.054878048780488
14,62,91,CulturaX,1677.6875,2,134,False,27.059475806451612
8,33,51,CulturaX,950.015625,1,91,True,28.788352272727273
10,43,56,CulturaX,1094.15625,2,134,False,25.445494186046513
13,53,70,CulturaX,1335.125,2,134,False,25.191037735849058
21,97,143,CulturaX,2597.765625,3,177,False,26.781088917525775
9,26,32,CulturaX,591.21875,1,91,True,22.739182692307693
9,46,65,CulturaX,1266.578125,2,134,False,27.53430706521739
44,200,283,CulturaX,5289.921875,6,306,False,26.449609375
19,86,127,CulturaX,2382.015625,3,177,False,27.697856104651162
19,87,129,CulturaX,2284.984375,3,177,False,26.264188218390803
10,46,69,CulturaX,1292.109375,2,134,False,28.089334239130434
35,170,238,CulturaX,4281.828125,5,263,False,25.187224264705883
14,53,72,CulturaX,1386.21875,2,134,False,26.15507075471698
11,54,79,CulturaX,1520.4375,2,134,False,28.15625
12,56,82,CulturaX,1549.015625,2,134,False,27.660993303571427
25,125,180,CulturaX,3524.03125,4,220,False,28.19225
24,103,140,CulturaX,2692.640625,3,177,False,26.14214199029126
13,73,110,CulturaX,2071.21875,3,177,False,28.372859589041095
12,56,78,CulturaX,1411.875,2,134,False,25.212053571428573
18,80,116,CulturaX,2139.0625,3,177,False,26.73828125
30,137,181,CulturaX,3502.53125,4,220,False,25.565921532846716
29,134,192,CulturaX,3548.078125,4,220,False,26.47819496268657
20,103,146,CulturaX,2763.453125,3,177,False,26.82964199029126
17,85,113,CulturaX,2330.703125,3,177,False,27.420036764705884
7,26,37,CulturaX,710.859375,1,91,True,27.340745192307693
11,43,62,CulturaX,1204.265625,2,134,False,28.006177325581394
13,61,84,CulturaX,1664.34375,2,134,False,27.284323770491802
10,46,66,CulturaX,1236.8125,2,134,False,26.887228260869566
96,405,560,CulturaX,10337.8125,12,564,False,25.525462962962962
27,122,177,CulturaX,3229.609375,4,220,False,26.47220799180328
33,167,250,CulturaX,4296.046875,5,263,False,25.724831586826348
8,37,53,CulturaX,934.734375,1,91,True,25.263091216216218
86,443,648,CulturaX,11503.875,14,650,False,25.9681151241535
7,35,46,CulturaX,959.78125,1,91,True,27.42232142857143
9,35,55,CulturaX,898.796875,1,91,True,25.679910714285715
26,134,201,CulturaX,3702.609375,5,263,False,27.631413246268657
9,40,54,CulturaX,1144.703125,2,134,False,28.617578125
48,242,302,CulturaX,5884.1875,7,349,False,24.31482438016529
21,86,120,CulturaX,2384.265625,3,177,False,27.724018895348838
8,41,57,CulturaX,1087.40625,2,134,False,26.522103658536587
9,44,68,CulturaX,1185.4375,2,134,False,26.941761363636363
9,45,63,CulturaX,1189.3125,2,134,False,26.429166666666667
22,90,133,CulturaX,2408.0,3,177,False,26.755555555555556
32,140,182,CulturaX,3509.09375,4,220,False,25.064955357142857
10,49,71,CulturaX,1345.53125,2,134,False,27.459821428571427
19,87,124,CulturaX,2316.953125,3,177,False,26.63164511494253
8,35,52,CulturaX,973.046875,2,134,False,27.801339285714285
23,107,157,CulturaX,2861.546875,4,220,False,26.743428738317757
37,175,231,CulturaX,4629.921875,6,306,False,26.45669642857143
12,60,85,CulturaX,1473.984375,2,134,False,24.56640625
8,34,48,CulturaX,952.40625,1,91,True,28.011948529411764
43,193,277,CulturaX,5331.46875,6,306,False,27.624190414507773
21,102,145,CulturaX,2756.015625,4,220,False,27.019761029411764
16,70,94,CulturaX,1767.109375,2,134,False,25.244419642857142
15,70,101,CulturaX,1868.046875,2,134,False,26.686383928571427
9,38,56,CulturaX,1128.0625,2,134,False,29.685855263157894
16,74,108,CulturaX,2033.328125,3,177,False,27.477407094594593
46,191,269,CulturaX,4915.65625,6,306,False,25.736420157068064
8,30,40,CulturaX,772.75,1,91,True,25.758333333333333
41,175,238,CulturaX,4507.484375,6,306,False,25.75705357142857
13,55,90,CulturaX,1553.296875,2,134,False,28.241761363636364
16,80,125,CulturaX,2173.3125,3,177,False,27.16640625
36,166,244,CulturaX,4251.5625,5,263,False,25.611822289156628
9,53,83,CulturaX,1512.421875,2,134,False,28.53626179245283
22,98,140,CulturaX,2627.640625,4,220,False,26.812659438775512
7,25,38,CulturaX,770.078125,1,91,True,30.803125
9,40,54,CulturaX,1008.40625,2,134,False,25.21015625
16,74,108,CulturaX,1983.578125,3,177,False,26.8051097972973
17,71,103,CulturaX,1967.0,3,177,False,27.704225352112676
21,89,119,CulturaX,2461.640625,3,177,False,27.65888342696629
7,31,42,CulturaX,749.984375,1,91,True,24.193044354838708
7,27,38,CulturaX,669.40625,1,91,True,24.792824074074073
7,29,49,CulturaX,802.484375,1,91,True,27.671875
39,197,265,CulturaX,4859.984375,6,306,False,24.669971446700508
22,97,136,CulturaX,2703.15625,3,177,False,27.867590206185568
11,46,68,CulturaX,1365.28125,2,134,False,29.680027173913043
10,40,53,CulturaX,1028.671875,2,134,False,25.716796875
28,117,164,CulturaX,3153.609375,4,220,False,26.95392628205128
9,32,42,CulturaX,851.375,1,91,True,26.60546875
29,127,179,CulturaX,3465.65625,4,220,False,27.288631889763778
8,34,51,CulturaX,847.46875,1,91,True,24.925551470588236
12,62,87,CulturaX,1684.59375,2,134,False,27.170866935483872
16,61,83,CulturaX,1696.078125,2,134,False,27.80455942622951
19,94,122,CulturaX,2311.4375,3,177,False,24.58976063829787
10,43,65,CulturaX,1230.984375,2,134,False,28.627543604651162
11,43,62,CulturaX,1122.8125,2,134,False,26.111918604651162
7,34,47,CulturaX,883.84375,1,91,True,25.995404411764707
21,89,124,CulturaX,2224.703125,3,177,False,24.996664325842698
22,89,126,CulturaX,2415.75,3,177,False,27.14325842696629
21,109,166,CulturaX,2937.828125,4,220,False,26.95255160550459
24,119,181,CulturaX,3294.78125,4,220,False,27.687237394957982
19,87,125,CulturaX,2335.34375,3,177,False,26.843031609195403
39,161,228,CulturaX,4199.75,5,263,False,26.085403726708076
19,86,120,CulturaX,2429.9375,3,177,False,28.255087209302324
8,32,48,CulturaX,845.40625,1,91,True,26.4189453125
20,107,160,CulturaX,2849.125,4,220,False,26.627336448598133
9,40,54,CulturaX,1049.34375,2,134,False,26.23359375
22,95,134,CulturaX,2436.375,3,177,False,25.646052631578947
8,39,53,CulturaX,994.265625,2,134,False,25.493990384615383
18,85,123,CulturaX,2263.65625,3,177,False,26.63125
8,38,62,CulturaX,1089.890625,2,134,False,28.681332236842106
7,35,46,CulturaX,867.140625,1,91,True,24.775446428571428
8,25,39,CulturaX,644.734375,1,91,True,25.789375
8,33,46,CulturaX,860.25,1,91,True,26.068181818181817
26,110,156,CulturaX,2980.953125,4,220,False,27.099573863636362
8,40,54,CulturaX,1157.390625,2,134,False,28.934765625
19,83,124,CulturaX,2136.375,3,177,False,25.7394578313253
41,201,298,CulturaX,5296.046875,6,306,False,26.348491915422887
16,68,93,CulturaX,1810.90625,3,177,False,26.630974264705884
25,117,160,CulturaX,2949.625,4,220,False,25.210470085470085
15,66,97,CulturaX,1797.0,2,134,False,27.227272727272727
31,135,188,CulturaX,3575.53125,4,220,False,26.485416666666666
17,65,91,CulturaX,1672.640625,2,134,False,25.732932692307692
65,285,403,CulturaX,7531.46875,9,435,False,26.426206140350878
23,106,146,CulturaX,2896.953125,4,220,False,27.32974646226415
14,53,74,CulturaX,1396.1875,2,134,False,26.34316037735849
19,72,96,CulturaX,1901.40625,3,177,False,26.40842013888889
13,58,82,CulturaX,1567.609375,2,134,False,27.027747844827587
25,126,191,CulturaX,3464.671875,4,220,False,27.497395833333332
21,89,127,CulturaX,2312.8125,3,177,False,25.986657303370787
14,59,90,CulturaX,1592.5625,2,134,False,26.992584745762713
7,27,39,CulturaX,776.625,1,91,True,28.76388888888889
11,53,78,CulturaX,1448.625,2,134,False,27.33254716981132
9,33,44,CulturaX,829.625,1,91,True,25.140151515151516
13,57,82,CulturaX,1594.015625,2,134,False,27.96518640350877
11,49,71,CulturaX,1362.84375,2,134,False,27.81313775510204
16,89,127,CulturaX,2437.90625,3,177,False,27.392205056179776
10,60,71,CulturaX,1370.34375,2,134,False,22.8390625
19,81,125,CulturaX,2267.359375,3,177,False,27.992091049382715
13,53,81,CulturaX,1479.3125,2,134,False,27.911556603773583
9,26,32,CulturaX,592.15625,1,91,True,22.775240384615383
9,47,67,CulturaX,1204.8125,2,134,False,25.6343085106383
14,60,80,CulturaX,1560.640625,2,134,False,26.010677083333334
25,111,155,CulturaX,2954.484375,4,220,False,26.61697635135135
8,33,49,CulturaX,901.734375,1,91,True,27.32528409090909
35,160,220,CulturaX,4286.359375,5,263,False,26.78974609375
18,76,112,CulturaX,2123.328125,3,177,False,27.938527960526315
47,225,323,CulturaX,6063.453125,7,349,False,26.948680555555555
21,81,101,CulturaX,2000.8125,3,177,False,24.70138888888889
17,72,107,CulturaX,2062.4375,3,177,False,28.64496527777778
17,75,107,CulturaX,1926.296875,3,177,False,25.683958333333333
39,169,230,CulturaX,4579.828125,5,263,False,27.09957470414201
10,39,58,CulturaX,1045.671875,2,134,False,26.812099358974358
10,51,72,CulturaX,1377.875,2,134,False,27.017156862745097
13,55,76,CulturaX,1525.484375,2,134,False,27.736079545454544
16,88,127,CulturaX,2343.453125,3,177,False,26.630149147727273
19,78,115,CulturaX,2087.703125,3,177,False,26.76542467948718
8,50,77,CulturaX,1342.890625,2,134,False,26.8578125
12,45,64,CulturaX,1185.421875,2,134,False,26.342708333333334
13,45,66,CulturaX,1185.296875,2,134,False,26.339930555555554
7,26,36,CulturaX,643.375,1,91,True,24.745192307692307
9,49,75,CulturaX,1253.546875,2,134,False,25.582589285714285
15,66,90,CulturaX,1622.078125,2,134,False,24.57694128787879
21,101,140,CulturaX,2732.8125,3,177,False,27.057549504950494
13,62,90,CulturaX,1605.25,2,134,False,25.891129032258064
10,41,55,CulturaX,1012.0,2,134,False,24.682926829268293
12,64,96,CulturaX,1843.8125,2,134,False,28.8095703125
13,61,88,CulturaX,1606.390625,2,134,False,26.334272540983605
25,106,148,CulturaX,2867.375,4,220,False,27.05070754716981
14,58,85,CulturaX,1548.625,2,134,False,26.700431034482758
12,53,74,CulturaX,1393.5625,2,134,False,26.2936320754717
12,56,84,CulturaX,1460.84375,2,134,False,26.086495535714285
12,43,61,CulturaX,1157.359375,2,134,False,26.915334302325583
9,44,66,CulturaX,1247.078125,2,134,False,28.34268465909091
7,28,36,CulturaX,772.265625,1,91,True,27.580915178571427
10,42,62,CulturaX,1171.03125,2,134,False,27.881696428571427
32,143,212,CulturaX,3755.984375,4,220,False,26.265625
14,59,78,CulturaX,1512.203125,2,134,False,25.630561440677965
12,53,80,CulturaX,1529.34375,2,134,False,28.85554245283019
23,110,148,CulturaX,2893.765625,4,220,False,26.30696022727273
26,112,161,CulturaX,3092.046875,4,220,False,27.607561383928573
23,108,155,CulturaX,2936.640625,4,220,False,27.19111689814815
8,29,42,CulturaX,820.1875,1,91,True,28.282327586206897
11,49,64,CulturaX,1236.09375,2,134,False,25.226403061224488
13,55,77,CulturaX,1490.453125,2,134,False,27.099147727272726
37,165,247,CulturaX,4284.28125,5,263,False,25.96534090909091
24,110,154,CulturaX,2906.046875,4,220,False,26.418607954545454
12,60,91,CulturaX,1625.84375,2,134,False,27.097395833333334
15,65,89,CulturaX,1745.8125,2,134,False,26.858653846153846
19,81,123,CulturaX,2093.984375,3,177,False,25.851658950617285
14,50,71,CulturaX,1313.59375,2,134,False,26.271875
32,175,251,CulturaX,4542.734375,6,306,False,25.958482142857143
17,75,93,CulturaX,1928.125,3,177,False,25.708333333333332
21,89,124,CulturaX,2255.3125,3,177,False,25.340589887640448
13,53,73,CulturaX,1395.390625,2,134,False,26.328125
25,110,148,CulturaX,2960.65625,4,220,False,26.915056818181817
16,63,95,CulturaX,1734.25,2,134,False,27.52777777777778
15,57,80,CulturaX,1441.703125,2,134,False,25.293037280701753
7,31,43,CulturaX,804.1875,1,91,True,25.941532258064516
28,123,174,CulturaX,3290.625,4,220,False,26.753048780487806
39,180,249,CulturaX,4740.890625,6,306,False,26.33828125
31,135,192,CulturaX,3516.875,4,220,False,26.050925925925927
17,66,91,CulturaX,1730.28125,2,134,False,26.216382575757574
23,96,133,CulturaX,2500.34375,3,177,False,26.045247395833332
12,51,74,CulturaX,1392.53125,2,134,False,27.30453431372549
24,106,149,CulturaX,2826.453125,4,220,False,26.66465212264151
7,29,37,CulturaX,785.5625,1,91,True,27.088362068965516
10,46,65,CulturaX,1292.421875,2,134,False,28.096127717391305
18,83,111,CulturaX,2120.890625,3,177,False,25.55289909638554
29,134,200,CulturaX,3585.625,4,220,False,26.75839552238806
14,76,113,CulturaX,2136.234375,3,177,False,28.108347039473685
24,103,150,CulturaX,2713.453125,3,177,False,26.34420509708738
32,132,184,CulturaX,3485.71875,4,220,False,26.406960227272727
18,73,101,CulturaX,1979.8125,3,177,False,27.12071917808219
19,86,123,CulturaX,2361.8125,3,177,False,27.46293604651163
8,34,51,CulturaX,1005.828125,2,134,False,29.583180147058822
25,113,161,CulturaX,3091.953125,4,220,False,27.36241703539823
19,72,93,CulturaX,1930.171875,3,177,False,26.807942708333332
8,43,62,CulturaX,1163.5,2,134,False,27.058139534883722
13,89,111,CulturaX,2073.34375,3,177,False,23.295997191011235
39,151,219,CulturaX,4240.765625,5,263,False,28.084540562913908
13,56,80,CulturaX,1541.734375,2,134,False,27.530970982142858
15,65,97,CulturaX,1690.921875,2,134,False,26.014182692307692
32,145,208,CulturaX,3838.34375,5,263,False,26.471336206896552
10,45,69,CulturaX,1262.375,2,134,False,28.052777777777777
17,75,110,CulturaX,2022.09375,3,177,False,26.96125
21,90,125,CulturaX,2376.609375,3,177,False,26.406770833333333
12,54,75,CulturaX,1405.140625,2,134,False,26.021122685185187
15,62,90,CulturaX,1721.34375,2,134,False,27.76360887096774
18,76,101,CulturaX,1932.265625,3,177,False,25.42454769736842
7,30,40,CulturaX,770.0,1,91,True,25.666666666666668
12,66,98,CulturaX,1822.6875,2,134,False,27.616477272727273
14,65,94,CulturaX,1692.984375,2,134,False,26.04591346153846
8,36,45,CulturaX,973.234375,2,134,False,27.034288194444443
10,43,56,CulturaX,1039.90625,2,134,False,24.18386627906977
10,40,57,CulturaX,1129.703125,2,134,False,28.242578125
21,84,116,CulturaX,2229.421875,3,177,False,26.540736607142858
40,178,250,CulturaX,4696.09375,6,306,False,26.38254915730337
18,79,116,CulturaX,2021.5625,3,177,False,25.589398734177216
8,32,46,CulturaX,855.0,1,91,True,26.71875
28,118,161,CulturaX,3144.75,4,220,False,26.65042372881356
13,66,91,CulturaX,1865.21875,3,177,False,28.260890151515152
20,98,143,CulturaX,2780.265625,4,220,False,28.370057397959183
10,49,73,CulturaX,1248.96875,2,134,False,25.489158163265305
7,36,52,CulturaX,983.84375,2,134,False,27.328993055555557
31,150,208,CulturaX,3950.859375,5,263,False,26.3390625
14,52,74,CulturaX,1442.90625,2,134,False,27.748197115384617
30,122,175,CulturaX,3247.609375,4,220,False,26.619748975409838
7,32,50,CulturaX,858.6875,1,91,True,26.833984375
8,35,47,CulturaX,934.671875,1,91,True,26.704910714285713
18,65,100,CulturaX,1873.40625,3,177,False,28.821634615384614
10,48,67,CulturaX,1334.453125,2,134,False,27.801106770833332
7,26,36,CulturaX,692.953125,1,91,True,26.65204326923077
13,49,69,CulturaX,1274.15625,2,134,False,26.003188775510203
23,96,126,CulturaX,2467.390625,3,177,False,25.701985677083332
7,32,42,CulturaX,792.328125,1,91,True,24.76025390625
10,49,78,CulturaX,1440.890625,2,134,False,29.40593112244898
9,40,55,CulturaX,1065.640625,2,134,False,26.641015625
22,98,147,CulturaX,2725.203125,3,177,False,27.808195153061224
19,84,121,CulturaX,2243.140625,3,177,False,26.70405505952381
29,129,175,CulturaX,3426.09375,4,220,False,26.55886627906977
57,278,395,CulturaX,7537.40625,9,435,False,27.112972122302157
13,55,79,CulturaX,1523.5,2,134,False,27.7
18,77,107,CulturaX,2024.109375,3,177,False,26.28713474025974
11,39,52,CulturaX,1042.34375,2,134,False,26.72676282051282
25,104,142,CulturaX,2688.984375,3,177,False,25.855618990384617
10,48,67,CulturaX,1383.65625,2,134,False,28.826171875
13,61,83,CulturaX,1608.734375,2,134,False,26.372694672131146
10,37,53,CulturaX,1030.890625,2,134,False,27.861908783783782
18,75,99,CulturaX,1851.125,2,134,False,24.68166666666667
14,56,71,CulturaX,1478.265625,2,134,False,26.397600446428573
11,53,74,CulturaX,1370.515625,2,134,False,25.85878537735849
11,40,55,CulturaX,1029.0625,2,134,False,25.7265625
38,173,244,CulturaX,4583.78125,5,263,False,26.495845375722542
19,88,111,CulturaX,2196.171875,3,177,False,24.956498579545453
21,94,123,CulturaX,2494.09375,3,177,False,26.532912234042552
9,40,56,CulturaX,1058.890625,2,134,False,26.472265625
37,196,283,CulturaX,5263.5625,7,349,False,26.854910714285715
10,43,58,CulturaX,1145.125,2,134,False,26.63081395348837
19,76,104,CulturaX,2156.46875,3,177,False,28.374588815789473
11,43,61,CulturaX,1108.421875,2,134,False,25.777252906976745
10,49,75,CulturaX,1262.890625,2,134,False,25.773278061224488
16,70,99,CulturaX,1769.640625,2,134,False,25.280580357142856
23,108,149,CulturaX,2785.75,4,220,False,25.79398148148148
24,98,133,CulturaX,2416.421875,3,177,False,24.657366071428573
16,62,86,CulturaX,1681.390625,2,134,False,27.11920362903226
8,33,47,CulturaX,879.0625,1,91,True,26.638257575757574
15,76,111,CulturaX,1937.4375,3,177,False,25.492598684210527
19,81,109,CulturaX,2109.84375,3,177,False,26.047453703703702
52,230,321,CulturaX,6147.578125,7,349,False,26.72860054347826
42,188,264,CulturaX,5033.015625,6,306,False,26.77135970744681
15,68,94,CulturaX,1717.765625,2,134,False,25.26125919117647
11,48,68,CulturaX,1250.984375,2,134,False,26.062174479166668
16,66,93,CulturaX,1703.75,2,134,False,25.814393939393938
24,114,155,CulturaX,3059.328125,4,220,False,26.836211622807017
24,119,175,CulturaX,3206.078125,4,220,False,26.941832983193276
23,98,139,CulturaX,2511.28125,3,177,False,25.62531887755102
13,65,99,CulturaX,1854.1875,2,134,False,28.525961538461537
6,28,40,CulturaX,773.921875,1,91,True,27.640066964285715
10,45,66,CulturaX,1280.796875,2,134,False,28.462152777777778
33,127,181,CulturaX,3508.890625,4,220,False,27.629060039370078
16,76,112,CulturaX,2085.6875,3,177,False,27.44325657894737
15,73,102,CulturaX,1932.4375,3,177,False,26.471746575342465
28,128,165,CulturaX,3439.671875,4,220,False,26.8724365234375
39,180,249,CulturaX,4755.84375,6,306,False,26.421354166666667
14,65,89,CulturaX,1770.984375,2,134,False,27.24591346153846
16,63,92,CulturaX,1735.59375,2,134,False,27.549107142857142
16,91,119,CulturaX,2127.53125,3,177,False,23.379464285714285
14,56,83,CulturaX,1570.96875,2,134,False,28.053013392857142
17,72,95,CulturaX,1933.921875,3,177,False,26.860026041666668
19,87,131,CulturaX,2490.1875,3,177,False,28.622844827586206
10,51,76,CulturaX,1253.015625,2,134,False,24.568933823529413
17,73,109,CulturaX,1933.875,2,134,False,26.491438356164384
22,104,144,CulturaX,2855.546875,4,220,False,27.457181490384617
10,41,58,CulturaX,1113.9375,2,134,False,27.16920731707317
26,118,169,CulturaX,3250.171875,4,220,False,27.543829449152543
19,76,109,CulturaX,2147.65625,3,177,False,28.25863486842105
28,128,180,CulturaX,3557.171875,4,220,False,27.7904052734375
7,29,37,CulturaX,749.125,1,91,True,25.83189655172414
23,93,138,CulturaX,2584.234375,3,177,False,27.787466397849464
8,41,55,CulturaX,968.890625,2,134,False,23.631478658536587
21,96,141,CulturaX,2541.546875,3,177,False,26.474446614583332
14,62,88,CulturaX,1694.59375,2,134,False,27.332157258064516
7,29,40,CulturaX,782.03125,1,91,True,26.966594827586206
8,30,45,CulturaX,802.1875,1,91,True,26.739583333333332
8,32,45,CulturaX,847.78125,1,91,True,26.4931640625
9,40,61,CulturaX,1167.640625,2,134,False,29.191015625
76,338,485,CulturaX,9057.828125,10,478,False,26.79830806213018
13,45,67,CulturaX,1240.15625,2,134,False,27.55902777777778
13,71,113,CulturaX,1902.40625,2,134,False,26.794454225352112
18,75,109,CulturaX,2111.796875,3,177,False,28.157291666666666
7,29,41,CulturaX,730.28125,1,91,True,25.182112068965516
10,47,69,CulturaX,1271.90625,2,134,False,27.06183510638298
15,56,81,CulturaX,1532.703125,2,134,False,27.369698660714285
32,130,170,CulturaX,3330.015625,4,220,False,25.615504807692307
19,72,100,CulturaX,1958.5625,3,177,False,27.202256944444443
37,165,223,CulturaX,4315.15625,5,263,False,26.15246212121212
13,47,68,CulturaX,1244.25,2,134,False,26.47340425531915
93,455,640,CulturaX,12279.40625,14,650,False,26.987706043956045
18,86,119,CulturaX,2301.890625,3,177,False,26.766170058139537
27,105,134,CulturaX,2717.578125,3,177,False,25.881696428571427
9,33,42,CulturaX,809.9375,1,91,True,24.543560606060606
41,188,268,CulturaX,5056.359375,6,306,False,26.89552859042553
15,68,89,CulturaX,1753.984375,3,177,False,25.793887867647058
7,33,46,CulturaX,945.390625,1,91,True,28.648200757575758
17,84,118,CulturaX,2214.5,3,177,False,26.363095238095237
26,134,194,CulturaX,3611.328125,4,220,False,26.950209888059703
7,33,44,CulturaX,883.234375,1,91,True,26.76467803030303
12,50,73,CulturaX,1450.25,2,134,False,29.005
31,147,222,CulturaX,3832.34375,5,263,False,26.070365646258505
23,99,140,CulturaX,2714.265625,3,177,False,27.416824494949495
8,46,67,CulturaX,1336.09375,2,134,False,29.045516304347824
10,48,67,CulturaX,1338.859375,2,134,False,27.892903645833332
31,158,218,CulturaX,3946.765625,5,263,False,24.9795292721519
9,38,60,CulturaX,1046.671875,2,134,False,27.543996710526315
8,32,46,CulturaX,825.453125,1,91,True,25.79541015625
8,41,63,CulturaX,1269.21875,2,134,False,30.95655487804878
15,59,89,CulturaX,1640.28125,2,134,False,27.80137711864407
17,62,92,CulturaX,1720.203125,2,134,False,27.745211693548388
13,54,77,CulturaX,1466.640625,2,134,False,27.160011574074073
14,67,99,CulturaX,1798.046875,2,134,False,26.83652052238806
9,36,53,CulturaX,931.421875,1,91,True,25.87282986111111
17,62,84,CulturaX,1599.953125,2,134,False,25.805695564516128
9,32,45,CulturaX,855.875,1,91,True,26.74609375
37,147,211,CulturaX,4014.5625,5,263,False,27.309948979591837
19,96,130,CulturaX,2580.421875,3,177,False,26.87939453125
9,36,50,CulturaX,976.515625,2,134,False,27.12543402777778
9,32,45,CulturaX,890.625,1,91,True,27.83203125
25,120,164,CulturaX,3010.125,4,220,False,25.084375
8,34,50,CulturaX,921.703125,1,91,True,27.10891544117647
15,67,86,CulturaX,1854.359375,2,134,False,27.677005597014926
8,33,44,CulturaX,796.515625,1,91,True,24.13683712121212
17,78,110,CulturaX,2094.90625,3,177,False,26.857772435897434
13,32,41,CulturaX,733.203125,1,91,True,22.91259765625
13,59,85,CulturaX,1613.359375,2,134,False,27.345074152542374
8,32,46,CulturaX,849.703125,1,91,True,26.55322265625
10,44,63,CulturaX,1207.90625,2,134,False,27.452414772727273
9,41,57,CulturaX,1161.203125,2,134,False,28.32202743902439
14,55,82,CulturaX,1614.53125,2,134,False,29.355113636363637
7,27,38,CulturaX,799.671875,1,91,True,29.61747685185185
16,67,93,CulturaX,1839.078125,2,134,False,27.44892723880597
8,33,43,CulturaX,815.6875,1,91,True,24.71780303030303
7,30,42,CulturaX,785.109375,1,91,True,26.1703125
23,100,139,CulturaX,2726.0625,4,220,False,27.260625
7,36,52,CulturaX,997.96875,2,134,False,27.721354166666668
14,59,85,CulturaX,1608.828125,2,134,False,27.268273305084747
9,32,47,CulturaX,889.515625,1,91,True,27.79736328125
14,60,83,CulturaX,1531.765625,2,134,False,25.529427083333335
9,39,59,CulturaX,1050.109375,2,134,False,26.92588141025641
7,31,49,CulturaX,855.59375,1,91,True,27.599798387096776
15,65,94,CulturaX,1737.734375,2,134,False,26.734375
16,70,97,CulturaX,1786.359375,2,134,False,25.519419642857144
19,89,121,CulturaX,2258.953125,3,177,False,25.381495786516854
21,85,117,CulturaX,2224.28125,3,177,False,26.168014705882353
17,70,102,CulturaX,1777.109375,2,134,False,25.387276785714285
22,93,134,CulturaX,2505.15625,3,177,False,26.937163978494624
30,122,167,CulturaX,3127.171875,4,220,False,25.632556352459016
21,97,144,CulturaX,2542.46875,3,177,False,26.211018041237114
10,38,55,CulturaX,1087.578125,2,134,False,28.62047697368421
22,89,121,CulturaX,2236.484375,3,177,False,25.129037921348313
7,34,45,CulturaX,929.5625,1,91,True,27.340073529411764
13,58,88,CulturaX,1567.984375,2,134,False,27.034213362068964
8,30,44,CulturaX,882.453125,1,91,True,29.415104166666666
7,36,49,CulturaX,938.75,1,91,True,26.07638888888889
11,49,71,CulturaX,1390.609375,2,134,False,28.379783163265305
17,70,99,CulturaX,1857.796875,3,177,False,26.53995535714286
9,32,46,CulturaX,876.9375,1,91,True,27.404296875
21,93,126,CulturaX,2483.421875,3,177,False,26.703461021505376
9,34,46,CulturaX,866.34375,1,91,True,25.480698529411764
8,41,65,CulturaX,1113.65625,2,134,False,27.16234756097561
17,93,135,CulturaX,2681.171875,3,177,False,28.82980510752688
6,26,37,CulturaX,728.625,1,91,True,28.02403846153846
8,38,53,CulturaX,1085.09375,2,134,False,28.555098684210527
32,154,210,CulturaX,4064.59375,5,263,False,26.39346590909091
22,91,126,CulturaX,2397.5625,3,177,False,26.34684065934066
9,40,65,CulturaX,919.515625,1,91,True,22.987890625
17,70,94,CulturaX,1841.6875,2,134,False,26.30982142857143
7,35,52,CulturaX,937.53125,1,91,True,26.786607142857143
11,49,68,CulturaX,1359.625,2,134,False,27.747448979591837
45,188,277,CulturaX,4877.75,6,306,False,25.945478723404257
12,56,79,CulturaX,1471.203125,2,134,False,26.271484375
19,85,120,CulturaX,2208.921875,3,177,False,25.98731617647059
9,37,49,CulturaX,826.4375,1,91,True,22.33614864864865
20,78,105,CulturaX,2032.65625,3,177,False,26.059695512820515
26,113,157,CulturaX,3004.5625,4,220,False,26.58904867256637
8,33,45,CulturaX,783.78125,1,91,True,23.75094696969697
8,38,53,CulturaX,1040.3125,2,134,False,27.376644736842106
12,55,73,CulturaX,1484.53125,2,134,False,26.991477272727273
10,51,64,CulturaX,1218.09375,2,134,False,23.884191176470587
37,188,235,CulturaX,4610.875,6,306,False,24.52593085106383
34,153,222,CulturaX,4276.984375,5,263,False,27.954146241830067
33,172,247,CulturaX,4672.0625,6,306,False,27.16315406976744
7,30,41,CulturaX,768.21875,1,91,True,25.607291666666665
8,32,42,CulturaX,823.609375,1,91,True,25.73779296875
26,124,174,CulturaX,3393.265625,4,220,False,27.365045362903224
13,45,61,CulturaX,1267.0625,2,134,False,28.156944444444445
12,52,81,CulturaX,1366.28125,2,134,False,26.274639423076923
31,136,202,CulturaX,3676.0625,4,220,False,27.029871323529413
9,48,65,CulturaX,1163.0625,2,134,False,24.23046875
20,96,137,CulturaX,2687.109375,3,177,False,27.99072265625
22,100,135,CulturaX,2693.375,3,177,False,26.93375
10,43,62,CulturaX,1178.296875,2,134,False,27.402252906976745
7,42,66,CulturaX,1076.609375,2,134,False,25.633556547619047
29,127,181,CulturaX,3497.625,4,220,False,27.540354330708663
14,63,89,CulturaX,1641.375,2,134,False,26.053571428571427
13,57,81,CulturaX,1354.15625,2,134,False,23.757127192982455
21,82,119,CulturaX,2210.703125,3,177,False,26.959794207317074
15,60,86,CulturaX,1666.921875,2,134,False,27.78203125
18,85,127,CulturaX,2230.078125,3,177,False,26.236213235294116
16,65,93,CulturaX,1760.1875,2,134,False,27.079807692307693
42,210,308,CulturaX,5702.5625,7,349,False,27.155059523809523
24,103,143,CulturaX,2707.078125,3,177,False,26.282311893203882
30,145,205,CulturaX,4036.234375,5,263,False,27.836099137931033
21,98,146,CulturaX,2777.796875,4,220,False,28.344866071428573
11,46,65,CulturaX,1260.8125,2,134,False,27.408967391304348
7,26,37,CulturaX,723.96875,1,91,True,27.844951923076923
13,50,68,CulturaX,1387.484375,2,134,False,27.7496875
15,58,78,CulturaX,1489.609375,2,134,False,25.68292025862069
8,35,41,CulturaX,756.421875,1,91,True,21.61205357142857
47,219,301,CulturaX,5708.9375,7,349,False,26.068207762557076
7,26,37,CulturaX,676.9375,1,91,True,26.036057692307693
17,87,122,CulturaX,2270.046875,3,177,False,26.092492816091955
86,390,549,CulturaX,10025.09375,11,521,False,25.70536858974359
8,27,38,CulturaX,764.484375,1,91,True,28.31423611111111
8,38,55,CulturaX,938.5625,1,91,True,24.699013157894736
14,63,87,CulturaX,1770.15625,2,134,False,28.097718253968253
13,50,73,CulturaX,1310.46875,2,134,False,26.209375
11,47,67,CulturaX,1285.71875,2,134,False,27.355718085106382
20,91,129,CulturaX,2376.609375,3,177,False,26.11658653846154
10,44,62,CulturaX,1204.28125,2,134,False,27.37002840909091
22,97,141,CulturaX,2578.09375,3,177,False,26.578286082474225
11,48,63,CulturaX,1281.1875,2,134,False,26.69140625
12,57,86,CulturaX,1559.59375,2,134,False,27.361293859649123
15,69,96,CulturaX,1850.875,3,177,False,26.82427536231884
28,134,185,CulturaX,3544.984375,4,220,False,26.455107276119403
22,111,147,CulturaX,2506.78125,3,177,False,22.583614864864863
12,54,76,CulturaX,1456.65625,2,134,False,26.97511574074074
12,62,83,CulturaX,1586.25,2,134,False,25.58467741935484
11,56,83,CulturaX,1540.703125,2,134,False,27.512555803571427
42,183,259,CulturaX,4847.921875,6,306,False,26.491376366120218
12,49,71,CulturaX,1323.109375,2,134,False,27.002232142857142
16,76,106,CulturaX,1982.1875,3,177,False,26.08141447368421
28,131,205,CulturaX,3573.3125,4,220,False,27.27719465648855
13,63,88,CulturaX,1737.96875,2,134,False,27.586805555555557
7,29,42,CulturaX,807.59375,1,91,True,27.848060344827587
22,105,152,CulturaX,2757.875,4,220,False,26.26547619047619
48,228,303,CulturaX,6168.546875,7,349,False,27.05503015350877
14,62,81,CulturaX,1600.890625,2,134,False,25.820816532258064
24,118,170,CulturaX,3046.5625,4,220,False,25.81832627118644
9,36,49,CulturaX,948.796875,1,91,True,26.35546875
7,30,43,CulturaX,835.375,1,91,True,27.845833333333335
12,54,81,CulturaX,1463.15625,2,134,False,27.09548611111111
15,61,86,CulturaX,1666.328125,2,134,False,27.31685450819672
13,62,86,CulturaX,1630.046875,2,134,False,26.29107862903226
7,25,36,CulturaX,685.8125,1,91,True,27.4325
8,36,52,CulturaX,975.359375,2,134,False,27.09331597222222
22,111,162,CulturaX,3054.71875,4,220,False,27.51998873873874
9,37,52,CulturaX,1014.328125,2,134,False,27.41427364864865
13,54,79,CulturaX,1438.65625,2,134,False,26.64178240740741
20,97,143,CulturaX,2548.40625,3,177,False,26.2722293814433
7,31,44,CulturaX,833.8125,1,91,True,26.89717741935484
9,39,54,CulturaX,1048.796875,2,134,False,26.892227564102566
9,37,49,CulturaX,904.453125,1,91,True,24.444679054054053
7,25,35,CulturaX,709.265625,1,91,True,28.370625
11,56,85,CulturaX,1415.3125,2,134,False,25.2734375
15,67,97,CulturaX,1832.890625,2,134,False,27.356576492537314
18,73,106,CulturaX,1915.703125,3,177,False,26.242508561643834
11,54,82,CulturaX,1517.796875,2,134,False,28.107349537037038
7,27,39,CulturaX,735.3125,1,91,True,27.233796296296298
20,90,130,CulturaX,2426.234375,3,177,False,26.958159722222224
19,81,118,CulturaX,2145.671875,3,177,False,26.489776234567902
30,156,233,CulturaX,4212.53125,5,263,False,27.00340544871795
7,30,41,CulturaX,830.359375,1,91,True,27.678645833333334
11,40,55,CulturaX,1062.484375,2,134,False,26.562109375
8,49,56,CulturaX,1088.15625,2,134,False,22.207270408163264
8,36,46,CulturaX,964.359375,2,134,False,26.787760416666668
7,26,35,CulturaX,721.75,1,91,True,27.759615384615383
34,155,219,CulturaX,4210.015625,5,263,False,27.161391129032257
9,31,43,CulturaX,833.890625,1,91,True,26.89969758064516
46,212,300,CulturaX,5676.015625,7,349,False,26.773658608490567
15,68,94,CulturaX,1671.578125,2,134,False,24.58203125
23,100,142,CulturaX,2886.234375,4,220,False,28.86234375
26,121,170,CulturaX,3339.734375,4,220,False,27.60111053719008
11,52,78,CulturaX,1394.90625,2,134,False,26.825120192307693
12,59,80,CulturaX,1503.3125,2,134,False,25.47987288135593
8,37,53,CulturaX,1019.0625,2,134,False,27.54222972972973
15,83,122,CulturaX,2220.3125,3,177,False,26.750753012048193
11,50,69,CulturaX,1252.640625,2,134,False,25.0528125
28,164,201,CulturaX,3746.109375,5,263,False,22.842130335365855
11,62,93,CulturaX,1725.5625,2,134,False,27.831653225806452
9,41,65,CulturaX,1089.234375,2,134,False,26.56669207317073
25,131,194,CulturaX,3654.609375,4,220,False,27.89778148854962
19,87,123,CulturaX,2261.75,3,177,False,25.99712643678161
17,77,95,CulturaX,1822.546875,2,134,False,23.669439935064936
19,86,126,CulturaX,2432.375,3,177,False,28.28343023255814
7,35,49,CulturaX,999.234375,2,134,False,28.54955357142857
35,164,233,CulturaX,4349.6875,5,263,False,26.522484756097562
13,64,94,CulturaX,1711.75,2,134,False,26.74609375
8,32,44,CulturaX,894.0,1,91,True,27.9375
26,116,160,CulturaX,3129.4375,4,220,False,26.97790948275862
10,43,61,CulturaX,1165.140625,2,134,False,27.096293604651162
22,99,145,CulturaX,2712.109375,3,177,False,27.39504419191919
8,78,108,CulturaX,2068.4375,3,177,False,26.518429487179485
14,65,82,CulturaX,1504.390625,2,134,False,23.144471153846155
7,27,35,CulturaX,705.203125,1,91,True,26.11863425925926
20,80,111,CulturaX,2013.359375,3,177,False,25.1669921875
11,47,69,CulturaX,1320.53125,2,134,False,28.096409574468087
16,78,105,CulturaX,1992.859375,3,177,False,25.549479166666668
32,152,211,CulturaX,3778.484375,4,220,False,24.858449835526315
9,35,44,CulturaX,908.390625,1,91,True,25.95401785714286
9,35,48,CulturaX,957.546875,1,91,True,27.35848214285714
14,58,82,CulturaX,1599.296875,2,134,False,27.57408405172414
13,56,77,CulturaX,1550.65625,2,134,False,27.690290178571427
17,72,110,CulturaX,1903.703125,3,177,False,26.440321180555557
10,45,60,CulturaX,1105.4375,2,134,False,24.565277777777776
12,47,67,CulturaX,1306.921875,2,134,False,27.80684840425532
15,74,89,CulturaX,1735.375,2,134,False,23.451013513513512
31,144,199,CulturaX,3668.53125,5,263,False,25.475911458333332
12,49,60,CulturaX,1212.5625,2,134,False,24.746173469387756
30,137,199,CulturaX,3692.765625,4,220,False,26.954493613138688
17,72,96,CulturaX,1916.109375,3,177,False,26.612630208333332
13,50,69,CulturaX,1400.125,2,134,False,28.0025
12,46,64,CulturaX,1248.03125,2,134,False,27.13111413043478
11,50,70,CulturaX,1412.796875,2,134,False,28.2559375
20,90,131,CulturaX,2416.234375,3,177,False,26.847048611111113
23,91,127,CulturaX,2474.625,3,177,False,27.193681318681318
14,74,108,CulturaX,2031.59375,3,177,False,27.453969594594593
9,43,58,CulturaX,1101.03125,2,134,False,25.605377906976745
7,28,36,CulturaX,753.78125,1,91,True,26.920758928571427
16,73,99,CulturaX,1704.375,2,134,False,23.347602739726028
17,83,125,CulturaX,2299.328125,3,177,False,27.702748493975903
34,134,181,CulturaX,3575.15625,4,220,False,26.68027052238806
9,35,46,CulturaX,853.609375,1,91,True,24.388839285714287
67,335,393,CulturaX,7761.625,9,435,False,23.16902985074627
45,198,273,CulturaX,5037.84375,6,306,False,25.443655303030305
13,62,86,CulturaX,1554.625,2,134,False,25.074596774193548
13,63,87,CulturaX,1776.0,3,177,False,28.19047619047619
37,180,256,CulturaX,4840.9375,6,306,False,26.89409722222222
33,153,210,CulturaX,4265.84375,5,263,False,27.881331699346404
9,40,53,CulturaX,1062.15625,2,134,False,26.55390625
13,56,79,CulturaX,1539.40625,2,134,False,27.489397321428573
14,64,89,CulturaX,1650.53125,2,134,False,25.78955078125
7,28,40,CulturaX,702.453125,1,91,True,25.087611607142858
26,120,163,CulturaX,3156.875,4,220,False,26.307291666666668
15,73,113,CulturaX,2041.640625,3,177,False,27.96767979452055
13,61,86,CulturaX,1671.671875,2,134,False,27.404456967213115
45,187,264,CulturaX,4945.828125,6,306,False,26.44827874331551
53,241,337,CulturaX,6307.046875,7,349,False,26.17031898340249
7,25,34,CulturaX,642.796875,1,91,True,25.711875
12,50,73,CulturaX,1351.28125,2,134,False,27.025625
24,105,153,CulturaX,2755.34375,4,220,False,26.24136904761905
15,66,95,CulturaX,1795.5,2,134,False,27.204545454545453
38,181,259,CulturaX,4677.78125,6,306,False,25.8440953038674
19,100,127,CulturaX,2540.109375,3,177,False,25.40109375
21,96,141,CulturaX,2556.921875,3,177,False,26.634602864583332
7,22,31,CulturaX,498.515625,1,91,True,22.659801136363637
12,52,78,CulturaX,1391.921875,2,134,False,26.767728365384617
9,46,65,CulturaX,1193.421875,2,134,False,25.943953804347824
13,52,73,CulturaX,1374.140625,2,134,False,26.42578125
12,58,79,CulturaX,1545.25,2,134,False,26.642241379310345
15,61,84,CulturaX,1601.65625,2,134,False,26.256659836065573
59,286,424,CulturaX,7706.609375,9,435,False,26.946186625874127
11,50,75,CulturaX,1408.546875,2,134,False,28.1709375
21,93,137,CulturaX,2504.84375,3,177,False,26.93380376344086
8,39,56,CulturaX,1026.703125,2,134,False,26.325721153846153
28,109,152,CulturaX,2997.828125,4,220,False,27.503010321100916
14,59,82,CulturaX,1478.890625,2,134,False,25.06594279661017
9,32,45,CulturaX,830.515625,1,91,True,25.95361328125
10,44,62,CulturaX,1129.484375,2,134,False,25.670099431818183
11,60,91,CulturaX,1511.40625,2,134,False,25.190104166666668
11,49,68,CulturaX,1237.34375,2,134,False,25.251913265306122
21,89,129,CulturaX,2126.15625,3,177,False,23.88939606741573
8,41,60,CulturaX,1099.28125,2,134,False,26.81173780487805
20,89,127,CulturaX,2478.34375,3,177,False,27.846558988764045
26,101,139,CulturaX,2621.875,3,177,False,25.959158415841586
25,115,163,CulturaX,3077.328125,4,220,False,26.759375
13,50,69,CulturaX,1233.828125,2,134,False,24.6765625
12,60,82,CulturaX,1561.234375,2,134,False,26.020572916666666
7,34,45,CulturaX,858.21875,1,91,True,25.24172794117647
14,58,86,CulturaX,1561.296875,2,134,False,26.918911637931036
11,54,78,CulturaX,1453.328125,2,134,False,26.913483796296298
38,171,236,CulturaX,4448.171875,5,263,False,26.012701023391813
7,28,38,CulturaX,717.59375,1,91,True,25.628348214285715
9,41,59,CulturaX,1047.59375,2,134,False,25.55106707317073
9,35,48,CulturaX,920.171875,1,91,True,26.290625
7,27,33,CulturaX,646.921875,1,91,True,23.960069444444443
21,99,138,CulturaX,2591.671875,3,177,False,26.17850378787879
14,63,91,CulturaX,1788.703125,2,134,False,28.392113095238095
48,229,311,CulturaX,5794.609375,7,349,False,25.303971069868997
23,97,129,CulturaX,2533.453125,3,177,False,26.118073453608247
18,76,114,CulturaX,2093.375,3,177,False,27.544407894736842
7,30,47,CulturaX,832.46875,1,91,True,27.748958333333334
28,143,207,CulturaX,3886.546875,5,263,False,27.178649475524477
17,78,118,CulturaX,2071.140625,3,177,False,26.553084935897434
38,171,238,CulturaX,4647.140625,5,263,False,27.17626096491228
19,84,113,CulturaX,2204.703125,3,177,False,26.246465773809526
27,123,171,CulturaX,3318.921875,5,263,False,26.98310467479675
8,39,58,CulturaX,1033.0625,2,134,False,26.48878205128205
11,44,62,CulturaX,1194.1875,2,134,False,27.140625
36,192,287,CulturaX,5400.046875,7,349,False,28.125244140625
16,61,90,CulturaX,1662.65625,2,134,False,27.256659836065573
37,172,244,CulturaX,4594.078125,6,306,False,26.709756540697676
10,54,80,CulturaX,1511.53125,2,134,False,27.991319444444443
26,106,152,CulturaX,2971.78125,4,220,False,28.03567216981132
7,29,42,CulturaX,765.28125,1,91,True,26.389008620689655
16,68,101,CulturaX,1931.609375,3,177,False,28.406020220588236
8,32,42,CulturaX,853.59375,1,91,True,26.6748046875
11,51,70,CulturaX,1316.578125,2,134,False,25.815257352941178
12,44,57,CulturaX,1145.234375,2,134,False,26.028053977272727
32,140,194,CulturaX,3510.328125,4,220,False,25.07377232142857
15,70,88,CulturaX,1726.046875,2,134,False,24.6578125
9,44,63,CulturaX,1199.65625,2,134,False,27.264914772727273
11,47,73,CulturaX,1305.859375,2,134,False,27.784242021276597
9,42,54,CulturaX,1124.046875,2,134,False,26.763020833333332
17,73,108,CulturaX,2033.1875,3,177,False,27.851883561643834
8,27,39,CulturaX,791.671875,1,91,True,29.321180555555557
52,237,331,CulturaX,6238.6875,7,349,False,26.32357594936709
10,47,70,CulturaX,1257.28125,2,134,False,26.75066489361702
21,89,123,CulturaX,2460.1875,3,177,False,27.64255617977528
11,47,65,CulturaX,1311.578125,2,134,False,27.90591755319149
20,89,130,CulturaX,2486.21875,3,177,False,27.93504213483146
10,40,54,CulturaX,1045.78125,2,134,False,26.14453125
31,138,192,CulturaX,3594.28125,4,220,False,26.045516304347824
31,143,203,CulturaX,3855.625,5,263,False,26.962412587412587
25,119,173,CulturaX,3182.46875,4,220,False,26.743434873949578
8,33,47,CulturaX,871.53125,1,91,True,26.41003787878788
17,79,105,CulturaX,2051.40625,3,177,False,25.967167721518987
11,41,56,CulturaX,1050.296875,2,134,False,25.616996951219512
23,103,148,CulturaX,2794.078125,4,220,False,27.12697208737864
8,32,49,CulturaX,912.109375,1,91,True,28.50341796875
32,142,209,CulturaX,3787.0625,4,220,False,26.669454225352112
8,36,57,CulturaX,1015.53125,2,134,False,28.20920138888889
7,25,34,CulturaX,630.875,1,91,True,25.235
16,69,97,CulturaX,1893.0625,3,177,False,27.4356884057971
49,200,274,CulturaX,5289.34375,6,306,False,26.44671875
22,93,135,CulturaX,2534.25,3,177,False,27.25
16,81,121,CulturaX,2105.109375,3,177,False,25.98900462962963
7,34,49,CulturaX,904.96875,1,91,True,26.61672794117647
41,193,274,CulturaX,5173.0625,6,306,False,26.803432642487046
13,55,79,CulturaX,1465.640625,2,134,False,26.648011363636364
7,27,39,CulturaX,723.453125,1,91,True,26.794560185185187
15,61,84,CulturaX,1609.5625,2,134,False,26.38627049180328
13,53,80,CulturaX,1416.03125,2,134,False,26.71757075471698
20,100,120,CulturaX,2175.953125,3,177,False,21.75953125
20,91,127,CulturaX,2484.109375,3,177,False,27.29790521978022
8,37,52,CulturaX,1088.0625,2,134,False,29.407094594594593
31,135,188,CulturaX,3693.34375,5,263,False,27.358101851851853
12,48,72,CulturaX,1247.21875,2,134,False,25.983723958333332
22,86,116,CulturaX,2174.421875,3,177,False,25.283975290697676
9,52,73,CulturaX,1428.9375,2,134,False,27.479567307692307
27,132,203,CulturaX,3543.5,4,220,False,26.84469696969697
33,131,183,CulturaX,3347.28125,4,220,False,25.551765267175572
31,140,191,CulturaX,3462.59375,4,220,False,24.7328125
8,30,46,CulturaX,831.703125,1,91,True,27.7234375
19,91,129,CulturaX,2363.875,3,177,False,25.97664835164835
9,43,59,CulturaX,1174.46875,2,134,False,27.313226744186046
12,51,69,CulturaX,1398.796875,2,134,False,27.42738970588235
15,77,113,CulturaX,1967.21875,3,177,False,25.548295454545453
36,173,239,CulturaX,4562.53125,6,306,False,26.373013005780347
17,78,110,CulturaX,2114.421875,3,177,False,27.107972756410255
30,154,223,CulturaX,4007.6875,5,263,False,26.023944805194805
13,47,68,CulturaX,1269.03125,2,134,False,27.00066489361702
14,60,80,CulturaX,1627.53125,2,134,False,27.125520833333333
19,76,114,CulturaX,1951.765625,3,177,False,25.681126644736842
7,29,41,CulturaX,789.703125,1,91,True,27.23114224137931
16,78,113,CulturaX,2204.84375,3,177,False,28.267227564102566
13,70,99,CulturaX,2015.4375,3,177,False,28.791964285714286
12,44,58,CulturaX,1226.796875,2,134,False,27.88174715909091
15,65,90,CulturaX,1715.796875,2,134,False,26.396875
8,33,48,CulturaX,892.234375,1,91,True,27.037405303030305
7,36,49,CulturaX,947.15625,1,91,True,26.309895833333332
37,164,249,CulturaX,4281.6875,5,263,False,26.1078506097561
16,69,109,CulturaX,1977.375,3,177,False,28.657608695652176
7,23,31,CulturaX,674.015625,1,91,True,29.305027173913043
25,105,148,CulturaX,2798.765625,3,177,False,26.654910714285716
19,93,133,CulturaX,2296.046875,3,177,False,24.688676075268816
19,81,108,CulturaX,2032.9375,3,177,False,25.097993827160494
35,162,237,CulturaX,4360.90625,5,263,False,26.91917438271605
33,158,225,CulturaX,4013.359375,5,263,False,25.401008702531644
7,30,44,CulturaX,790.296875,1,91,True,26.343229166666667
12,52,79,CulturaX,1455.28125,2,134,False,27.986177884615383
10,46,65,CulturaX,1352.484375,2,134,False,29.401834239130434
12,57,79,CulturaX,1544.859375,2,134,False,27.10279605263158
8,32,44,CulturaX,793.296875,1,91,True,24.79052734375
26,130,189,CulturaX,3396.921875,4,220,False,26.13016826923077
41,185,261,CulturaX,5067.203125,6,306,False,27.390287162162164
33,169,243,CulturaX,4619.90625,6,306,False,27.336723372781066
64,345,475,CulturaX,9100.03125,11,521,False,26.376902173913045
17,70,95,CulturaX,1819.28125,2,134,False,25.989732142857143
7,31,48,CulturaX,883.375,1,91,True,28.495967741935484
32,153,223,CulturaX,3857.75,5,263,False,25.214052287581698
14,60,87,CulturaX,1598.796875,2,134,False,26.646614583333335
10,42,54,CulturaX,1150.328125,2,134,False,27.38876488095238
11,50,73,CulturaX,1404.46875,2,134,False,28.089375
10,43,63,CulturaX,1241.15625,2,134,False,28.8640988372093
93,413,580,CulturaX,10922.0625,13,607,False,26.44567191283293
8,34,41,CulturaX,748.359375,1,91,True,22.010569852941178
7,36,53,CulturaX,1021.890625,2,134,False,28.385850694444443
10,50,69,CulturaX,1270.484375,2,134,False,25.4096875
11,49,75,CulturaX,1448.5,2,134,False,29.56122448979592
12,50,77,CulturaX,1349.59375,2,134,False,26.991875
55,261,363,CulturaX,6802.859375,8,392,False,26.06459530651341
16,78,112,CulturaX,2194.953125,3,177,False,28.14042467948718
27,127,184,CulturaX,3415.265625,4,220,False,26.89185531496063
35,170,239,CulturaX,4653.609375,6,306,False,27.374172794117648
30,133,197,CulturaX,3523.703125,4,220,False,26.494008458646615
18,75,105,CulturaX,1953.03125,3,177,False,26.040416666666665
13,57,84,CulturaX,1498.03125,2,134,False,26.28125
13,71,107,CulturaX,1994.421875,3,177,False,28.090448943661972
44,182,247,CulturaX,4852.21875,6,306,False,26.660542582417584
7,26,38,CulturaX,757.65625,1,91,True,29.140625
17,71,98,CulturaX,1805.484375,2,134,False,25.429357394366196
9,35,50,CulturaX,974.453125,2,134,False,27.841517857142858
18,93,126,CulturaX,2248.9375,3,177,False,24.18212365591398
30,134,181,CulturaX,3433.734375,4,220,False,25.62488339552239
19,74,102,CulturaX,1980.640625,3,177,False,26.76541385135135
7,32,45,CulturaX,860.53125,1,91,True,26.8916015625
11,45,67,CulturaX,1318.953125,2,134,False,29.310069444444444
29,116,156,CulturaX,2994.40625,4,220,False,25.81384698275862
15,72,96,CulturaX,1650.5625,2,134,False,22.924479166666668
13,59,74,CulturaX,1548.5625,2,134,False,26.246822033898304
17,73,108,CulturaX,1911.640625,3,177,False,26.186857876712327
11,49,71,CulturaX,1372.796875,2,134,False,28.01626275510204
19,102,147,CulturaX,2768.140625,3,177,False,27.13863357843137
43,190,267,CulturaX,5047.4375,6,306,False,26.56546052631579
21,91,134,CulturaX,2411.4375,3,177,False,26.499313186813186
56,285,394,CulturaX,7302.421875,9,435,False,25.622532894736842
8,32,45,CulturaX,792.71875,1,91,True,24.7724609375
11,39,52,CulturaX,1081.640625,2,134,False,27.734375
9,34,49,CulturaX,884.265625,1,91,True,26.0078125
12,54,73,CulturaX,1484.25,2,134,False,27.48611111111111
11,56,78,CulturaX,1478.515625,2,134,False,26.402064732142858
28,129,184,CulturaX,3381.859375,4,220,False,26.215964147286822
13,68,95,CulturaX,1708.265625,2,134,False,25.12155330882353
12,51,67,CulturaX,1135.71875,2,134,False,22.268995098039216
9,38,54,CulturaX,1031.546875,2,134,False,27.145970394736842
20,81,110,CulturaX,2153.96875,3,177,False,26.592206790123456
24,104,149,CulturaX,2817.859375,3,177,False,27.094801682692307
9,49,75,CulturaX,1339.71875,2,134,False,27.341198979591837
11,52,73,CulturaX,1401.75,2,134,False,26.95673076923077
38,182,259,CulturaX,4991.15625,6,306,False,27.423935439560438
7,24,31,CulturaX,613.5625,1,91,True,25.565104166666668
23,107,159,CulturaX,2868.734375,4,220,False,26.81060163551402
30,158,209,CulturaX,4188.234375,5,263,False,26.5078125
8,33,46,CulturaX,890.75,1,91,True,26.992424242424242
33,155,220,CulturaX,4016.96875,5,263,False,25.915927419354837
37,159,220,CulturaX,4375.0625,5,263,False,27.51611635220126
27,118,169,CulturaX,3132.15625,4,220,False,26.543697033898304
9,44,65,CulturaX,1140.828125,2,134,False,25.927911931818183
19,83,121,CulturaX,2245.25,3,177,False,27.051204819277107
13,55,78,CulturaX,1495.046875,2,134,False,27.182670454545455
8,37,53,CulturaX,1031.875,2,134,False,27.888513513513512
8,39,57,CulturaX,1023.046875,2,134,False,26.231971153846153
21,97,135,CulturaX,2644.609375,3,177,False,27.26401417525773
14,63,84,CulturaX,1606.78125,2,134,False,25.504464285714285
14,60,88,CulturaX,1652.609375,2,134,False,27.543489583333333
9,39,57,CulturaX,1124.296875,2,134,False,28.828125
9,46,69,CulturaX,1259.546875,2,134,False,27.381453804347824
16,85,128,CulturaX,2044.59375,3,177,False,24.05404411764706
41,170,241,CulturaX,4698.421875,6,306,False,27.637775735294117
11,47,65,CulturaX,1274.453125,2,134,False,27.116023936170212
18,79,110,CulturaX,2141.921875,3,177,False,27.11293512658228
37,181,257,CulturaX,4721.359375,6,306,False,26.084858425414364
17,74,104,CulturaX,1941.734375,3,177,False,26.239653716216218
13,59,96,CulturaX,1629.390625,2,134,False,27.616790254237287
11,48,68,CulturaX,1415.203125,2,134,False,29.4833984375
12,42,59,CulturaX,1090.5625,2,134,False,25.96577380952381
32,153,216,CulturaX,4259.421875,5,263,False,27.83935866013072
37,175,260,CulturaX,4656.828125,6,306,False,26.61044642857143
33,150,214,CulturaX,3897.921875,5,263,False,25.98614583333333
13,48,64,CulturaX,1194.453125,2,134,False,24.884440104166668
8,32,47,CulturaX,867.78125,1,91,True,27.1181640625
7,32,46,CulturaX,855.53125,1,91,True,26.7353515625
8,32,40,CulturaX,802.84375,1,91,True,25.0888671875
10,38,54,CulturaX,1118.828125,2,134,False,29.442845394736842
9,37,50,CulturaX,940.203125,1,91,True,25.41089527027027
19,79,112,CulturaX,2076.84375,3,177,False,26.289161392405063
16,79,93,CulturaX,1738.203125,2,134,False,22.002571202531644
51,214,292,CulturaX,5573.03125,7,349,False,26.04220210280374
12,57,78,CulturaX,1454.6875,2,134,False,25.520833333333332
16,68,90,CulturaX,1680.421875,2,134,False,24.712086397058822
30,131,182,CulturaX,3490.21875,4,220,False,26.642891221374047
14,63,88,CulturaX,1580.859375,2,134,False,25.093005952380953
12,56,66,CulturaX,1316.203125,2,134,False,23.503627232142858
15,54,77,CulturaX,1435.328125,2,134,False,26.580150462962962
7,29,45,CulturaX,803.828125,1,91,True,27.71821120689655
26,126,181,CulturaX,3416.015625,4,220,False,27.11123511904762
13,49,64,CulturaX,1320.140625,2,134,False,26.941645408163264
19,79,111,CulturaX,2142.015625,3,177,False,27.114121835443036
23,104,146,CulturaX,2667.28125,3,177,False,25.646935096153847
18,79,117,CulturaX,2329.453125,3,177,False,29.486748417721518
26,118,173,CulturaX,3059.46875,4,220,False,25.92770127118644
12,65,96,CulturaX,1680.71875,2,134,False,25.857211538461538
38,176,245,CulturaX,4518.0625,5,263,False,25.67080965909091
11,35,47,CulturaX,851.765625,1,91,True,24.336160714285715
17,68,98,CulturaX,1921.0,3,177,False,28.25
10,38,55,CulturaX,979.328125,2,134,False,25.771792763157894
8,41,65,CulturaX,1159.46875,2,134,False,28.2797256097561
8,33,51,CulturaX,840.203125,1,91,True,25.460700757575758
11,43,66,CulturaX,1193.578125,2,134,False,27.757630813953487
30,135,194,CulturaX,3441.65625,4,220,False,25.49375
20,87,104,CulturaX,1919.046875,3,177,False,22.058010057471265
18,66,89,CulturaX,1697.609375,2,134,False,25.721354166666668
30,142,196,CulturaX,3757.953125,5,263,False,26.464458626760564
13,57,83,CulturaX,1627.859375,2,134,False,28.55893640350877
9,36,54,CulturaX,941.46875,1,91,True,26.15190972222222
20,103,154,CulturaX,2851.375,4,220,False,27.683252427184467
14,61,87,CulturaX,1593.203125,2,134,False,26.118084016393443
21,77,109,CulturaX,2133.296875,3,177,False,27.70515422077922
13,54,75,CulturaX,1382.421875,2,134,False,25.60040509259259
11,48,68,CulturaX,1278.375,2,134,False,26.6328125
13,63,96,CulturaX,1705.734375,2,134,False,27.07514880952381
11,46,62,CulturaX,1183.953125,2,134,False,25.738111413043477
12,54,74,CulturaX,1423.953125,2,134,False,26.369502314814813
10,42,64,CulturaX,1232.796875,2,134,False,29.352306547619047
24,109,162,CulturaX,2922.375,4,220,False,26.81077981651376
11,52,76,CulturaX,1458.0,2,134,False,28.03846153846154
12,45,65,CulturaX,1264.0625,2,134,False,28.09027777777778
9,40,62,CulturaX,1062.1875,2,134,False,26.5546875
12,58,86,CulturaX,1544.140625,2,134,False,26.623114224137932
8,35,44,CulturaX,923.84375,1,91,True,26.395535714285714
22,91,127,CulturaX,2358.234375,3,177,False,25.91466346153846
25,105,135,CulturaX,2630.109375,3,177,False,25.048660714285713
18,78,113,CulturaX,2074.875,3,177,False,26.60096153846154
34,163,228,CulturaX,4418.203125,6,306,False,27.10554064417178
44,175,243,CulturaX,4650.8125,6,306,False,26.576071428571428
16,62,85,CulturaX,1639.21875,2,134,False,26.439012096774192
7,39,51,CulturaX,975.75,2,134,False,25.01923076923077
18,81,113,CulturaX,1957.484375,3,177,False,24.166473765432098
38,153,215,CulturaX,4122.078125,5,263,False,26.94168709150327
10,35,49,CulturaX,923.515625,1,91,True,26.386160714285715
14,73,106,CulturaX,2090.375,3,177,False,28.63527397260274
9,36,50,CulturaX,1001.5625,2,134,False,27.821180555555557
25,104,150,CulturaX,2740.203125,4,220,False,26.348106971153847
10,40,54,CulturaX,1094.140625,2,134,False,27.353515625
8,54,71,CulturaX,1359.953125,2,134,False,25.18431712962963
27,138,192,CulturaX,3597.65625,5,263,False,26.069972826086957
27,124,177,CulturaX,3340.765625,4,220,False,26.941658266129032
8,36,52,CulturaX,984.421875,2,134,False,27.345052083333332
12,48,71,CulturaX,1279.59375,2,134,False,26.658203125
32,151,219,CulturaX,3901.296875,5,263,False,25.836403145695364
13,56,83,CulturaX,1575.921875,2,134,False,28.141462053571427
21,84,111,CulturaX,2150.03125,3,177,False,25.59561011904762
7,27,42,CulturaX,717.65625,1,91,True,26.57986111111111
7,31,45,CulturaX,871.546875,1,91,True,28.114415322580644
23,93,128,CulturaX,2443.328125,3,177,False,26.272345430107528
9,39,57,CulturaX,1078.328125,2,134,False,27.649439102564102
24,103,142,CulturaX,2664.328125,3,177,False,25.867263349514563
9,39,55,CulturaX,1163.140625,2,134,False,29.82411858974359
11,50,68,CulturaX,1289.890625,2,134,False,25.7978125
7,30,42,CulturaX,814.53125,1,91,True,27.151041666666668
8,32,42,CulturaX,835.109375,1,91,True,26.09716796875
12,54,84,CulturaX,1461.5625,2,134,False,27.06597222222222
11,58,92,CulturaX,1494.8125,2,134,False,25.77262931034483
7,25,35,CulturaX,643.34375,1,91,True,25.73375
8,35,54,CulturaX,955.53125,1,91,True,27.300892857142856
16,63,86,CulturaX,1577.84375,2,134,False,25.04513888888889
16,78,110,CulturaX,2108.34375,3,177,False,27.030048076923077
10,44,57,CulturaX,1126.453125,2,134,False,25.601207386363637
13,55,79,CulturaX,1495.578125,2,134,False,27.192329545454545
11,37,52,CulturaX,1039.375,2,134,False,28.091216216216218
18,83,118,CulturaX,2181.53125,3,177,False,26.28350903614458
17,76,114,CulturaX,2180.78125,3,177,False,28.69449013157895
19,76,104,CulturaX,2048.984375,3,177,False,26.96032072368421
9,32,47,CulturaX,906.28125,1,91,True,28.3212890625
12,50,70,CulturaX,1345.390625,2,134,False,26.9078125
16,72,96,CulturaX,1884.21875,2,134,False,26.16970486111111
21,90,119,CulturaX,2422.578125,3,177,False,26.91753472222222
23,95,126,CulturaX,2390.859375,3,177,False,25.166940789473685
28,134,174,CulturaX,3203.265625,4,220,False,23.90496735074627
7,37,60,CulturaX,1002.59375,2,134,False,27.09712837837838
15,56,76,CulturaX,1452.609375,2,134,False,25.939453125
37,168,222,CulturaX,4338.859375,5,263,False,25.826543898809526
10,44,57,CulturaX,1155.453125,2,134,False,26.260298295454547
16,63,91,CulturaX,1780.25,2,134,False,28.25793650793651
14,63,92,CulturaX,1732.296875,2,134,False,27.496775793650794
7,36,48,CulturaX,956.1875,1,91,True,26.56076388888889
9,37,52,CulturaX,1059.703125,2,134,False,28.640625
12,52,71,CulturaX,1366.359375,2,134,False,26.276141826923077
29,121,172,CulturaX,3148.46875,4,220,False,26.020402892561982
12,71,98,CulturaX,1826.421875,2,134,False,25.72425176056338
17,82,116,CulturaX,2198.359375,3,177,False,26.809260670731707
8,29,39,CulturaX,706.34375,1,91,True,24.356681034482758
15,71,100,CulturaX,1743.734375,2,134,False,24.559639084507044
11,44,67,CulturaX,1224.9375,2,134,False,27.839488636363637
14,64,88,CulturaX,1720.46875,2,134,False,26.88232421875
19,83,112,CulturaX,2127.03125,3,177,False,25.626882530120483
9,35,52,CulturaX,960.328125,2,134,False,27.43794642857143
25,117,151,CulturaX,2967.46875,4,220,False,25.36298076923077
10,49,69,CulturaX,1250.078125,2,134,False,25.511798469387756
42,214,302,CulturaX,5593.640625,7,349,False,26.138507593457945
35,167,236,CulturaX,4457.859375,6,306,False,26.69376871257485
19,75,106,CulturaX,1893.515625,2,134,False,25.246875
80,378,498,CulturaX,9381.828125,11,521,False,24.819651124338623
12,62,89,CulturaX,1737.046875,2,134,False,28.01688508064516
21,90,125,CulturaX,2467.625,3,177,False,27.418055555555554
10,41,57,CulturaX,1157.765625,2,134,False,28.238185975609756
20,85,117,CulturaX,2339.875,3,177,False,27.527941176470588
30,146,204,CulturaX,3844.109375,5,263,False,26.32951626712329
8,32,48,CulturaX,862.28125,1,91,True,26.9462890625
16,64,85,CulturaX,1701.90625,2,134,False,26.59228515625
39,170,233,CulturaX,4367.03125,5,263,False,25.688419117647058
36,190,254,CulturaX,4684.921875,6,306,False,24.65748355263158
8,34,49,CulturaX,874.390625,1,91,True,25.717371323529413
13,58,84,CulturaX,1589.625,2,134,False,27.407327586206897
20,86,130,CulturaX,2480.78125,3,177,False,28.846293604651162
10,53,73,CulturaX,1417.859375,2,134,False,26.752063679245282
22,101,146,CulturaX,2750.359375,3,177,False,27.231280940594058
9,45,65,CulturaX,1212.671875,2,134,False,26.94826388888889
11,41,56,CulturaX,1029.15625,2,134,False,25.101371951219512
7,27,36,CulturaX,738.125,1,91,True,27.337962962962962
7,28,37,CulturaX,703.6875,1,91,True,25.131696428571427
9,33,45,CulturaX,914.875,1,91,True,27.723484848484848
31,118,157,CulturaX,3174.796875,4,220,False,26.905058262711865
55,251,358,CulturaX,6523.53125,8,392,False,25.99016434262948
13,62,94,CulturaX,1686.65625,2,134,False,27.204133064516128
10,39,61,CulturaX,965.109375,2,134,False,24.74639423076923
8,33,46,CulturaX,871.65625,1,91,True,26.413825757575758
7,30,42,CulturaX,780.5,1,91,True,26.016666666666666
19,75,97,CulturaX,1962.390625,3,177,False,26.165208333333332
15,66,101,CulturaX,1827.421875,2,134,False,27.688210227272727
7,28,43,CulturaX,817.78125,1,91,True,29.206473214285715
8,34,47,CulturaX,935.140625,1,91,True,27.504136029411764
10,43,64,CulturaX,1170.671875,2,134,False,27.224927325581394
49,202,282,CulturaX,5342.140625,6,306,False,26.446240717821784
20,84,123,CulturaX,2314.734375,3,177,False,27.556361607142858
16,69,99,CulturaX,1825.78125,3,177,False,26.460597826086957
17,61,86,CulturaX,1643.515625,2,134,False,26.942879098360656
27,124,181,CulturaX,3286.71875,4,220,False,26.50579637096774
10,43,59,CulturaX,1170.59375,2,134,False,27.223110465116278
10,48,67,CulturaX,1304.1875,2,134,False,27.170572916666668
14,62,88,CulturaX,1677.25,2,134,False,27.052419354838708
11,45,68,CulturaX,1322.75,2,134,False,29.394444444444446
11,44,64,CulturaX,1165.125,2,134,False,26.480113636363637
9,37,56,CulturaX,1036.859375,2,134,False,28.02322635135135
10,33,38,CulturaX,754.65625,1,91,True,22.86837121212121
7,27,38,CulturaX,787.21875,1,91,True,29.15625
14,64,94,CulturaX,1721.9375,2,134,False,26.9052734375
17,70,95,CulturaX,1815.1875,2,134,False,25.93125
13,55,79,CulturaX,1576.015625,2,134,False,28.654829545454547
6,23,30,CulturaX,622.375,1,91,True,27.059782608695652
14,60,84,CulturaX,1654.453125,2,134,False,27.57421875
10,32,40,CulturaX,845.6875,1,91,True,26.427734375
10,46,62,CulturaX,1143.734375,2,134,False,24.863790760869566
21,104,152,CulturaX,2807.296875,4,220,False,26.993239182692307
113,465,633,CulturaX,12173.859375,14,650,False,26.180342741935483
30,134,186,CulturaX,3693.796875,5,263,False,27.565648320895523
18,77,106,CulturaX,1936.421875,3,177,False,25.148336038961038
34,173,241,CulturaX,4428.140625,5,263,False,25.596188583815028
7,29,37,CulturaX,749.484375,1,91,True,25.84428879310345
7,24,32,CulturaX,600.953125,1,91,True,25.039713541666668
9,33,40,CulturaX,815.578125,1,91,True,24.714488636363637
12,48,66,CulturaX,1245.21875,2,134,False,25.942057291666668
25,112,159,CulturaX,3015.828125,4,220,False,26.927036830357142
15,66,87,CulturaX,1703.390625,2,134,False,25.808948863636363
13,65,91,CulturaX,1721.78125,3,177,False,26.48894230769231
14,51,68,CulturaX,1365.984375,2,134,False,26.784007352941178
17,87,118,CulturaX,2310.6875,3,177,False,26.55962643678161
21,86,118,CulturaX,2227.46875,3,177,False,25.900799418604652
8,37,61,CulturaX,1006.34375,2,134,False,27.19847972972973
32,157,225,CulturaX,4290.78125,5,263,False,27.329816878980893
13,44,59,CulturaX,1134.734375,2,134,False,25.789417613636363
23,86,117,CulturaX,2246.25,3,177,False,26.11918604651163
12,57,78,CulturaX,1428.765625,2,134,False,25.06606359649123
14,62,89,CulturaX,1704.609375,2,134,False,27.493699596774192
33,148,212,CulturaX,3888.9375,5,263,False,26.27660472972973
7,29,43,CulturaX,810.390625,1,91,True,27.94450431034483
22,90,127,CulturaX,2422.453125,3,177,False,26.916145833333335
7,29,43,CulturaX,720.9375,1,91,True,24.85991379310345
7,25,34,CulturaX,716.125,1,91,True,28.645
7,35,55,CulturaX,942.71875,1,91,True,26.93482142857143
28,123,179,CulturaX,3229.375,4,220,False,26.255081300813007
14,59,85,CulturaX,1825.765625,2,134,False,30.94518008474576
19,72,96,CulturaX,1865.9375,2,134,False,25.91579861111111
9,46,65,CulturaX,1211.90625,2,134,False,26.34578804347826
38,191,283,CulturaX,5017.296875,6,306,False,26.26857002617801
15,54,80,CulturaX,1488.046875,2,134,False,27.55642361111111
16,66,90,CulturaX,1629.234375,2,134,False,24.685369318181817
36,177,265,CulturaX,4733.6875,6,306,False,26.743997175141242
10,57,87,CulturaX,1581.640625,2,134,False,27.748081140350877
16,71,109,CulturaX,1929.421875,3,177,False,27.174955985915492
10,47,61,CulturaX,1228.453125,2,134,False,26.137300531914892
10,56,79,CulturaX,1476.28125,2,134,False,26.362165178571427
20,89,127,CulturaX,2240.828125,3,177,False,25.177844101123597
11,47,67,CulturaX,1230.0625,2,134,False,26.17154255319149
15,71,99,CulturaX,1872.1875,2,134,False,26.368838028169016
15,74,110,CulturaX,1995.640625,3,177,False,26.968116554054053
10,42,58,CulturaX,1134.84375,2,134,False,27.020089285714285
7,30,39,CulturaX,666.265625,1,91,True,22.208854166666665
30,123,171,CulturaX,3224.203125,4,220,False,26.213033536585368
13,65,88,CulturaX,1613.046875,2,134,False,24.81610576923077
18,90,132,CulturaX,2377.6875,3,177,False,26.41875
10,38,57,CulturaX,1030.0625,2,134,False,27.106907894736842
14,72,109,CulturaX,1960.3125,3,177,False,27.2265625
25,105,147,CulturaX,2763.421875,3,177,False,26.318303571428572
38,168,239,CulturaX,4375.5,5,263,False,26.044642857142858
22,113,167,CulturaX,3092.203125,4,220,False,27.364629424778762
45,164,215,CulturaX,4341.859375,5,263,False,26.474752286585368
33,163,233,CulturaX,4294.453125,5,263,False,26.34633819018405
19,80,119,CulturaX,2135.0,3,177,False,26.6875
24,130,188,CulturaX,3678.5,5,263,False,28.296153846153846
8,38,52,CulturaX,1035.109375,2,134,False,27.239720394736842
12,50,70,CulturaX,1436.375,2,134,False,28.7275
8,27,35,CulturaX,674.90625,1,91,True,24.99652777777778
20,91,126,CulturaX,2344.265625,3,177,False,25.761160714285715
17,81,116,CulturaX,2183.859375,3,177,False,26.96122685185185
12,44,57,CulturaX,1141.4375,2,134,False,25.941761363636363
17,82,118,CulturaX,2181.6875,3,177,False,26.60594512195122
11,45,61,CulturaX,1165.265625,2,134,False,25.894791666666666
23,113,149,CulturaX,2893.40625,4,220,False,25.605365044247787
20,88,121,CulturaX,2344.734375,3,177,False,26.644708806818183
8,46,68,CulturaX,1237.9375,2,134,False,26.911684782608695
10,48,71,CulturaX,1214.984375,2,134,False,25.312174479166668
7,31,45,CulturaX,831.25,1,91,True,26.81451612903226
13,63,91,CulturaX,1775.984375,2,134,False,28.190228174603174
39,161,223,CulturaX,4262.015625,5,263,False,26.472146739130434
18,86,131,CulturaX,2254.1875,3,177,False,26.211482558139537
16,63,85,CulturaX,1615.140625,2,134,False,25.63715277777778
33,151,215,CulturaX,4009.109375,5,263,False,26.55039321192053
9,40,48,CulturaX,950.984375,1,91,True,23.774609375
10,44,63,CulturaX,1157.171875,2,134,False,26.299360795454547
8,39,54,CulturaX,1004.84375,2,134,False,25.765224358974358
23,82,109,CulturaX,2059.90625,3,177,False,25.12080792682927
24,99,134,CulturaX,2643.671875,3,177,False,26.70375631313131
7,35,48,CulturaX,799.375,1,91,True,22.839285714285715
7,39,62,CulturaX,932.546875,1,91,True,23.911458333333332
11,61,90,CulturaX,1752.046875,2,134,False,28.722079918032787
29,119,167,CulturaX,3163.078125,4,220,False,26.58048844537815
10,41,56,CulturaX,1062.859375,2,134,False,25.9233993902439
17,78,105,CulturaX,2092.84375,3,177,False,26.831330128205128
7,33,45,CulturaX,978.765625,2,134,False,29.659564393939394
7,35,47,CulturaX,929.546875,1,91,True,26.558482142857144
8,35,53,CulturaX,1001.265625,2,134,False,28.607589285714287
11,47,70,CulturaX,1331.484375,2,134,False,28.32945478723404
13,56,79,CulturaX,1583.5625,2,134,False,28.277901785714285
15,65,90,CulturaX,1816.25,2,134,False,27.942307692307693
29,126,185,CulturaX,3382.34375,4,220,False,26.843998015873016
8,42,52,CulturaX,991.46875,2,134,False,23.60639880952381
41,216,326,CulturaX,5744.671875,7,349,False,26.595703125
24,93,132,CulturaX,2545.546875,3,177,False,27.371471774193548
17,60,88,CulturaX,1687.921875,2,134,False,28.13203125
8,37,54,CulturaX,1003.265625,2,134,False,27.11528716216216
58,249,337,CulturaX,6587.234375,8,392,False,26.45475652610442
15,101,125,CulturaX,2420.75,3,177,False,23.967821782178216
23,105,146,CulturaX,2793.0,3,177,False,26.6
41,181,261,CulturaX,4771.9375,6,306,False,26.364295580110497
28,153,225,CulturaX,4104.859375,5,263,False,26.829146241830067
10,40,56,CulturaX,1074.53125,2,134,False,26.86328125
29,130,186,CulturaX,3249.34375,4,220,False,24.994951923076922
7,39,54,CulturaX,1073.40625,2,134,False,27.52323717948718
15,70,100,CulturaX,1876.09375,3,177,False,26.801339285714285
20,105,154,CulturaX,2872.953125,4,220,False,27.361458333333335
23,101,146,CulturaX,2809.09375,3,177,False,27.812809405940595
15,56,73,CulturaX,1460.0625,2,134,False,26.072544642857142
19,101,142,CulturaX,2738.96875,4,220,False,27.118502475247524
12,53,79,CulturaX,1403.671875,2,134,False,26.484375
10,44,60,CulturaX,1172.21875,2,134,False,26.641335227272727
27,124,158,CulturaX,3026.46875,4,220,False,24.407006048387096
48,194,274,CulturaX,5132.96875,6,306,False,26.45860180412371
17,75,103,CulturaX,2083.875,3,177,False,27.785
27,125,181,CulturaX,3256.203125,4,220,False,26.049625
9,39,55,CulturaX,1037.609375,2,134,False,26.60536858974359
20,84,108,CulturaX,1995.640625,3,177,False,23.757626488095237
7,32,43,CulturaX,833.109375,1,91,True,26.03466796875
13,73,89,CulturaX,1711.140625,2,134,False,23.440282534246574
12,58,78,CulturaX,1439.453125,2,134,False,24.818157327586206
12,47,68,CulturaX,1235.40625,2,134,False,26.28523936170213
23,97,136,CulturaX,2566.171875,3,177,False,26.455380154639176
27,117,171,CulturaX,3287.71875,4,220,False,28.100160256410255
23,112,166,CulturaX,3099.578125,4,220,False,27.6748046875
7,43,60,CulturaX,1081.625,2,134,False,25.15406976744186
12,58,87,CulturaX,1592.953125,2,134,False,27.46470905172414
37,136,187,CulturaX,3567.9375,4,220,False,26.23483455882353
22,99,135,CulturaX,2482.859375,3,177,False,25.079387626262626
18,79,105,CulturaX,2084.375,3,177,False,26.384493670886076
9,39,56,CulturaX,1019.796875,2,134,False,26.14863782051282
17,65,90,CulturaX,1705.09375,2,134,False,26.232211538461538
67,318,451,CulturaX,8593.171875,10,478,False,27.022553066037737
11,54,74,CulturaX,1459.703125,2,134,False,27.03153935185185
13,59,91,CulturaX,1661.03125,2,134,False,28.153072033898304
9,48,63,CulturaX,1220.78125,2,134,False,25.432942708333332
7,30,43,CulturaX,799.296875,1,91,True,26.643229166666668
8,37,51,CulturaX,945.765625,1,91,True,25.56123310810811
8,36,49,CulturaX,878.03125,1,91,True,24.389756944444443
17,78,110,CulturaX,1879.15625,3,177,False,24.091746794871796
28,106,150,CulturaX,3006.21875,4,220,False,28.36055424528302
9,36,48,CulturaX,962.84375,2,134,False,26.74565972222222
11,54,71,CulturaX,1265.09375,2,134,False,23.427662037037038
29,125,179,CulturaX,3272.921875,4,220,False,26.183375
14,60,79,CulturaX,1601.1875,2,134,False,26.686458333333334
15,54,74,CulturaX,1418.40625,2,134,False,26.26678240740741
11,43,57,CulturaX,1058.671875,2,134,False,24.6202761627907
8,48,66,CulturaX,1276.640625,2,134,False,26.5966796875
9,35,53,CulturaX,987.203125,2,134,False,28.20580357142857
7,36,50,CulturaX,934.546875,1,91,True,25.959635416666668
11,46,69,CulturaX,1223.765625,2,134,False,26.60360054347826
7,33,48,CulturaX,913.59375,1,91,True,27.68465909090909
23,87,118,CulturaX,2241.34375,3,177,False,25.76257183908046
7,27,38,CulturaX,761.984375,1,91,True,28.22164351851852
9,29,39,CulturaX,743.671875,1,91,True,25.64385775862069
11,50,67,CulturaX,1300.953125,2,134,False,26.0190625
27,135,190,CulturaX,3591.296875,5,263,False,26.602199074074075
15,62,91,CulturaX,1514.8125,2,134,False,24.432459677419356
9,39,53,CulturaX,1019.84375,2,134,False,26.149839743589745
32,153,220,CulturaX,4131.1875,5,263,False,27.001225490196077
12,51,70,CulturaX,1411.234375,2,134,False,27.67126225490196
15,56,81,CulturaX,1615.328125,2,134,False,28.845145089285715
16,66,97,CulturaX,1851.5625,2,134,False,28.053977272727273
8,42,57,CulturaX,1131.5,2,134,False,26.94047619047619
13,50,73,CulturaX,1430.765625,2,134,False,28.6153125
16,97,117,CulturaX,2203.984375,3,177,False,22.721488402061855
12,48,71,CulturaX,1242.890625,2,134,False,25.8935546875
8,32,44,CulturaX,863.046875,1,91,True,26.97021484375
9,31,46,CulturaX,850.40625,1,91,True,27.432459677419356
7,25,35,CulturaX,719.1875,1,91,True,28.7675
14,65,91,CulturaX,1786.609375,2,134,False,27.486298076923077
30,142,201,CulturaX,3743.09375,5,263,False,26.359815140845072
16,72,94,CulturaX,1912.171875,3,177,False,26.557942708333332
16,65,95,CulturaX,1788.515625,2,134,False,27.515625
14,55,79,CulturaX,1379.828125,2,134,False,25.08778409090909
33,169,234,CulturaX,4562.609375,5,263,False,26.997688609467456
12,54,80,CulturaX,1406.875,2,134,False,26.05324074074074
7,23,29,CulturaX,564.53125,1,91,True,24.54483695652174
11,45,64,CulturaX,1286.265625,2,134,False,28.583680555555556
10,44,62,CulturaX,1210.015625,2,134,False,27.500355113636363
23,104,145,CulturaX,2730.421875,4,220,False,26.254056490384617
9,48,75,CulturaX,1316.875,2,134,False,27.434895833333332
7,35,50,CulturaX,944.828125,1,91,True,26.995089285714286
12,54,74,CulturaX,1450.1875,2,134,False,26.855324074074073
8,32,44,CulturaX,914.234375,1,91,True,28.56982421875
19,90,127,CulturaX,2337.65625,3,177,False,25.973958333333332
18,79,109,CulturaX,2137.53125,3,177,False,27.057357594936708
21,98,145,CulturaX,2629.828125,3,177,False,26.83498086734694
17,98,126,CulturaX,2312.421875,3,177,False,23.596141581632654
21,112,169,CulturaX,3007.859375,4,220,False,26.855887276785715
12,42,61,CulturaX,1120.75,2,134,False,26.68452380952381
18,72,105,CulturaX,1951.28125,3,177,False,27.10112847222222
13,54,72,CulturaX,1382.71875,2,134,False,25.60590277777778
7,23,35,CulturaX,684.21875,1,91,True,29.748641304347824
15,65,89,CulturaX,1695.234375,2,134,False,26.080528846153847
11,53,70,CulturaX,1398.046875,2,134,False,26.3782429245283
18,79,110,CulturaX,2093.125,3,177,False,26.495253164556964
21,101,147,CulturaX,2613.140625,3,177,False,25.872679455445546
11,44,60,CulturaX,1148.765625,2,134,False,26.10830965909091
23,108,153,CulturaX,2729.8125,3,177,False,25.276041666666668
7,43,60,CulturaX,1038.921875,2,134,False,24.1609738372093
14,69,98,CulturaX,1877.984375,3,177,False,27.217164855072465
11,46,62,CulturaX,1168.4375,2,134,False,25.400815217391305
14,58,76,CulturaX,1537.5,2,134,False,26.50862068965517
36,203,250,CulturaX,4630.90625,5,263,False,22.8123460591133
16,76,109,CulturaX,1960.78125,3,177,False,25.799753289473685
29,146,181,CulturaX,3529.0625,4,220,False,24.17166095890411
11,54,70,CulturaX,1261.5625,2,134,False,23.36226851851852
12,43,66,CulturaX,1225.46875,2,134,False,28.499273255813954
28,115,160,CulturaX,3086.78125,4,220,False,26.841576086956522
17,67,88,CulturaX,1864.234375,2,134,False,27.824393656716417
16,78,110,CulturaX,2117.671875,3,177,False,27.149639423076923
20,101,150,CulturaX,2813.703125,4,220,False,27.858446782178216
54,280,405,CulturaX,7480.578125,9,435,False,26.71635044642857
31,132,180,CulturaX,3480.875,4,220,False,26.370265151515152
19,89,135,CulturaX,2529.1875,3,177,False,28.417837078651687
11,46,63,CulturaX,1147.875,2,134,False,24.953804347826086
13,61,90,CulturaX,1642.140625,2,134,False,26.9203381147541
15,79,114,CulturaX,2110.328125,3,177,False,26.71301424050633
17,72,103,CulturaX,2048.5625,3,177,False,28.452256944444443
8,38,57,CulturaX,1088.921875,2,134,False,28.655838815789473
15,70,103,CulturaX,1971.515625,3,177,False,28.16450892857143
12,50,72,CulturaX,1483.109375,2,134,False,29.6621875
16,104,130,CulturaX,2354.6875,3,177,False,22.64122596153846
44,195,283,CulturaX,5281.21875,6,306,False,27.083173076923078
22,90,126,CulturaX,2494.921875,3,177,False,27.721354166666668
10,40,57,CulturaX,1189.09375,2,134,False,29.72734375
17,73,101,CulturaX,1917.546875,3,177,False,26.267765410958905
7,26,31,CulturaX,650.6875,1,91,True,25.026442307692307
26,140,207,CulturaX,3666.828125,5,263,False,26.191629464285715
8,33,45,CulturaX,882.4375,1,91,True,26.740530303030305
26,126,180,CulturaX,3288.484375,4,220,False,26.099082341269842
8,30,44,CulturaX,851.171875,1,91,True,28.372395833333332
10,51,74,CulturaX,1424.109375,2,134,False,27.923713235294116
35,158,233,CulturaX,4223.78125,5,263,False,26.732792721518987
11,50,72,CulturaX,1281.671875,2,134,False,25.6334375
16,69,94,CulturaX,1820.5625,2,134,False,26.38496376811594
10,44,59,CulturaX,1228.515625,2,134,False,27.92080965909091
22,97,138,CulturaX,2675.578125,3,177,False,27.58327963917526
12,46,60,CulturaX,1171.5,2,134,False,25.467391304347824
7,29,43,CulturaX,838.703125,1,91,True,28.920797413793103
9,40,56,CulturaX,1010.515625,2,134,False,25.262890625
20,88,127,CulturaX,2356.921875,3,177,False,26.783203125
19,82,115,CulturaX,2244.078125,3,177,False,27.366806402439025
9,40,53,CulturaX,1058.6875,2,134,False,26.4671875
8,35,46,CulturaX,922.734375,1,91,True,26.363839285714285
122,632,902,CulturaX,16740.296875,19,865,False,26.48781151107595
11,44,64,CulturaX,1208.078125,2,134,False,27.456321022727273
7,27,36,CulturaX,691.5,1,91,True,25.61111111111111
30,145,219,CulturaX,3926.15625,5,263,False,27.076939655172414
12,61,86,CulturaX,1650.78125,2,134,False,27.06198770491803
22,95,134,CulturaX,2328.171875,3,177,False,24.507072368421053
15,59,85,CulturaX,1549.421875,2,134,False,26.26138771186441
9,34,45,CulturaX,838.953125,1,91,True,24.675091911764707
16,71,99,CulturaX,1817.390625,2,134,False,25.597051056338028
12,49,67,CulturaX,1310.71875,2,134,False,26.74936224489796
11,54,74,CulturaX,1395.734375,2,134,False,25.84693287037037
8,29,38,CulturaX,787.28125,1,91,True,27.14762931034483
40,184,263,CulturaX,4872.265625,6,306,False,26.479704483695652
11,57,74,CulturaX,1393.546875,2,134,False,24.448190789473685
29,135,160,CulturaX,3264.625,4,220,False,24.182407407407407
11,58,91,CulturaX,1314.703125,2,134,False,22.66729525862069
9,35,50,CulturaX,976.90625,2,134,False,27.911607142857143
19,81,119,CulturaX,2310.0625,3,177,False,28.51929012345679
14,65,91,CulturaX,1768.046875,2,134,False,27.200721153846153
22,103,146,CulturaX,2636.640625,3,177,False,25.598452669902912
10,41,54,CulturaX,1071.71875,2,134,False,26.139481707317074
16,63,88,CulturaX,1779.828125,2,134,False,28.25124007936508
27,117,167,CulturaX,3055.28125,4,220,False,26.113514957264957
31,141,196,CulturaX,3784.71875,5,263,False,26.84197695035461
12,56,81,CulturaX,1486.125,2,134,False,26.537946428571427
8,36,49,CulturaX,938.25,1,91,True,26.0625
24,106,148,CulturaX,2746.6875,3,177,False,25.912146226415093
43,191,250,CulturaX,4868.78125,6,306,False,25.491001308900522
12,41,57,CulturaX,1154.84375,2,134,False,28.166920731707318
26,130,186,CulturaX,3561.421875,4,220,False,27.395552884615384
9,41,56,CulturaX,1135.296875,2,134,False,27.69016768292683
13,55,74,CulturaX,1444.0,2,134,False,26.254545454545454
26,128,186,CulturaX,3354.671875,4,220,False,26.2083740234375
7,31,44,CulturaX,830.75,1,91,True,26.798387096774192
7,28,40,CulturaX,721.546875,1,91,True,25.76953125
25,107,153,CulturaX,2886.0,4,220,False,26.97196261682243
11,44,63,CulturaX,1184.953125,2,134,False,26.93075284090909
18,80,118,CulturaX,2147.140625,3,177,False,26.8392578125
11,47,67,CulturaX,1346.125,2,134,False,28.64095744680851
9,41,59,CulturaX,1065.46875,2,134,False,25.98704268292683
21,88,134,CulturaX,2360.78125,3,177,False,26.82705965909091
14,63,87,CulturaX,1646.265625,2,134,False,26.131200396825395
10,40,59,CulturaX,1012.328125,2,134,False,25.308203125
27,123,181,CulturaX,3388.84375,4,220,False,27.551575203252032
7,21,33,CulturaX,529.453125,1,91,True,25.212053571428573
12,54,81,CulturaX,1583.0,2,134,False,29.314814814814813
29,141,199,CulturaX,3783.5625,5,263,False,26.83377659574468
29,130,182,CulturaX,3445.84375,4,220,False,26.506490384615386
8,36,57,CulturaX,982.671875,2,134,False,27.29644097222222
22,99,143,CulturaX,2652.640625,3,177,False,26.794349747474747
17,68,88,CulturaX,1756.125,2,134,False,25.825367647058822
31,139,206,CulturaX,3659.0625,5,263,False,26.324190647482013
12,60,82,CulturaX,1667.140625,2,134,False,27.785677083333333
9,40,60,CulturaX,1141.390625,2,134,False,28.534765625
10,44,64,CulturaX,1252.953125,2,134,False,28.476207386363637
7,32,47,CulturaX,820.171875,1,91,True,25.63037109375
7,40,61,CulturaX,948.703125,1,91,True,23.717578125
37,177,255,CulturaX,4700.1875,6,306,False,26.55473163841808
25,119,157,CulturaX,3119.21875,4,220,False,26.211922268907564
27,123,162,CulturaX,3151.421875,4,220,False,25.62131605691057
10,45,66,CulturaX,1159.15625,2,134,False,25.759027777777778
10,45,68,CulturaX,1274.953125,2,134,False,28.332291666666666
12,44,60,CulturaX,1196.484375,2,134,False,27.192826704545453
21,98,136,CulturaX,2622.546875,3,177,False,26.760682397959183
29,128,181,CulturaX,3515.90625,4,220,False,27.468017578125
17,64,84,CulturaX,1616.0,2,134,False,25.25
8,32,48,CulturaX,878.1875,1,91,True,27.443359375
31,133,181,CulturaX,3563.125,4,220,False,26.790413533834588
12,50,71,CulturaX,1288.109375,2,134,False,25.7621875
16,80,103,CulturaX,1850.578125,2,134,False,23.1322265625
14,69,92,CulturaX,1666.546875,2,134,False,24.152853260869566
56,263,380,CulturaX,7141.015625,8,392,False,27.15215066539924
27,112,141,CulturaX,2546.96875,3,177,False,22.740792410714285
28,127,183,CulturaX,3506.90625,4,220,False,27.613435039370078
22,100,141,CulturaX,2796.0625,4,220,False,27.960625
30,141,203,CulturaX,3834.875,5,263,False,27.197695035460992
19,96,131,CulturaX,2429.703125,3,177,False,25.309407552083332
30,141,206,CulturaX,3822.0625,5,263,False,27.10682624113475
33,143,195,CulturaX,3696.984375,4,220,False,25.853037587412587
34,161,228,CulturaX,4200.671875,5,263,False,26.091129658385093
14,73,92,CulturaX,1701.265625,2,134,False,23.305008561643834
11,45,61,CulturaX,1189.6875,2,134,False,26.4375
22,92,132,CulturaX,2337.90625,3,177,False,25.41202445652174
11,47,70,CulturaX,1332.828125,2,134,False,28.35804521276596
35,163,228,CulturaX,4165.453125,5,263,False,25.554927147239265
7,37,55,CulturaX,1027.5625,2,134,False,27.77195945945946
10,42,60,CulturaX,1163.109375,2,134,False,27.693080357142858
17,70,86,CulturaX,1599.0,2,134,False,22.84285714285714
13,67,90,CulturaX,1672.03125,2,134,False,24.955690298507463
31,124,182,CulturaX,3446.515625,4,220,False,27.794480846774192
19,87,129,CulturaX,2477.734375,3,177,False,28.479705459770116
8,31,42,CulturaX,822.953125,1,91,True,26.546875
14,54,74,CulturaX,1404.765625,2,134,False,26.01417824074074
7,31,41,CulturaX,881.0,1,91,True,28.419354838709676
21,132,171,CulturaX,3224.015625,4,220,False,24.424360795454547
13,60,89,CulturaX,1592.875,2,134,False,26.547916666666666
7,28,42,CulturaX,796.453125,1,91,True,28.444754464285715
23,105,153,CulturaX,2782.09375,4,220,False,26.496130952380952
22,94,135,CulturaX,2544.609375,3,177,False,27.0703125
15,83,111,CulturaX,2067.84375,3,177,False,24.913780120481928
23,85,120,CulturaX,2232.546875,3,177,False,26.265257352941177
12,40,50,CulturaX,1086.9375,2,134,False,27.1734375
7,32,41,CulturaX,862.421875,1,91,True,26.95068359375
11,43,67,CulturaX,1202.96875,2,134,False,27.976017441860463
31,148,222,CulturaX,3948.15625,5,263,False,26.67673141891892
10,55,80,CulturaX,1553.078125,2,134,False,28.23778409090909
21,102,137,CulturaX,2729.65625,3,177,False,26.761335784313726
19,108,160,CulturaX,2848.03125,4,220,False,26.37065972222222
23,114,151,CulturaX,2845.875,4,220,False,24.963815789473685
28,134,188,CulturaX,3381.1875,4,220,False,25.23274253731343
9,42,59,CulturaX,1186.453125,2,134,False,28.248883928571427
34,151,205,CulturaX,3891.34375,5,263,False,25.770488410596027
15,77,102,CulturaX,1851.453125,2,134,False,24.04484577922078
23,105,146,CulturaX,2740.0,3,177,False,26.095238095238095
23,87,115,CulturaX,2288.21875,3,177,False,26.301364942528735
14,64,90,CulturaX,1667.546875,2,134,False,26.055419921875
20,107,159,CulturaX,2935.65625,4,220,False,27.43603971962617
7,25,36,CulturaX,679.046875,1,91,True,27.161875
25,105,146,CulturaX,2806.296875,4,220,False,26.726636904761904
9,33,46,CulturaX,891.921875,1,91,True,27.027935606060606
25,108,158,CulturaX,2802.171875,3,177,False,25.94603587962963
30,133,204,CulturaX,3698.703125,5,263,False,27.809797932330827
14,55,73,CulturaX,1448.09375,2,134,False,26.328977272727272
11,39,55,CulturaX,1072.265625,2,134,False,27.493990384615383
50,269,392,CulturaX,7417.265625,9,435,False,27.5734781598513
26,122,175,CulturaX,3424.953125,4,220,False,28.073386270491802
25,119,164,CulturaX,3266.78125,4,220,False,27.451943277310924
18,82,123,CulturaX,2172.625,3,177,False,26.495426829268293
28,130,186,CulturaX,3530.328125,4,220,False,27.15637019230769
14,55,74,CulturaX,1264.1875,2,134,False,22.985227272727272
28,129,175,CulturaX,3612.875,4,220,False,28.006782945736433
29,136,195,CulturaX,3628.625,4,220,False,26.681066176470587
15,71,103,CulturaX,1956.859375,3,177,False,27.561399647887324
16,64,89,CulturaX,1673.6875,2,134,False,26.1513671875
13,54,80,CulturaX,1517.71875,2,134,False,28.10590277777778
9,44,62,CulturaX,1206.453125,2,134,False,27.419389204545453
8,25,35,CulturaX,717.296875,1,91,True,28.691875
25,97,131,CulturaX,2635.03125,3,177,False,27.1652706185567
17,86,127,CulturaX,2402.40625,3,177,False,27.934956395348838
20,90,128,CulturaX,2473.59375,3,177,False,27.484375
12,56,77,CulturaX,1468.640625,2,134,False,26.225725446428573
58,282,403,CulturaX,7569.578125,9,435,False,26.842475620567377
36,148,205,CulturaX,4005.921875,5,263,False,27.067039695945947
11,50,77,CulturaX,1428.546875,2,134,False,28.5709375
11,51,74,CulturaX,1392.546875,2,134,False,27.30484068627451
27,106,150,CulturaX,2745.96875,3,177,False,25.905365566037737
10,43,59,CulturaX,1089.484375,2,134,False,25.33684593023256
11,55,78,CulturaX,1451.71875,2,134,False,26.394886363636363
9,35,50,CulturaX,900.3125,1,91,True,25.723214285714285
18,79,121,CulturaX,2233.359375,3,177,False,28.270371835443036
22,107,145,CulturaX,2747.453125,3,177,False,25.677132009345794
10,39,52,CulturaX,994.21875,2,134,False,25.49278846153846
28,128,191,CulturaX,3475.1875,4,220,False,27.14990234375
16,72,104,CulturaX,1987.609375,3,177,False,27.60568576388889
28,128,201,CulturaX,3558.625,4,220,False,27.8017578125
7,29,42,CulturaX,793.453125,1,91,True,27.360452586206897
13,66,95,CulturaX,1834.59375,3,177,False,27.796875
18,74,98,CulturaX,1908.625,3,177,False,25.79222972972973
99,492,699,CulturaX,12760.703125,14,650,False,25.936388465447155
8,35,49,CulturaX,1028.296875,2,134,False,29.379910714285714
8,39,55,CulturaX,1008.765625,2,134,False,25.865785256410255
19,99,139,CulturaX,2466.328125,3,177,False,24.912405303030305
20,81,105,CulturaX,2095.984375,3,177,False,25.876350308641975
22,105,142,CulturaX,2881.421875,4,220,False,27.442113095238096
30,111,152,CulturaX,2953.421875,4,220,False,26.60740427927928
10,40,54,CulturaX,1041.640625,2,134,False,26.041015625
12,46,66,CulturaX,1180.421875,2,134,False,25.661345108695652
9,32,45,CulturaX,828.0625,1,91,True,25.876953125
18,86,120,CulturaX,2205.53125,3,177,False,25.645712209302324
48,207,293,CulturaX,5407.578125,6,306,False,26.12356582125604
10,46,66,CulturaX,1246.859375,2,134,False,27.105638586956523
12,52,73,CulturaX,1432.078125,2,134,False,27.539963942307693
19,80,117,CulturaX,2133.03125,3,177,False,26.662890625
9,42,58,CulturaX,1166.171875,2,134,False,27.765997023809526
14,59,76,CulturaX,1579.578125,2,134,False,26.77251059322034
8,29,38,CulturaX,660.25,1,91,True,22.767241379310345
23,124,184,CulturaX,3309.65625,4,220,False,26.69077620967742
13,61,85,CulturaX,1542.125,2,134,False,25.28073770491803
7,27,42,CulturaX,772.421875,1,91,True,28.60821759259259
13,52,69,CulturaX,1419.1875,2,134,False,27.292067307692307
28,132,186,CulturaX,3488.734375,4,220,False,26.42980587121212
19,92,132,CulturaX,2595.390625,3,177,False,28.210767663043477
30,140,199,CulturaX,3698.890625,5,263,False,26.42064732142857
14,58,81,CulturaX,1602.015625,2,134,False,27.62095905172414
12,51,68,CulturaX,1424.84375,2,134,False,27.93811274509804
13,58,86,CulturaX,1646.34375,2,134,False,28.385237068965516
10,49,60,CulturaX,1130.25,2,134,False,23.066326530612244
10,50,71,CulturaX,1398.84375,2,134,False,27.976875
16,66,91,CulturaX,1694.125,2,134,False,25.668560606060606
8,28,36,CulturaX,717.421875,1,91,True,25.622209821428573
18,78,111,CulturaX,2085.09375,3,177,False,26.731971153846153
14,60,90,CulturaX,1719.015625,2,134,False,28.650260416666665
13,57,77,CulturaX,1506.515625,2,134,False,26.430098684210527
8,36,47,CulturaX,974.78125,2,134,False,27.077256944444443
10,41,62,CulturaX,1039.796875,2,134,False,25.3608993902439
20,92,126,CulturaX,2411.375,3,177,False,26.210597826086957
9,35,50,CulturaX,957.34375,1,91,True,27.352678571428573
14,63,94,CulturaX,1806.1875,2,134,False,28.669642857142858
9,43,54,CulturaX,1012.40625,2,134,False,23.544331395348838
11,42,59,CulturaX,1187.578125,2,134,False,28.275669642857142
11,60,84,CulturaX,1594.0,2,134,False,26.566666666666666
20,97,135,CulturaX,2544.5,3,177,False,26.2319587628866
33,164,242,CulturaX,4369.234375,5,263,False,26.641673018292682
38,181,265,CulturaX,5032.34375,6,306,False,27.803004143646408
32,150,210,CulturaX,4087.53125,5,263,False,27.250208333333333
7,33,58,CulturaX,869.546875,1,91,True,26.349905303030305
9,40,56,CulturaX,1143.171875,2,134,False,28.579296875
19,80,118,CulturaX,2188.4375,3,177,False,27.35546875
9,44,66,CulturaX,1254.765625,2,134,False,28.517400568181817
57,277,397,CulturaX,7165.484375,8,392,False,25.86817463898917
13,51,70,CulturaX,1434.59375,2,134,False,28.129289215686274
14,61,83,CulturaX,1538.90625,2,134,False,25.22797131147541
13,51,71,CulturaX,1396.5,2,134,False,27.38235294117647
17,72,93,CulturaX,1734.671875,2,134,False,24.092664930555557
19,95,131,CulturaX,2367.421875,3,177,False,24.920230263157894
31,145,212,CulturaX,3959.25,5,263,False,27.305172413793102
8,35,53,CulturaX,933.140625,1,91,True,26.661160714285714
26,126,182,CulturaX,3509.09375,4,220,False,27.849950396825395
20,70,96,CulturaX,1763.53125,2,134,False,25.193303571428572
12,50,72,CulturaX,1317.5625,2,134,False,26.35125
10,53,63,CulturaX,1209.953125,2,134,False,22.82930424528302
10,41,54,CulturaX,1019.515625,2,134,False,24.866234756097562
67,297,426,CulturaX,7894.96875,9,435,False,26.582386363636363
16,70,96,CulturaX,1822.59375,2,134,False,26.037053571428572
13,52,69,CulturaX,1177.5,2,134,False,22.64423076923077
31,152,221,CulturaX,4168.453125,5,263,False,27.424033717105264
20,71,100,CulturaX,1811.734375,2,134,False,25.51738556338028
7,26,36,CulturaX,676.125,1,91,True,26.004807692307693
20,107,135,CulturaX,2445.765625,3,177,False,22.857622663551403
44,189,273,CulturaX,4925.71875,6,306,False,26.06200396825397
12,57,79,CulturaX,1515.078125,2,134,False,26.58031798245614
32,135,184,CulturaX,3595.375,4,220,False,26.632407407407406
40,182,269,CulturaX,4995.078125,6,306,False,27.445484203296704
9,42,52,CulturaX,1042.9375,2,134,False,24.831845238095237
31,155,221,CulturaX,4175.34375,5,263,False,26.937701612903226
17,62,79,CulturaX,1570.921875,2,134,False,25.337449596774192
33,154,225,CulturaX,4028.109375,5,263,False,26.156554383116884
18,88,122,CulturaX,2370.40625,3,177,False,26.93643465909091
16,71,85,CulturaX,1612.15625,2,134,False,22.706426056338028
20,97,138,CulturaX,2583.296875,3,177,False,26.631926546391753
30,135,195,CulturaX,3810.421875,5,263,False,28.225347222222222
15,67,90,CulturaX,1694.5625,2,134,False,25.291977611940297
13,60,86,CulturaX,1692.015625,2,134,False,28.200260416666666
22,97,141,CulturaX,2673.34375,3,177,False,27.560244845360824
13,61,86,CulturaX,1542.578125,2,134,False,25.288165983606557
8,32,48,CulturaX,880.75,1,91,True,27.5234375
13,65,93,CulturaX,1700.03125,2,134,False,26.154326923076923
19,102,131,CulturaX,2411.453125,3,177,False,23.641697303921568
17,75,114,CulturaX,2059.890625,3,177,False,27.465208333333333
14,54,76,CulturaX,1500.359375,2,134,False,27.78443287037037
15,68,102,CulturaX,1877.03125,2,134,False,27.603400735294116
13,56,77,CulturaX,1482.078125,2,134,False,26.465680803571427
7,36,55,CulturaX,922.890625,1,91,True,25.635850694444443
15,56,82,CulturaX,1620.234375,2,134,False,28.932756696428573
17,92,130,CulturaX,2468.5,3,177,False,26.831521739130434
10,38,52,CulturaX,958.59375,1,91,True,25.226151315789473
7,32,47,CulturaX,923.40625,1,91,True,28.8564453125
10,40,56,CulturaX,1065.703125,2,134,False,26.642578125
8,33,45,CulturaX,899.515625,1,91,True,27.258049242424242
25,109,148,CulturaX,2850.90625,4,220,False,26.155103211009173
7,34,48,CulturaX,881.875,1,91,True,25.9375
7,26,38,CulturaX,646.59375,1,91,True,24.868990384615383
14,61,86,CulturaX,1633.0,2,134,False,26.770491803278688
11,43,60,CulturaX,1192.40625,2,134,False,27.730377906976745
14,72,101,CulturaX,2074.109375,3,177,False,28.80707465277778
8,27,37,CulturaX,661.8125,1,91,True,24.511574074074073
31,132,178,CulturaX,3547.796875,4,220,False,26.877249053030305
10,41,56,CulturaX,1094.0,2,134,False,26.682926829268293
9,40,59,CulturaX,1093.796875,2,134,False,27.344921875
51,190,264,CulturaX,4703.078125,6,306,False,24.753042763157893
17,83,123,CulturaX,2217.96875,3,177,False,26.722515060240966
15,67,98,CulturaX,1691.65625,2,134,False,25.248600746268657
13,50,70,CulturaX,1350.25,2,134,False,27.005
14,53,75,CulturaX,1382.8125,2,134,False,26.090801886792452
16,62,88,CulturaX,1736.25,2,134,False,28.004032258064516
30,136,186,CulturaX,3384.4375,4,220,False,24.885569852941178
25,116,171,CulturaX,2992.15625,4,220,False,25.794450431034484
8,29,37,CulturaX,757.203125,1,91,True,26.110452586206897
12,52,67,CulturaX,1282.703125,2,134,False,24.66736778846154
9,38,60,CulturaX,1056.515625,2,134,False,27.803042763157894
10,40,59,CulturaX,1089.234375,2,134,False,27.230859375
22,104,149,CulturaX,2750.46875,3,177,False,26.446814903846153
22,90,121,CulturaX,2412.875,3,177,False,26.809722222222224
8,32,43,CulturaX,828.578125,1,91,True,25.89306640625
29,136,189,CulturaX,3695.109375,5,263,False,27.169921875
13,49,63,CulturaX,1246.546875,2,134,False,25.439732142857142
28,128,185,CulturaX,3533.125,4,220,False,27.6025390625
104,461,668,CulturaX,12550.96875,14,650,False,27.22552874186551
9,47,65,CulturaX,1119.640625,2,134,False,23.82214095744681
9,40,55,CulturaX,1132.3125,2,134,False,28.3078125
11,39,53,CulturaX,1009.59375,2,134,False,25.88701923076923
12,51,70,CulturaX,1394.03125,2,134,False,27.33394607843137
25,104,145,CulturaX,2863.640625,4,220,False,27.535006009615383
9,39,53,CulturaX,1002.046875,2,134,False,25.693509615384617
21,90,134,CulturaX,2362.828125,3,177,False,26.253645833333334
114,473,668,CulturaX,12570.90625,14,650,False,26.57696881606765
8,41,57,CulturaX,1060.015625,2,134,False,25.854039634146343
16,76,114,CulturaX,2102.65625,3,177,False,27.666529605263158
24,106,156,CulturaX,2922.921875,4,220,False,27.57473466981132
25,113,161,CulturaX,3047.203125,4,220,False,26.966399336283185
14,61,91,CulturaX,1702.453125,2,134,False,27.90906762295082
46,196,271,CulturaX,4907.5625,6,306,False,25.038584183673468
8,33,49,CulturaX,958.875,1,91,True,29.056818181818183
14,68,101,CulturaX,1880.21875,2,134,False,27.650275735294116
33,147,218,CulturaX,3856.53125,5,263,False,26.234906462585034
37,177,235,CulturaX,4553.078125,6,306,False,25.7236052259887
8,37,55,CulturaX,1054.4375,2,134,False,28.49831081081081
22,98,130,CulturaX,2360.359375,3,177,False,24.08529974489796
11,53,77,CulturaX,1479.84375,2,134,False,27.921580188679247
10,34,51,CulturaX,948.671875,1,91,True,27.902113970588236
21,102,132,CulturaX,2401.421875,3,177,False,23.543351715686274
47,228,326,CulturaX,6167.828125,7,349,False,27.05187774122807
35,166,227,CulturaX,4473.25,5,263,False,26.947289156626507
17,68,92,CulturaX,1759.078125,2,134,False,25.86879595588235
7,26,34,CulturaX,620.328125,1,91,True,23.85877403846154
10,43,60,CulturaX,1181.28125,2,134,False,27.471656976744185
15,72,100,CulturaX,1916.4375,3,177,False,26.6171875
15,76,106,CulturaX,1969.5625,3,177,False,25.91529605263158
20,90,131,CulturaX,2555.953125,3,177,False,28.399479166666666
24,105,153,CulturaX,2849.203125,4,220,False,27.135267857142857
8,37,46,CulturaX,824.578125,1,91,True,22.28589527027027
11,36,51,CulturaX,1036.96875,2,134,False,28.8046875
7,31,42,CulturaX,847.890625,1,91,True,27.351310483870968
34,151,214,CulturaX,4078.21875,5,263,False,27.00807119205298
12,67,102,CulturaX,1856.234375,3,177,False,27.70499067164179
15,59,84,CulturaX,1573.78125,2,134,False,26.67425847457627
22,108,147,CulturaX,2884.796875,4,220,False,26.711082175925927
15,62,92,CulturaX,1662.703125,2,134,False,26.817792338709676
17,72,99,CulturaX,1907.0625,3,177,False,26.486979166666668
11,50,79,CulturaX,1431.828125,2,134,False,28.6365625
41,200,286,CulturaX,5497.015625,6,306,False,27.485078125
21,75,104,CulturaX,1952.25,3,177,False,26.03
18,75,109,CulturaX,2119.09375,3,177,False,28.254583333333333
8,34,49,CulturaX,972.59375,2,134,False,28.605698529411764
10,45,61,CulturaX,1207.078125,2,134,False,26.823958333333334
16,65,89,CulturaX,1751.484375,2,134,False,26.94591346153846
8,38,53,CulturaX,1020.484375,2,134,False,26.85485197368421
13,56,79,CulturaX,1560.59375,2,134,False,27.867745535714285
21,106,152,CulturaX,2951.328125,4,220,False,27.84271816037736
12,59,80,CulturaX,1721.75,2,134,False,29.18220338983051
7,35,48,CulturaX,951.25,1,91,True,27.178571428571427
10,43,66,CulturaX,1172.5,2,134,False,27.267441860465116
16,71,94,CulturaX,1839.671875,3,177,False,25.91087147887324
30,128,185,CulturaX,3677.859375,5,263,False,28.7332763671875
16,105,123,CulturaX,2446.609375,3,177,False,23.301041666666666
38,194,279,CulturaX,5217.765625,6,306,False,26.895699097938145
18,105,137,CulturaX,2623.75,3,177,False,24.988095238095237
8,33,45,CulturaX,768.671875,1,91,True,23.29308712121212
7,31,42,CulturaX,830.5,1,91,True,26.79032258064516
7,26,37,CulturaX,739.4375,1,91,True,28.439903846153847
8,37,43,CulturaX,833.453125,1,91,True,22.525760135135137
36,163,236,CulturaX,4500.828125,5,263,False,27.612442484662576
11,54,79,CulturaX,1531.25,2,134,False,28.35648148148148
15,64,90,CulturaX,1776.6875,2,134,False,27.7607421875
14,68,100,CulturaX,1896.09375,3,177,False,27.883731617647058
10,43,63,CulturaX,1216.0,2,134,False,28.27906976744186
13,54,73,CulturaX,1388.15625,2,134,False,25.70659722222222
8,32,41,CulturaX,833.21875,1,91,True,26.0380859375
13,55,75,CulturaX,1527.359375,2,134,False,27.770170454545454
36,153,212,CulturaX,4060.390625,5,263,False,26.538500816993466
9,42,60,CulturaX,1205.953125,2,134,False,28.713169642857142
47,221,304,CulturaX,5855.46875,7,349,False,26.49533371040724
12,63,90,CulturaX,1661.578125,2,134,False,26.374255952380953
23,106,150,CulturaX,3025.921875,4,220,False,28.54643278301887
19,92,129,CulturaX,2501.609375,3,177,False,27.19140625
8,39,47,CulturaX,921.46875,1,91,True,23.627403846153847
13,74,104,CulturaX,1981.640625,3,177,False,26.778927364864863
15,61,76,CulturaX,1509.765625,2,134,False,24.750256147540984
7,28,35,CulturaX,641.921875,1,91,True,22.92578125
10,43,58,CulturaX,1079.640625,2,134,False,25.107921511627907
23,107,138,CulturaX,2691.4375,3,177,False,25.1536214953271
8,31,51,CulturaX,914.1875,1,91,True,29.489919354838708
8,34,49,CulturaX,923.59375,1,91,True,27.16452205882353
25,118,170,CulturaX,3176.78125,4,220,False,26.921875
17,74,106,CulturaX,2013.5,3,177,False,27.20945945945946
11,42,62,CulturaX,1118.65625,2,134,False,26.63467261904762
34,147,208,CulturaX,4050.359375,5,263,False,27.55346513605442
9,42,62,CulturaX,1174.0,2,134,False,27.952380952380953
13,62,89,CulturaX,1679.3125,2,134,False,27.085685483870968
27,115,160,CulturaX,3055.65625,4,220,False,26.57092391304348
10,39,54,CulturaX,1025.171875,2,134,False,26.286458333333332
25,116,161,CulturaX,3047.921875,4,220,False,26.275188577586206
39,187,268,CulturaX,5024.53125,6,306,False,26.86915106951872
8,38,57,CulturaX,963.703125,2,134,False,25.36060855263158
9,32,45,CulturaX,806.984375,1,91,True,25.21826171875
27,122,164,CulturaX,3256.78125,4,220,False,26.694928278688526
15,66,96,CulturaX,1781.671875,2,134,False,26.99502840909091
8,32,46,CulturaX,835.234375,1,91,True,26.10107421875
36,159,217,CulturaX,4072.921875,5,263,False,25.615860849056602
32,155,217,CulturaX,4220.09375,5,263,False,27.22641129032258
43,194,266,CulturaX,5093.84375,6,306,False,26.256926546391753
7,33,52,CulturaX,886.5,1,91,True,26.863636363636363
27,116,165,CulturaX,2954.515625,4,220,False,25.469962284482758
11,47,64,CulturaX,1198.734375,2,134,False,25.50498670212766
40,169,244,CulturaX,4507.796875,5,263,False,26.67335428994083
10,37,47,CulturaX,938.265625,1,91,True,25.358530405405407
8,28,37,CulturaX,810.84375,1,91,True,28.958705357142858
11,53,72,CulturaX,1383.78125,2,134,False,26.109080188679247
28,133,182,CulturaX,3551.0,4,220,False,26.69924812030075
18,91,135,CulturaX,2527.890625,3,177,False,27.779017857142858
15,70,85,CulturaX,1797.203125,2,134,False,25.674330357142857
31,140,202,CulturaX,3807.171875,5,263,False,27.19408482142857
15,74,109,CulturaX,2086.65625,3,177,False,28.19805743243243
9,33,46,CulturaX,898.640625,1,91,True,27.23153409090909
8,28,41,CulturaX,707.5,1,91,True,25.267857142857142
7,29,39,CulturaX,809.21875,1,91,True,27.904094827586206
26,120,172,CulturaX,3083.921875,4,220,False,25.699348958333335
35,178,259,CulturaX,4616.140625,5,263,False,25.93337429775281
22,89,130,CulturaX,2313.03125,3,177,False,25.989115168539325
22,102,148,CulturaX,2795.765625,3,177,False,27.409466911764707
10,39,51,CulturaX,988.09375,2,134,False,25.33573717948718
32,153,211,CulturaX,3944.484375,5,263,False,25.78094362745098
9,38,55,CulturaX,1008.46875,2,134,False,26.538651315789473
20,102,139,CulturaX,2671.625,3,177,False,26.192401960784313
8,38,54,CulturaX,1016.9375,2,134,False,26.761513157894736
15,73,101,CulturaX,1926.125,3,177,False,26.38527397260274
36,183,268,CulturaX,4881.6875,6,306,False,26.675887978142075
7,30,49,CulturaX,858.015625,1,91,True,28.600520833333334
23,94,128,CulturaX,2410.46875,3,177,False,25.643284574468087
12,48,67,CulturaX,1320.359375,2,134,False,27.507486979166668
13,46,56,CulturaX,1156.046875,2,134,False,25.131453804347824
47,214,289,CulturaX,5554.515625,7,349,False,25.955680490654206
15,69,101,CulturaX,1900.609375,3,177,False,27.5450634057971
21,96,130,CulturaX,2584.59375,3,177,False,26.9228515625
8,30,41,CulturaX,749.28125,1,91,True,24.976041666666667
15,54,77,CulturaX,1577.09375,2,134,False,29.205439814814813
20,89,133,CulturaX,2510.71875,3,177,False,28.210323033707866
20,82,118,CulturaX,2120.453125,3,177,False,25.859184451219512
11,54,82,CulturaX,1480.640625,2,134,False,27.419270833333332
14,60,83,CulturaX,1524.96875,2,134,False,25.416145833333335
7,27,34,CulturaX,736.1875,1,91,True,27.266203703703702
10,38,48,CulturaX,834.5625,1,91,True,21.96217105263158
9,36,54,CulturaX,1005.0,2,134,False,27.916666666666668
8,36,50,CulturaX,968.765625,2,134,False,26.91015625
10,40,53,CulturaX,1018.375,2,134,False,25.459375
32,129,192,CulturaX,3575.640625,4,220,False,27.71814437984496
9,40,56,CulturaX,1129.140625,2,134,False,28.228515625
12,60,89,CulturaX,1611.65625,2,134,False,26.8609375
7,30,45,CulturaX,776.84375,1,91,True,25.894791666666666
34,141,191,CulturaX,3609.1875,4,220,False,25.597074468085108
14,60,85,CulturaX,1643.0625,2,134,False,27.384375
14,56,76,CulturaX,1504.1875,2,134,False,26.860491071428573
9,46,67,CulturaX,1224.046875,2,134,False,26.609714673913043
12,60,91,CulturaX,1629.265625,2,134,False,27.154427083333335
13,76,111,CulturaX,2043.6875,3,177,False,26.890625
11,62,88,CulturaX,1654.96875,2,134,False,26.693044354838708
11,61,85,CulturaX,1597.4375,2,134,False,26.1875
7,40,61,CulturaX,1092.921875,2,134,False,27.323046875
23,97,121,CulturaX,2461.890625,3,177,False,25.380315721649485
12,46,70,CulturaX,1223.109375,2,134,False,26.589334239130434
56,241,344,CulturaX,6636.359375,8,392,False,27.53676089211618
21,83,118,CulturaX,2218.859375,3,177,False,26.73324548192771
26,115,152,CulturaX,2764.703125,4,220,False,24.040896739130435
17,72,96,CulturaX,1874.234375,3,177,False,26.03103298611111
7,27,43,CulturaX,781.984375,1,91,True,28.96238425925926
29,119,168,CulturaX,3214.859375,4,220,False,27.015625
20,84,124,CulturaX,2433.265625,3,177,False,28.967447916666668
36,146,202,CulturaX,3781.265625,5,263,False,25.899079623287673
7,38,57,CulturaX,1063.234375,2,134,False,27.97985197368421
40,187,261,CulturaX,4937.046875,6,306,False,26.401320187165776
12,53,74,CulturaX,1264.28125,2,134,False,23.85436320754717
8,38,56,CulturaX,982.390625,2,134,False,25.85238486842105
7,35,49,CulturaX,968.625,2,134,False,27.675
7,30,42,CulturaX,848.984375,1,91,True,28.299479166666668
14,67,94,CulturaX,1686.015625,2,134,False,25.164412313432837
14,73,110,CulturaX,1966.015625,3,177,False,26.931720890410958
8,39,58,CulturaX,1124.9375,2,134,False,28.84455128205128
9,37,56,CulturaX,1098.03125,2,134,False,29.67652027027027
31,155,236,CulturaX,4233.625,5,263,False,27.313709677419354
9,43,61,CulturaX,1179.03125,2,134,False,27.419331395348838
14,67,84,CulturaX,1646.53125,2,134,False,24.57509328358209
16,62,87,CulturaX,1633.140625,2,134,False,26.340977822580644
7,33,45,CulturaX,869.6875,1,91,True,26.354166666666668
14,50,76,CulturaX,1485.25,2,134,False,29.705
7,34,45,CulturaX,862.78125,1,91,True,25.375919117647058
9,38,52,CulturaX,1026.65625,2,134,False,27.017269736842106
10,34,52,CulturaX,956.390625,1,91,True,28.129136029411764
9,39,49,CulturaX,948.265625,1,91,True,24.314503205128204
18,98,122,CulturaX,2457.90625,3,177,False,25.080676020408163
19,76,106,CulturaX,1972.65625,3,177,False,25.956003289473685
12,55,79,CulturaX,1391.296875,2,134,False,25.29630681818182
13,55,73,CulturaX,1506.359375,2,134,False,27.38835227272727
9,35,50,CulturaX,1004.796875,2,134,False,28.708482142857143
68,300,420,CulturaX,8035.046875,9,435,False,26.783489583333335
10,42,54,CulturaX,1093.296875,2,134,False,26.030877976190474
18,82,113,CulturaX,2130.5625,3,177,False,25.982469512195124
23,118,173,CulturaX,3120.609375,4,220,False,26.445842161016948
10,43,66,CulturaX,1178.40625,2,134,False,27.404796511627907
26,149,206,CulturaX,4046.71875,5,263,False,27.159186241610737
10,42,59,CulturaX,1143.375,2,134,False,27.223214285714285
8,29,40,CulturaX,735.46875,1,91,True,25.360991379310345
12,59,87,CulturaX,1635.1875,2,134,False,27.715042372881356
18,77,105,CulturaX,2090.859375,3,177,False,27.154017857142858
28,148,220,CulturaX,4107.953125,5,263,False,27.756440033783782
13,54,81,CulturaX,1361.0,2,134,False,25.203703703703702
16,68,101,CulturaX,1918.21875,3,177,False,28.209099264705884
7,24,32,CulturaX,659.078125,1,91,True,27.461588541666668
8,29,42,CulturaX,734.71875,1,91,True,25.33512931034483
20,93,130,CulturaX,2408.796875,3,177,False,25.901041666666668
7,28,41,CulturaX,776.859375,1,91,True,27.744977678571427
9,34,47,CulturaX,1000.671875,2,134,False,29.431525735294116
47,198,274,CulturaX,5279.9375,6,306,False,26.66635101010101
24,98,138,CulturaX,2439.296875,3,177,False,24.890784438775512
13,51,75,CulturaX,1410.203125,2,134,False,27.651041666666668
20,94,138,CulturaX,2577.921875,3,177,False,27.42470079787234
36,175,249,CulturaX,4713.203125,6,306,False,26.932589285714286
15,69,94,CulturaX,1856.203125,3,177,False,26.90149456521739
31,164,239,CulturaX,4340.828125,5,263,False,26.46846417682927
15,66,88,CulturaX,1743.078125,2,134,False,26.41027462121212
8,29,40,CulturaX,719.328125,1,91,True,24.804418103448278
68,310,442,CulturaX,8158.875,9,435,False,26.318951612903227
28,110,148,CulturaX,2809.65625,3,177,False,25.542329545454546
30,177,257,CulturaX,4699.5,6,306,False,26.550847457627118
15,64,91,CulturaX,1737.34375,2,134,False,27.14599609375
37,197,267,CulturaX,5047.5625,6,306,False,25.622144670050762
17,77,109,CulturaX,2046.90625,3,177,False,26.583198051948052
63,319,462,CulturaX,8751.6875,10,478,False,27.434757053291538
10,43,63,CulturaX,1183.859375,2,134,False,27.531613372093023
7,34,50,CulturaX,863.890625,1,91,True,25.40854779411765
16,65,99,CulturaX,1851.296875,3,177,False,28.481490384615384
22,101,144,CulturaX,2429.265625,3,177,False,24.052134900990097
9,36,53,CulturaX,956.1875,1,91,True,26.56076388888889
19,103,155,CulturaX,2742.4375,4,220,False,26.625606796116504
16,81,114,CulturaX,2185.484375,3,177,False,26.981288580246915
13,64,89,CulturaX,1675.3125,2,134,False,26.1767578125
38,158,228,CulturaX,4317.5625,5,263,False,27.32634493670886
11,51,79,CulturaX,1380.609375,2,134,False,27.07077205882353
16,78,113,CulturaX,2145.21875,3,177,False,27.502804487179485
10,45,68,CulturaX,1240.34375,2,134,False,27.563194444444445
11,54,81,CulturaX,1505.15625,2,134,False,27.87326388888889
20,103,119,CulturaX,2210.046875,3,177,False,21.45676577669903
10,42,61,CulturaX,1106.84375,2,134,False,26.35342261904762
42,196,280,CulturaX,5235.890625,6,306,False,26.713727678571427
7,31,54,CulturaX,824.015625,1,91,True,26.581149193548388
20,89,129,CulturaX,2294.0,3,177,False,25.775280898876403
15,55,75,CulturaX,1459.0625,2,134,False,26.52840909090909
16,85,123,CulturaX,2457.546875,3,177,False,28.91231617647059
9,42,60,CulturaX,1147.703125,2,134,False,27.32626488095238
8,38,57,CulturaX,1000.78125,2,134,False,26.336348684210527
11,56,82,CulturaX,1457.78125,2,134,False,26.031808035714285
13,57,79,CulturaX,1443.359375,2,134,False,25.322094298245613
19,89,130,CulturaX,2399.125,3,177,False,26.956460674157302
40,165,229,CulturaX,4265.4375,5,263,False,25.851136363636364
24,97,143,CulturaX,2664.703125,3,177,False,27.4711662371134
11,50,74,CulturaX,1334.703125,2,134,False,26.6940625
10,36,51,CulturaX,1008.734375,2,134,False,28.020399305555557
18,85,115,CulturaX,2247.609375,3,177,False,26.442463235294117
18,77,112,CulturaX,2053.34375,3,177,False,26.666801948051948
15,66,88,CulturaX,1707.0,2,134,False,25.863636363636363
14,54,78,CulturaX,1428.4375,2,134,False,26.452546296296298
24,103,153,CulturaX,2801.53125,4,220,False,27.199332524271846
8,31,46,CulturaX,869.078125,1,91,True,28.034778225806452
8,35,47,CulturaX,957.4375,1,91,True,27.355357142857144
13,61,90,CulturaX,1564.890625,2,134,False,25.653944672131146
18,77,109,CulturaX,2072.953125,3,177,False,26.921469155844157
49,197,282,CulturaX,5201.640625,6,306,False,26.404267131979694
14,60,94,CulturaX,1581.8125,2,134,False,26.363541666666666
7,36,50,CulturaX,1005.015625,2,134,False,27.917100694444443
30,141,188,CulturaX,3724.46875,5,263,False,26.414671985815602
26,116,167,CulturaX,3016.125,4,220,False,26.001077586206897
12,52,71,CulturaX,1456.171875,2,134,False,28.00330528846154
21,99,143,CulturaX,2661.609375,4,220,False,26.884943181818183
8,34,41,CulturaX,833.34375,1,91,True,24.51011029411765
8,32,46,CulturaX,937.703125,1,91,True,29.30322265625
33,168,248,CulturaX,4621.890625,6,306,False,27.511253720238095
8,33,46,CulturaX,895.734375,1,91,True,27.14346590909091
10,42,62,CulturaX,1193.21875,2,134,False,28.409970238095237
24,113,139,CulturaX,2617.75,3,177,False,23.16592920353982
8,33,46,CulturaX,869.0,1,91,True,26.333333333333332
13,55,77,CulturaX,1462.875,2,134,False,26.597727272727273
21,93,132,CulturaX,2630.71875,3,177,False,28.287298387096776
30,143,205,CulturaX,3843.03125,5,263,False,26.874344405594407
27,130,184,CulturaX,3479.71875,4,220,False,26.767067307692308
7,40,62,CulturaX,1072.71875,2,134,False,26.81796875
9,45,61,CulturaX,1200.515625,2,134,False,26.678125
28,116,159,CulturaX,2936.640625,4,220,False,25.31586745689655
23,108,152,CulturaX,2890.984375,4,220,False,26.76837384259259
10,50,74,CulturaX,1404.171875,2,134,False,28.0834375
16,73,110,CulturaX,2045.734375,3,177,False,28.023758561643834
22,105,155,CulturaX,2935.390625,4,220,False,27.95610119047619
7,32,36,CulturaX,819.078125,1,91,True,25.59619140625
9,33,45,CulturaX,875.875,1,91,True,26.541666666666668
38,172,243,CulturaX,4447.84375,5,263,False,25.859556686046513
26,118,170,CulturaX,3152.265625,4,220,False,26.714115466101696
28,119,159,CulturaX,3209.78125,4,220,False,26.97295168067227
11,43,68,CulturaX,1183.6875,2,134,False,27.52761627906977
19,78,112,CulturaX,2127.953125,3,177,False,27.28145032051282
17,76,110,CulturaX,1880.984375,3,177,False,24.749794407894736
14,57,78,CulturaX,1544.0625,2,134,False,27.088815789473685
9,43,61,CulturaX,1114.0,2,134,False,25.906976744186046
8,24,33,CulturaX,661.265625,1,91,True,27.552734375
15,83,98,CulturaX,1876.25,2,134,False,22.60542168674699
12,52,67,CulturaX,1393.46875,2,134,False,26.79747596153846
34,142,196,CulturaX,3846.625,5,263,False,27.088908450704224
26,120,172,CulturaX,3301.796875,4,220,False,27.514973958333332
9,46,61,CulturaX,1162.3125,2,134,False,25.26766304347826
13,54,75,CulturaX,1479.921875,2,134,False,27.40596064814815
24,94,121,CulturaX,2468.765625,3,177,False,26.26346409574468
13,60,85,CulturaX,1472.703125,2,134,False,24.545052083333335
9,41,58,CulturaX,1189.421875,2,134,False,29.010289634146343
8,32,49,CulturaX,848.484375,1,91,True,26.51513671875
14,72,117,CulturaX,1971.046875,3,177,False,27.375651041666668
7,27,37,CulturaX,702.671875,1,91,True,26.02488425925926
12,70,106,CulturaX,1821.4375,3,177,False,26.020535714285714
13,47,66,CulturaX,1305.015625,2,134,False,27.76628989361702
13,58,77,CulturaX,1532.03125,2,134,False,26.414331896551722
60,289,405,CulturaX,7636.0625,9,435,False,26.422361591695502
34,175,255,CulturaX,4688.875,6,306,False,26.79357142857143
19,96,125,CulturaX,2152.625,3,177,False,22.423177083333332
9,36,49,CulturaX,983.109375,2,134,False,27.30859375
29,126,176,CulturaX,3198.46875,4,220,False,25.38467261904762
26,109,158,CulturaX,3011.109375,4,220,False,27.624856651376145
10,42,59,CulturaX,1085.984375,2,134,False,25.856770833333332
20,91,135,CulturaX,2437.921875,3,177,False,26.790350274725274
27,123,183,CulturaX,3324.9375,4,220,False,27.03201219512195
10,51,61,CulturaX,1088.453125,2,134,False,21.342218137254903
8,44,66,CulturaX,1157.5,2,134,False,26.306818181818183
13,50,63,CulturaX,1288.96875,2,134,False,25.779375
28,137,199,CulturaX,3712.640625,4,220,False,27.099566605839417
21,87,123,CulturaX,2252.5625,3,177,False,25.89152298850575
10,35,50,CulturaX,941.890625,1,91,True,26.911160714285714
10,40,57,CulturaX,1039.28125,2,134,False,25.98203125
12,59,86,CulturaX,1658.71875,2,134,False,28.11387711864407
29,125,189,CulturaX,3377.359375,4,220,False,27.018875
8,35,51,CulturaX,905.46875,1,91,True,25.870535714285715
39,171,225,CulturaX,4442.265625,5,263,False,25.978161549707604
13,54,82,CulturaX,1449.4375,2,134,False,26.841435185185187
12,47,66,CulturaX,1333.890625,2,134,False,28.38065159574468
28,122,173,CulturaX,3193.21875,4,220,False,26.17392418032787
9,64,90,CulturaX,1770.40625,2,134,False,27.66259765625
8,36,56,CulturaX,934.78125,1,91,True,25.966145833333332
20,95,145,CulturaX,2577.984375,3,177,False,27.136677631578948
13,55,82,CulturaX,1416.3125,2,134,False,25.751136363636363
33,159,231,CulturaX,4398.53125,5,263,False,27.66371855345912
9,39,55,CulturaX,1018.25,2,134,False,26.108974358974358
13,63,92,CulturaX,1714.75,2,134,False,27.21825396825397
15,64,90,CulturaX,1821.96875,2,134,False,28.46826171875
8,38,52,CulturaX,924.484375,1,91,True,24.328536184210527
30,131,182,CulturaX,3473.53125,4,220,False,26.515505725190838
9,40,50,CulturaX,1057.109375,2,134,False,26.427734375
25,123,167,CulturaX,3263.4375,4,220,False,26.53201219512195
8,36,54,CulturaX,990.03125,2,134,False,27.500868055555557
7,29,39,CulturaX,745.203125,1,91,True,25.69665948275862
9,41,60,CulturaX,1065.765625,2,134,False,25.994283536585368
11,42,64,CulturaX,1128.75,2,134,False,26.875
8,37,50,CulturaX,979.375,2,134,False,26.469594594594593
13,64,94,CulturaX,1660.953125,2,134,False,25.952392578125
7,30,39,CulturaX,842.84375,1,91,True,28.094791666666666
13,53,69,CulturaX,1392.46875,2,134,False,26.27299528301887
8,33,51,CulturaX,950.65625,1,91,True,28.807765151515152
22,104,147,CulturaX,2821.8125,4,220,False,27.1328125
9,36,52,CulturaX,956.671875,1,91,True,26.57421875
8,35,50,CulturaX,921.296875,1,91,True,26.322767857142857
11,55,72,CulturaX,1400.734375,2,134,False,25.467897727272728
24,101,132,CulturaX,2595.140625,3,177,False,25.694461633663366
7,24,36,CulturaX,591.671875,1,91,True,24.652994791666668
18,84,118,CulturaX,2291.25,3,177,False,27.276785714285715
11,50,67,CulturaX,1310.078125,2,134,False,26.2015625
15,68,101,CulturaX,1854.109375,3,177,False,27.266314338235293
8,43,65,CulturaX,1086.359375,2,134,False,25.264171511627907
15,54,74,CulturaX,1308.609375,2,134,False,24.233506944444443
13,49,71,CulturaX,1366.171875,2,134,False,27.881058673469386
22,108,158,CulturaX,2971.390625,4,220,False,27.51287615740741
8,36,51,CulturaX,783.296875,1,91,True,21.75824652777778
27,110,153,CulturaX,2816.671875,4,220,False,25.606107954545454
7,33,46,CulturaX,891.640625,1,91,True,27.01941287878788
14,66,92,CulturaX,1745.984375,2,134,False,26.45430871212121
14,54,78,CulturaX,1401.4375,2,134,False,25.952546296296298
11,59,90,CulturaX,1659.359375,2,134,False,28.124735169491526
21,114,152,CulturaX,3106.84375,4,220,False,27.25301535087719
17,73,97,CulturaX,1897.875,3,177,False,25.998287671232877
7,34,47,CulturaX,884.046875,1,91,True,26.001378676470587
18,68,94,CulturaX,1785.25,2,134,False,26.253676470588236
20,100,148,CulturaX,2520.09375,3,177,False,25.2009375
23,113,157,CulturaX,3008.234375,4,220,False,26.62154314159292
31,175,239,CulturaX,4556.625,6,306,False,26.037857142857142
9,39,51,CulturaX,1058.65625,2,134,False,27.14503205128205
9,44,64,CulturaX,1168.984375,2,134,False,26.567826704545453
25,121,161,CulturaX,2974.84375,4,220,False,24.58548553719008
7,23,30,CulturaX,607.546875,1,91,True,26.41508152173913
16,69,104,CulturaX,1844.109375,2,134,False,26.726222826086957
21,97,129,CulturaX,2597.4375,3,177,False,26.77770618556701
12,56,77,CulturaX,1428.6875,2,134,False,25.512276785714285
17,72,101,CulturaX,1923.078125,3,177,False,26.70941840277778
22,84,117,CulturaX,2298.65625,3,177,False,27.364955357142858
12,55,71,CulturaX,1259.96875,2,134,False,22.90852272727273
16,70,108,CulturaX,1931.546875,3,177,False,27.593526785714285
15,76,108,CulturaX,2128.296875,3,177,False,28.00390625
15,59,82,CulturaX,1540.875,2,134,False,26.116525423728813
26,137,193,CulturaX,3677.671875,5,263,False,26.844320255474454
29,144,206,CulturaX,3901.734375,5,263,False,27.095377604166668
17,80,117,CulturaX,2244.953125,3,177,False,28.0619140625
14,59,83,CulturaX,1490.65625,2,134,False,25.265360169491526
22,91,133,CulturaX,2521.9375,3,177,False,27.7135989010989
21,83,118,CulturaX,2267.8125,3,177,False,27.3230421686747
7,32,47,CulturaX,863.96875,1,91,True,26.9990234375
167,815,1151,CulturaX,22525.53125,26,1166,False,27.638688650306747
15,65,83,CulturaX,1688.484375,2,134,False,25.97668269230769
12,50,72,CulturaX,1282.703125,2,134,False,25.6540625
19,75,104,CulturaX,2014.125,3,177,False,26.855
13,58,78,CulturaX,1521.0,2,134,False,26.224137931034484
20,102,144,CulturaX,2690.359375,3,177,False,26.376072303921568
21,97,146,CulturaX,2711.5625,3,177,False,27.954252577319586
8,41,61,CulturaX,1064.203125,2,134,False,25.956173780487806
13,67,104,CulturaX,1903.953125,2,134,False,28.417210820895523
26,137,195,CulturaX,3566.921875,4,220,False,26.03592609489051
14,65,90,CulturaX,1746.859375,2,134,False,26.874759615384615
10,52,76,CulturaX,1429.953125,2,134,False,27.499098557692307
20,100,138,CulturaX,2775.046875,3,177,False,27.75046875
23,112,154,CulturaX,3088.28125,4,220,False,27.573939732142858
17,78,115,CulturaX,2082.640625,3,177,False,26.700520833333332
11,50,71,CulturaX,1395.8125,2,134,False,27.91625
10,41,56,CulturaX,1171.5,2,134,False,28.573170731707318
52,218,304,CulturaX,5675.484375,7,349,False,26.034331995412845
13,54,77,CulturaX,1321.984375,2,134,False,24.48119212962963
17,77,109,CulturaX,2047.265625,3,177,False,26.58786525974026
19,76,113,CulturaX,2153.78125,3,177,False,28.33922697368421
15,68,99,CulturaX,1913.53125,3,177,False,28.14016544117647
12,54,79,CulturaX,1482.484375,2,134,False,27.45341435185185
9,41,57,CulturaX,1041.921875,2,134,False,25.412728658536587
8,38,55,CulturaX,1059.265625,2,134,False,27.875411184210527
12,49,66,CulturaX,1337.53125,2,134,False,27.29655612244898
13,56,79,CulturaX,1570.828125,2,134,False,28.050502232142858
16,66,98,CulturaX,1777.25,2,134,False,26.928030303030305
7,33,49,CulturaX,879.28125,1,91,True,26.644886363636363
15,77,114,CulturaX,2161.1875,3,177,False,28.06737012987013
22,97,130,CulturaX,2538.1875,3,177,False,26.16688144329897
7,44,65,CulturaX,1230.1875,2,134,False,27.958806818181817
27,120,163,CulturaX,3165.328125,4,220,False,26.377734375
34,143,200,CulturaX,3866.484375,5,263,False,27.038352272727273
14,56,80,CulturaX,1538.25,2,134,False,27.46875
6,21,29,CulturaX,599.640625,1,91,True,28.554315476190474
16,78,102,CulturaX,1872.078125,2,134,False,24.001001602564102
10,46,67,CulturaX,1255.328125,2,134,False,27.289741847826086
46,196,277,CulturaX,5277.75,6,306,False,26.927295918367346
59,272,373,CulturaX,7045.765625,8,392,False,25.903550091911764
34,152,199,CulturaX,4079.9375,5,263,False,26.84169407894737
39,168,240,CulturaX,4568.6875,5,263,False,27.194568452380953
7,34,51,CulturaX,958.828125,1,91,True,28.20082720588235
38,175,243,CulturaX,4739.671875,6,306,False,27.083839285714287
15,65,90,CulturaX,1721.921875,2,134,False,26.49110576923077
13,55,71,CulturaX,1467.953125,2,134,False,26.69005681818182
8,31,45,CulturaX,805.9375,1,91,True,25.99798387096774
10,49,74,CulturaX,1307.421875,2,134,False,26.682079081632654
12,49,69,CulturaX,1393.1875,2,134,False,28.432397959183675
11,46,66,CulturaX,1235.53125,2,134,False,26.859375
18,77,108,CulturaX,2089.140625,3,177,False,27.131696428571427
12,45,58,CulturaX,1117.875,2,134,False,24.841666666666665
21,95,139,CulturaX,2416.5,3,177,False,25.436842105263157
20,89,135,CulturaX,2485.859375,3,177,False,27.931004213483146
32,128,192,CulturaX,3519.515625,4,220,False,27.4962158203125
10,45,65,CulturaX,1148.265625,2,134,False,25.51701388888889
30,138,197,CulturaX,3509.1875,4,220,False,25.42889492753623
8,30,37,CulturaX,719.25,1,91,True,23.975
14,63,91,CulturaX,1750.234375,2,134,False,27.781498015873016
28,130,184,CulturaX,3420.25,4,220,False,26.309615384615384
7,34,41,CulturaX,892.375,1,91,True,26.246323529411764
9,33,43,CulturaX,820.65625,1,91,True,24.86837121212121
59,258,358,CulturaX,6663.09375,8,392,False,25.82594476744186
7,41,56,CulturaX,1148.59375,2,134,False,28.014481707317074
8,39,49,CulturaX,854.5,1,91,True,21.91025641025641
32,148,220,CulturaX,3905.8125,5,263,False,26.390625
8,43,65,CulturaX,1192.265625,2,134,False,27.727107558139537
9,35,51,CulturaX,915.734375,1,91,True,26.163839285714285
11,51,72,CulturaX,1335.09375,2,134,False,26.178308823529413
8,41,63,CulturaX,1138.40625,2,134,False,27.766006097560975
10,44,60,CulturaX,1139.359375,2,134,False,25.89453125
10,34,45,CulturaX,926.125,1,91,True,27.238970588235293
28,123,166,CulturaX,3393.109375,4,220,False,27.586255081300813
23,101,139,CulturaX,2852.78125,4,220,False,28.24535891089109
15,73,101,CulturaX,2032.984375,3,177,False,27.84910102739726
19,87,121,CulturaX,2309.0625,3,177,False,26.540948275862068
28,124,176,CulturaX,3126.765625,4,220,False,25.215851814516128
25,110,148,CulturaX,2970.828125,4,220,False,27.00752840909091
37,159,219,CulturaX,4235.21875,5,263,False,26.636595911949687
14,52,77,CulturaX,1415.3125,2,134,False,27.217548076923077
12,55,77,CulturaX,1546.65625,2,134,False,28.121022727272727
9,41,57,CulturaX,1071.453125,2,134,False,26.133003048780488
10,48,67,CulturaX,1285.03125,2,134,False,26.771484375
10,50,74,CulturaX,1314.40625,2,134,False,26.288125
25,120,178,CulturaX,3295.59375,4,220,False,27.46328125
19,76,105,CulturaX,2032.328125,3,177,False,26.741159539473685
13,56,75,CulturaX,1432.859375,2,134,False,25.586774553571427
11,54,88,CulturaX,1424.640625,2,134,False,26.382233796296298
38,165,225,CulturaX,4336.015625,5,263,False,26.278882575757574
18,91,129,CulturaX,2468.4375,3,177,False,27.125686813186814
21,102,146,CulturaX,2784.703125,4,220,False,27.301011029411764
10,57,92,CulturaX,1675.265625,2,134,False,29.390625
9,41,62,CulturaX,1137.640625,2,134,False,27.74733231707317
7,34,47,CulturaX,957.828125,1,91,True,28.17141544117647
7,25,37,CulturaX,642.453125,1,91,True,25.698125
9,45,59,CulturaX,968.28125,2,134,False,21.51736111111111
25,109,147,CulturaX,2929.203125,4,220,False,26.873423165137616
7,29,43,CulturaX,812.53125,1,91,True,28.018318965517242
9,35,51,CulturaX,955.453125,1,91,True,27.298660714285713
30,127,170,CulturaX,3279.796875,4,220,False,25.82517224409449
9,41,57,CulturaX,1058.78125,2,134,False,25.82393292682927
15,67,98,CulturaX,1850.78125,2,134,False,27.623600746268657
11,44,65,CulturaX,1182.515625,2,134,False,26.875355113636363
31,141,201,CulturaX,3873.484375,5,263,False,27.47152039007092
17,68,99,CulturaX,1860.296875,3,177,False,27.357306985294116
39,155,224,CulturaX,4239.34375,5,263,False,27.35060483870968
17,68,94,CulturaX,1950.578125,3,177,False,28.684972426470587
7,36,49,CulturaX,993.90625,2,134,False,27.608506944444443
27,116,167,CulturaX,3063.5625,4,220,False,26.41002155172414
12,58,84,CulturaX,1639.09375,2,134,False,28.260237068965516
19,72,108,CulturaX,2002.703125,3,177,False,27.815321180555557
14,66,93,CulturaX,1787.921875,2,134,False,27.08972537878788
32,154,222,CulturaX,4188.015625,5,263,False,27.194906655844157
15,76,108,CulturaX,1938.140625,3,177,False,25.50185032894737
18,74,113,CulturaX,2066.609375,3,177,False,27.927153716216218
11,49,71,CulturaX,1295.8125,2,134,False,26.445153061224488
56,237,317,CulturaX,6172.59375,7,349,False,26.044699367088608
62,268,375,CulturaX,7284.9375,9,435,False,27.182602611940297
17,76,117,CulturaX,2169.09375,3,177,False,28.540707236842106
12,53,74,CulturaX,1431.53125,2,134,False,27.01002358490566
70,272,388,CulturaX,7382.03125,9,435,False,27.139820772058822
19,87,124,CulturaX,2343.671875,3,177,False,26.938757183908045
8,47,57,CulturaX,1064.671875,2,134,False,22.652593085106382
12,49,74,CulturaX,1412.578125,2,134,False,28.828125
25,124,191,CulturaX,3363.203125,4,220,False,27.122605846774192
14,61,87,CulturaX,1710.0625,2,134,False,28.033811475409838
13,60,83,CulturaX,1573.859375,2,134,False,26.230989583333333
31,140,196,CulturaX,3718.734375,5,263,False,26.562388392857144
15,65,90,CulturaX,1704.078125,2,134,False,26.216586538461538
14,62,85,CulturaX,1658.34375,2,134,False,26.747479838709676
76,347,479,CulturaX,8969.296875,11,521,False,25.848117795389047
22,97,130,CulturaX,2598.296875,3,177,False,26.786565721649485
26,158,186,CulturaX,3430.078125,4,220,False,21.709355221518987
30,129,187,CulturaX,3491.375,4,220,False,27.064922480620154
14,62,87,CulturaX,1601.234375,2,134,False,25.826360887096776
7,34,52,CulturaX,1028.484375,2,134,False,30.24954044117647
15,73,102,CulturaX,1893.171875,3,177,False,25.933861301369863
16,79,113,CulturaX,2218.640625,3,177,False,28.084058544303797
8,41,60,CulturaX,1094.03125,2,134,False,26.683689024390244
12,54,80,CulturaX,1526.390625,2,134,False,28.266493055555557
13,55,80,CulturaX,1401.90625,2,134,False,25.489204545454545
27,114,165,CulturaX,3041.109375,4,220,False,26.67639802631579
37,177,255,CulturaX,4872.625,6,306,False,27.528954802259886
11,53,72,CulturaX,1470.046875,2,134,False,27.73673349056604
45,195,274,CulturaX,5100.0,6,306,False,26.153846153846153
17,69,94,CulturaX,1766.6875,2,134,False,25.604166666666668
19,82,107,CulturaX,2208.46875,3,177,False,26.932545731707318
33,150,214,CulturaX,4127.25,5,263,False,27.515
13,67,96,CulturaX,1785.09375,2,134,False,26.643190298507463
21,82,118,CulturaX,2206.59375,3,177,False,26.90967987804878
11,46,63,CulturaX,1254.109375,2,134,False,27.263247282608695
21,103,153,CulturaX,2832.890625,4,220,False,27.503792475728154
16,68,98,CulturaX,1853.4375,2,134,False,27.256433823529413
19,86,124,CulturaX,2312.984375,3,177,False,26.89516715116279
19,85,126,CulturaX,2351.546875,3,177,False,27.665257352941175
19,88,119,CulturaX,2361.53125,3,177,False,26.835582386363637
11,45,56,CulturaX,1091.3125,2,134,False,24.25138888888889
29,129,182,CulturaX,3221.734375,4,220,False,24.97468507751938
7,24,34,CulturaX,638.640625,1,91,True,26.610026041666668
7,29,44,CulturaX,895.15625,1,91,True,30.867456896551722
13,61,91,CulturaX,1809.0625,2,134,False,29.65676229508197
9,40,57,CulturaX,992.671875,2,134,False,24.816796875
7,32,42,CulturaX,858.84375,1,91,True,26.8388671875
19,93,133,CulturaX,2384.1875,3,177,False,25.636424731182796
18,76,102,CulturaX,1994.265625,3,177,False,26.24033717105263
11,53,74,CulturaX,1435.34375,2,134,False,27.08195754716981
22,101,150,CulturaX,2659.484375,3,177,False,26.331528465346533
36,172,224,CulturaX,4444.75,5,263,False,25.84156976744186
12,56,80,CulturaX,1551.890625,2,134,False,27.712332589285715
18,80,114,CulturaX,2222.875,3,177,False,27.7859375
17,83,122,CulturaX,2192.78125,3,177,False,26.419051204819276
16,75,110,CulturaX,1944.65625,3,177,False,25.92875
13,44,63,CulturaX,1167.171875,2,134,False,26.526633522727273
20,88,119,CulturaX,2248.1875,3,177,False,25.547585227272727
47,225,311,CulturaX,6110.359375,7,349,False,27.157152777777778
15,60,82,CulturaX,1526.09375,2,134,False,25.434895833333332
14,61,88,CulturaX,1604.125,2,134,False,26.297131147540984
7,28,38,CulturaX,762.703125,1,91,True,27.239397321428573
56,242,339,CulturaX,6401.875,7,349,False,26.454028925619834
8,26,36,CulturaX,711.109375,1,91,True,27.350360576923077
15,67,97,CulturaX,1818.46875,2,134,False,27.14132462686567
25,96,134,CulturaX,2639.90625,3,177,False,27.4990234375
12,45,61,CulturaX,1187.59375,2,134,False,26.39097222222222
11,51,71,CulturaX,1302.5625,2,134,False,25.540441176470587
9,38,48,CulturaX,902.953125,1,91,True,23.761924342105264
18,97,135,CulturaX,2524.53125,3,177,False,26.02609536082474
13,56,88,CulturaX,1723.65625,2,134,False,30.779575892857142
11,48,66,CulturaX,1276.203125,2,134,False,26.587565104166668
16,80,120,CulturaX,2088.71875,3,177,False,26.108984375
31,145,210,CulturaX,3855.296875,5,263,False,26.588254310344826
22,97,142,CulturaX,2538.96875,3,177,False,26.17493556701031
11,39,54,CulturaX,1056.28125,2,134,False,27.084134615384617
25,107,149,CulturaX,2867.953125,4,220,False,26.80330023364486
22,91,123,CulturaX,2435.59375,3,177,False,26.764766483516482
12,53,78,CulturaX,1509.1875,2,134,False,28.475235849056602
14,64,93,CulturaX,1734.375,2,134,False,27.099609375
12,55,72,CulturaX,1439.25,2,134,False,26.168181818181818
12,55,81,CulturaX,1517.0625,2,134,False,27.582954545454545
10,34,44,CulturaX,945.375,1,91,True,27.80514705882353
18,91,134,CulturaX,2480.6875,3,177,False,27.260302197802197
17,82,113,CulturaX,2215.125,3,177,False,27.013719512195124
12,44,57,CulturaX,1044.296875,2,134,False,23.734019886363637
32,144,195,CulturaX,3755.703125,5,263,False,26.08127170138889
14,62,88,CulturaX,1503.015625,2,134,False,24.2421875
7,34,41,CulturaX,818.03125,1,91,True,24.059742647058822
7,30,40,CulturaX,780.140625,1,91,True,26.0046875
24,108,147,CulturaX,2844.046875,4,220,False,26.33376736111111
24,111,154,CulturaX,2912.875,4,220,False,26.242117117117118
69,334,468,CulturaX,8851.53125,10,478,False,26.501590568862277
10,40,52,CulturaX,1032.1875,2,134,False,25.8046875
13,63,91,CulturaX,1628.921875,2,134,False,25.85590277777778
22,88,125,CulturaX,2439.984375,3,177,False,27.727095170454547
11,50,75,CulturaX,1344.640625,2,134,False,26.8928125
7,29,39,CulturaX,791.453125,1,91,True,27.291487068965516
22,103,141,CulturaX,2590.125,3,177,False,25.146844660194176
11,43,61,CulturaX,1145.015625,2,134,False,26.62827034883721
20,100,151,CulturaX,2597.578125,3,177,False,25.97578125
20,107,152,CulturaX,2972.375,4,220,False,27.779205607476637
40,168,242,CulturaX,4500.625,6,306,False,26.789434523809526
9,37,55,CulturaX,1070.875,2,134,False,28.94256756756757
24,114,164,CulturaX,2964.78125,4,220,False,26.00685307017544
24,119,168,CulturaX,3297.5,4,220,False,27.710084033613445
8,32,48,CulturaX,883.546875,1,91,True,27.61083984375
31,147,209,CulturaX,3997.65625,5,263,False,27.194940476190474
15,54,77,CulturaX,1558.75,2,134,False,28.86574074074074
23,98,132,CulturaX,2565.96875,3,177,False,26.183354591836736
22,96,135,CulturaX,2522.71875,3,177,False,26.2783203125
7,32,45,CulturaX,809.859375,1,91,True,25.30810546875
11,42,55,CulturaX,1106.0625,2,134,False,26.334821428571427
16,69,105,CulturaX,1794.03125,2,134,False,26.000452898550726
12,51,71,CulturaX,1236.3125,2,134,False,24.24142156862745
20,98,144,CulturaX,2617.640625,3,177,False,26.71061862244898
15,55,80,CulturaX,1519.4375,2,134,False,27.626136363636363
22,118,174,CulturaX,2965.375,4,220,False,25.13029661016949
25,107,150,CulturaX,2660.96875,3,177,False,24.868866822429908
14,63,86,CulturaX,1608.078125,2,134,False,25.525049603174605
23,97,140,CulturaX,2494.8125,3,177,False,25.71971649484536
9,38,57,CulturaX,1081.0625,2,134,False,28.449013157894736
9,39,56,CulturaX,1105.671875,2,134,False,28.350560897435898
18,90,126,CulturaX,2441.734375,3,177,False,27.130381944444444
18,74,104,CulturaX,1979.0,3,177,False,26.743243243243242
20,90,126,CulturaX,2337.1875,3,177,False,25.96875
53,230,321,CulturaX,6021.0625,7,349,False,26.17853260869565
8,32,48,CulturaX,886.25,1,91,True,27.6953125
28,134,175,CulturaX,3541.859375,4,220,False,26.431786380597014
19,74,107,CulturaX,1918.015625,3,177,False,25.91913006756757
10,41,57,CulturaX,1110.546875,2,134,False,27.086509146341463
14,59,80,CulturaX,1538.078125,2,134,False,26.069120762711865
8,35,48,CulturaX,971.859375,2,134,False,27.767410714285713
9,35,50,CulturaX,891.21875,1,91,True,25.463392857142857
11,48,62,CulturaX,1266.09375,2,134,False,26.376953125
19,91,129,CulturaX,2358.453125,3,177,False,25.917067307692307
16,63,89,CulturaX,1691.25,2,134,False,26.845238095238095
13,63,87,CulturaX,1696.453125,2,134,False,26.92782738095238
15,59,82,CulturaX,1573.703125,2,134,False,26.6729343220339
14,63,86,CulturaX,1632.078125,2,134,False,25.906001984126984
20,89,124,CulturaX,2331.28125,3,177,False,26.194171348314608
16,86,127,CulturaX,2329.609375,3,177,False,27.088481104651162
28,133,180,CulturaX,3382.8125,4,220,False,25.434680451127818
9,35,42,CulturaX,820.609375,1,91,True,23.445982142857144
12,78,127,CulturaX,2246.5625,3,177,False,28.802083333333332
10,40,55,CulturaX,1098.78125,2,134,False,27.46953125
7,24,33,CulturaX,634.84375,1,91,True,26.451822916666668
17,66,91,CulturaX,1777.328125,2,134,False,26.929214015151516
12,61,93,CulturaX,1722.828125,2,134,False,28.243084016393443
12,52,72,CulturaX,1489.46875,2,134,False,28.643629807692307
21,86,119,CulturaX,2313.203125,3,177,False,26.897710755813954
7,29,36,CulturaX,716.5625,1,91,True,24.709051724137932
32,137,198,CulturaX,3566.171875,4,220,False,26.030451642335766
9,40,63,CulturaX,1095.34375,2,134,False,27.38359375
9,39,56,CulturaX,1039.734375,2,134,False,26.65985576923077
13,63,93,CulturaX,1723.625,2,134,False,27.359126984126984
10,42,68,CulturaX,1066.984375,2,134,False,25.40438988095238
20,89,129,CulturaX,2452.25,3,177,False,27.553370786516854
17,71,98,CulturaX,2025.640625,3,177,False,28.530149647887324
9,44,64,CulturaX,1185.375,2,134,False,26.94034090909091
15,67,90,CulturaX,1665.109375,2,134,False,24.852378731343283
13,60,82,CulturaX,1553.515625,2,134,False,25.891927083333332
17,77,106,CulturaX,1974.703125,3,177,False,25.64549512987013
15,56,83,CulturaX,1564.59375,2,134,False,27.939174107142858
21,74,103,CulturaX,1866.390625,2,134,False,25.22149493243243
12,51,76,CulturaX,1344.09375,2,134,False,26.354779411764707
11,42,61,CulturaX,1061.0625,2,134,False,25.263392857142858
42,186,264,CulturaX,4952.828125,6,306,False,26.628108198924732
8,38,54,CulturaX,1047.984375,2,134,False,27.578536184210527
13,59,78,CulturaX,1575.9375,2,134,False,26.71080508474576
17,77,108,CulturaX,2048.0,3,177,False,26.5974025974026
15,66,98,CulturaX,1801.25,2,134,False,27.291666666666668
27,122,169,CulturaX,3254.828125,4,220,False,26.678919057377048
8,30,41,CulturaX,830.46875,1,91,True,27.682291666666668
18,92,129,CulturaX,2375.703125,3,177,False,25.822860054347824
23,124,184,CulturaX,3173.546875,4,220,False,25.59311995967742
12,52,75,CulturaX,1437.21875,2,134,False,27.638822115384617
12,54,75,CulturaX,1369.5,2,134,False,25.36111111111111
29,133,177,CulturaX,3341.4375,4,220,False,25.12359022556391
8,37,52,CulturaX,1045.765625,2,134,False,28.26393581081081
63,280,390,CulturaX,7476.453125,9,435,False,26.70161830357143
9,33,48,CulturaX,904.203125,1,91,True,27.400094696969695
15,74,104,CulturaX,2002.453125,3,177,False,27.060177364864863
21,91,127,CulturaX,2455.046875,3,177,False,26.978537087912088
22,106,151,CulturaX,2937.828125,4,220,False,27.71535966981132
7,33,48,CulturaX,936.40625,1,91,True,28.37594696969697
72,317,450,CulturaX,8523.359375,10,478,False,26.88756900630915
19,75,112,CulturaX,1927.59375,3,177,False,25.70125
9,41,56,CulturaX,1057.515625,2,134,False,25.793064024390244
21,98,145,CulturaX,2462.421875,3,177,False,25.126753826530614
22,99,138,CulturaX,2687.84375,3,177,False,27.14993686868687
36,171,252,CulturaX,4796.625,6,306,False,28.05043859649123
23,103,149,CulturaX,2738.734375,3,177,False,26.589654126213592
22,100,146,CulturaX,2662.796875,3,177,False,26.62796875
26,134,186,CulturaX,3606.390625,4,220,False,26.91336287313433
11,55,79,CulturaX,1447.1875,2,134,False,26.3125
22,107,157,CulturaX,2876.9375,4,220,False,26.887266355140188
11,45,68,CulturaX,1218.265625,2,134,False,27.072569444444444
18,86,120,CulturaX,2354.28125,3,177,False,27.375363372093023
31,149,214,CulturaX,4081.4375,5,263,False,27.39219798657718
8,38,54,CulturaX,1062.671875,2,134,False,27.965049342105264
11,44,62,CulturaX,1141.203125,2,134,False,25.93643465909091
14,68,98,CulturaX,1827.125,2,134,False,26.86948529411765
19,88,116,CulturaX,2431.984375,3,177,False,27.636186079545453
8,38,55,CulturaX,1024.140625,2,134,False,26.95106907894737
29,135,190,CulturaX,3644.75,4,220,False,26.998148148148147
11,51,80,CulturaX,1400.0625,2,134,False,27.452205882352942
15,55,72,CulturaX,1343.78125,2,134,False,24.432386363636365
7,29,39,CulturaX,808.578125,1,91,True,27.88200431034483
12,51,73,CulturaX,1420.125,2,134,False,27.845588235294116
47,196,269,CulturaX,5127.609375,6,306,False,26.161272321428573
7,41,55,CulturaX,976.1875,2,134,False,23.809451219512194
16,71,95,CulturaX,1781.515625,2,134,False,25.091769366197184
11,46,64,CulturaX,1215.65625,2,134,False,26.427309782608695
39,179,258,CulturaX,4839.8125,6,306,False,27.038058659217878
7,38,54,CulturaX,1028.328125,2,134,False,27.06126644736842
7,26,35,CulturaX,666.828125,1,91,True,25.647235576923077
14,55,79,CulturaX,1606.078125,2,134,False,29.201420454545456
7,34,49,CulturaX,984.546875,2,134,False,28.957261029411764
21,95,136,CulturaX,2640.53125,3,177,False,27.795065789473686
23,114,147,CulturaX,2927.671875,4,220,False,25.681332236842106
13,63,89,CulturaX,1766.96875,2,134,False,28.047123015873016
22,102,158,CulturaX,2678.859375,3,177,False,26.26332720588235
23,107,142,CulturaX,2714.140625,3,177,False,25.36580023364486
13,58,80,CulturaX,1569.46875,2,134,False,27.059806034482758
10,42,61,CulturaX,1119.078125,2,134,False,26.644717261904763
98,475,678,CulturaX,13055.40625,15,693,False,27.485065789473683
19,93,142,CulturaX,2417.296875,3,177,False,25.992439516129032
9,36,49,CulturaX,936.09375,1,91,True,26.002604166666668
26,122,170,CulturaX,3424.1875,4,220,False,28.067110655737704
32,129,178,CulturaX,3457.015625,4,220,False,26.798570736434108
10,38,51,CulturaX,1066.78125,2,134,False,28.073190789473685
8,46,69,CulturaX,1160.984375,2,134,False,25.238790760869566
20,80,113,CulturaX,1995.140625,3,177,False,24.9392578125
33,148,205,CulturaX,3824.734375,5,263,False,25.84279983108108
11,51,71,CulturaX,1291.46875,2,134,False,25.322916666666668
8,37,55,CulturaX,1019.921875,2,134,False,27.56545608108108
8,35,50,CulturaX,971.75,2,134,False,27.764285714285716
9,31,42,CulturaX,820.578125,1,91,True,26.470262096774192
8,30,47,CulturaX,826.78125,1,91,True,27.559375
37,174,252,CulturaX,4748.90625,6,306,False,27.292564655172413
16,72,103,CulturaX,1993.015625,3,177,False,27.680772569444443
34,144,205,CulturaX,3909.671875,5,263,False,27.150499131944443
63,282,400,CulturaX,7193.53125,8,392,False,25.508976063829788
23,102,146,CulturaX,2780.109375,3,177,False,27.255974264705884
19,95,120,CulturaX,2351.0,3,177,False,24.74736842105263
12,43,60,CulturaX,1260.796875,2,134,False,29.320857558139537
33,151,210,CulturaX,4140.875,5,263,False,27.42301324503311
19,77,102,CulturaX,2044.9375,3,177,False,26.55762987012987
12,61,74,CulturaX,1397.515625,2,134,False,22.910092213114755
17,78,115,CulturaX,2130.609375,3,177,False,27.315504807692307
23,98,141,CulturaX,2532.71875,3,177,False,25.84406887755102
26,125,184,CulturaX,3275.953125,4,220,False,26.207625
20,80,110,CulturaX,2129.359375,3,177,False,26.6169921875
29,137,188,CulturaX,3385.078125,4,220,False,24.708599452554743
19,82,113,CulturaX,2193.078125,3,177,False,26.74485518292683
27,119,151,CulturaX,3078.921875,4,220,False,25.87329306722689
9,41,58,CulturaX,1123.21875,2,134,False,27.395579268292682
23,91,121,CulturaX,2489.953125,3,177,False,27.362122252747252
9,44,57,CulturaX,1100.28125,2,134,False,25.006392045454547
9,40,57,CulturaX,1004.796875,2,134,False,25.119921875
21,91,125,CulturaX,2406.546875,3,177,False,26.445570054945055
14,60,84,CulturaX,1555.1875,2,134,False,25.919791666666665
35,143,195,CulturaX,3749.6875,5,263,False,26.22159090909091
19,81,112,CulturaX,2157.65625,3,177,False,26.63773148148148
9,36,52,CulturaX,972.390625,2,134,False,27.010850694444443
12,67,89,CulturaX,1821.859375,2,134,False,27.191930970149254
18,85,120,CulturaX,2282.4375,3,177,False,26.85220588235294
8,27,36,CulturaX,700.9375,1,91,True,25.96064814814815
11,47,66,CulturaX,1308.859375,2,134,False,27.84807180851064
9,44,62,CulturaX,1179.671875,2,134,False,26.810724431818183
14,60,87,CulturaX,1585.28125,2,134,False,26.421354166666667
7,35,50,CulturaX,964.625,2,134,False,27.560714285714287
30,135,190,CulturaX,3472.28125,4,220,False,25.720601851851853
15,77,110,CulturaX,2098.515625,3,177,False,27.253449675324674
14,67,96,CulturaX,1781.078125,2,134,False,26.583255597014926
10,34,48,CulturaX,832.515625,1,91,True,24.485753676470587
12,49,68,CulturaX,1315.609375,2,134,False,26.849170918367346
7,31,42,CulturaX,794.59375,1,91,True,25.632056451612904
29,138,186,CulturaX,3738.09375,5,263,False,27.08763586956522
12,47,64,CulturaX,1301.640625,2,134,False,27.694481382978722
11,47,60,CulturaX,1254.40625,2,134,False,26.689494680851062
18,86,121,CulturaX,2237.3125,3,177,False,26.015261627906977
16,61,85,CulturaX,1670.140625,2,134,False,27.37935450819672
14,60,87,CulturaX,1674.765625,2,134,False,27.912760416666668
9,39,61,CulturaX,1106.4375,2,134,False,28.370192307692307
24,102,150,CulturaX,2884.15625,4,220,False,28.276041666666668
9,42,59,CulturaX,1207.8125,2,134,False,28.757440476190474
10,40,55,CulturaX,1071.25,2,134,False,26.78125
14,69,104,CulturaX,1848.375,3,177,False,26.78804347826087
20,106,151,CulturaX,2932.421875,4,220,False,27.664357311320753
18,81,113,CulturaX,2154.046875,3,177,False,26.593171296296298
8,30,42,CulturaX,818.53125,1,91,True,27.284375
100,516,748,CulturaX,13840.828125,16,736,False,26.82331031976744
12,55,72,CulturaX,1503.21875,2,134,False,27.33125
36,160,223,CulturaX,4199.390625,5,263,False,26.24619140625
17,78,106,CulturaX,1967.796875,3,177,False,25.228165064102566
14,60,82,CulturaX,1505.984375,2,134,False,25.099739583333335
23,111,164,CulturaX,2882.859375,4,220,False,25.97170608108108
19,76,107,CulturaX,1998.296875,3,177,False,26.293379934210527
8,34,41,CulturaX,908.546875,1,91,True,26.721966911764707
35,133,184,CulturaX,3489.671875,4,220,False,26.23813439849624
11,55,73,CulturaX,1452.625,2,134,False,26.411363636363635
13,64,99,CulturaX,1858.96875,3,177,False,29.04638671875
20,78,107,CulturaX,2205.234375,3,177,False,28.272235576923077
27,121,177,CulturaX,3082.421875,4,220,False,25.474560950413224
14,50,68,CulturaX,1312.25,2,134,False,26.245
26,130,174,CulturaX,3243.6875,4,220,False,24.951442307692307
14,68,100,CulturaX,1980.703125,3,177,False,29.127987132352942
19,79,106,CulturaX,2101.390625,3,177,False,26.599881329113924
16,67,95,CulturaX,1886.03125,2,134,False,28.14972014925373
14,53,74,CulturaX,1425.671875,2,134,False,26.89946933962264
10,37,50,CulturaX,957.78125,1,91,True,25.88597972972973
27,130,185,CulturaX,3477.734375,4,220,False,26.751802884615383
9,36,47,CulturaX,915.8125,1,91,True,25.43923611111111
16,66,88,CulturaX,1807.828125,2,134,False,27.391335227272727
35,159,218,CulturaX,4195.0625,5,263,False,26.384040880503143
11,51,70,CulturaX,1363.984375,2,134,False,26.744791666666668
17,89,122,CulturaX,2254.46875,3,177,False,25.3311095505618
16,71,104,CulturaX,1960.90625,3,177,False,27.618397887323944
10,49,70,CulturaX,1342.71875,2,134,False,27.402423469387756
111,503,721,CulturaX,13822.078125,16,736,False,27.479280566600398
56,248,348,CulturaX,6278.546875,7,349,False,25.316721270161292
7,30,49,CulturaX,903.734375,1,91,True,30.124479166666667
10,40,55,CulturaX,1032.828125,2,134,False,25.820703125
7,21,34,CulturaX,648.390625,1,91,True,30.875744047619047
9,37,49,CulturaX,825.890625,1,91,True,22.321368243243242
34,163,229,CulturaX,4321.671875,5,263,False,26.51332438650307
9,35,50,CulturaX,959.03125,1,91,True,27.400892857142857
23,95,133,CulturaX,2563.0,3,177,False,26.978947368421053
10,47,65,CulturaX,1268.4375,2,134,False,26.988031914893618
13,58,83,CulturaX,1576.28125,2,134,False,27.177262931034484
10,45,64,CulturaX,1223.390625,2,134,False,27.186458333333334
18,85,106,CulturaX,1817.0625,2,134,False,21.377205882352943
16,73,107,CulturaX,1991.046875,3,177,False,27.274614726027398
15,60,81,CulturaX,1563.921875,2,134,False,26.065364583333334
10,38,58,CulturaX,1046.515625,2,134,False,27.53988486842105
14,82,117,CulturaX,2200.515625,3,177,False,26.835556402439025
15,59,86,CulturaX,1601.703125,2,134,False,27.14751059322034
7,31,42,CulturaX,861.328125,1,91,True,27.784778225806452
15,72,103,CulturaX,2052.875,3,177,False,28.51215277777778
8,34,53,CulturaX,860.40625,1,91,True,25.306066176470587
15,60,92,CulturaX,1547.421875,2,134,False,25.790364583333332
11,40,57,CulturaX,1081.578125,2,134,False,27.039453125
22,95,145,CulturaX,2642.625,3,177,False,27.817105263157895
44,229,324,CulturaX,6095.1875,7,349,False,26.616539301310045
26,111,159,CulturaX,3050.265625,4,220,False,27.479870495495497
14,51,73,CulturaX,1496.84375,2,134,False,29.349877450980394
13,59,89,CulturaX,1551.40625,2,134,False,26.295021186440678
23,140,169,CulturaX,3222.1875,4,220,False,23.015625
30,137,196,CulturaX,3602.75,4,220,False,26.297445255474454
25,115,167,CulturaX,3131.640625,4,220,False,27.231657608695652
16,78,117,CulturaX,1992.15625,3,177,False,25.540464743589745
7,36,51,CulturaX,949.515625,1,91,True,26.37543402777778
16,81,115,CulturaX,2219.4375,3,177,False,27.400462962962962
19,92,132,CulturaX,2447.203125,3,177,False,26.600033967391305
9,49,60,CulturaX,1116.578125,2,134,False,22.787308673469386
12,40,51,CulturaX,1082.234375,2,134,False,27.055859375
10,48,66,CulturaX,1299.828125,2,134,False,27.079752604166668
47,217,315,CulturaX,5930.96875,7,349,False,27.331653225806452
13,49,70,CulturaX,1354.96875,2,134,False,27.652423469387756
48,219,314,CulturaX,5570.09375,7,349,False,25.434218036529682
25,112,155,CulturaX,2903.34375,4,220,False,25.922712053571427
12,51,74,CulturaX,1355.296875,2,134,False,26.574448529411764
9,44,64,CulturaX,1180.625,2,134,False,26.832386363636363
8,33,53,CulturaX,853.640625,1,91,True,25.867897727272727
7,34,51,CulturaX,845.6875,1,91,True,24.873161764705884
18,85,124,CulturaX,2380.78125,3,177,False,28.009191176470587
9,41,59,CulturaX,1126.234375,2,134,False,27.469131097560975
9,53,78,CulturaX,1386.375,2,134,False,26.15801886792453
29,143,211,CulturaX,4114.28125,5,263,False,28.771197552447553
9,33,44,CulturaX,864.71875,1,91,True,26.203598484848484
24,115,167,CulturaX,3072.109375,4,220,False,26.71399456521739
10,49,71,CulturaX,1330.515625,2,134,False,27.153380102040817
35,151,220,CulturaX,4366.953125,6,306,False,28.920219370860927
17,70,107,CulturaX,2019.828125,3,177,False,28.8546875
7,33,46,CulturaX,856.609375,1,91,True,25.957859848484848
19,85,115,CulturaX,2144.171875,3,177,False,25.225551470588236
11,50,66,CulturaX,1207.78125,2,134,False,24.155625
9,28,45,CulturaX,879.4375,1,91,True,31.408482142857142
16,57,79,CulturaX,1520.015625,2,134,False,26.666940789473685
7,29,41,CulturaX,833.28125,1,91,True,28.73383620689655
10,46,68,CulturaX,1260.28125,2,134,False,27.39741847826087
20,84,117,CulturaX,2164.484375,3,177,False,25.76767113095238
11,50,72,CulturaX,1352.71875,2,134,False,27.054375
40,160,226,CulturaX,4135.75,5,263,False,25.8484375
7,31,44,CulturaX,848.546875,1,91,True,27.372479838709676
33,146,207,CulturaX,3926.625,5,263,False,26.89469178082192
22,129,159,CulturaX,2831.421875,4,220,False,21.949006782945737
32,158,236,CulturaX,4300.5625,5,263,False,27.21875
16,102,128,CulturaX,2449.421875,3,177,False,24.013939950980394
7,31,45,CulturaX,861.640625,1,91,True,27.79485887096774
28,113,152,CulturaX,2861.921875,4,220,False,25.326742256637168
8,32,48,CulturaX,853.234375,1,91,True,26.66357421875
12,43,57,CulturaX,1072.203125,2,134,False,24.934956395348838
22,93,131,CulturaX,2421.46875,3,177,False,26.037298387096776
11,57,80,CulturaX,1528.078125,2,134,False,26.808388157894736
10,55,75,CulturaX,1451.21875,2,134,False,26.385795454545455
30,127,167,CulturaX,3173.46875,4,220,False,24.987942913385826
12,55,76,CulturaX,1548.234375,2,134,False,28.149715909090908
14,60,94,CulturaX,1653.296875,2,134,False,27.554947916666666
26,120,161,CulturaX,2927.15625,4,220,False,24.39296875
24,96,137,CulturaX,2504.0625,3,177,False,26.083984375
23,99,135,CulturaX,2575.109375,3,177,False,26.01120580808081
7,25,36,CulturaX,663.390625,1,91,True,26.535625
14,56,67,CulturaX,1203.640625,2,134,False,21.493582589285715
14,63,87,CulturaX,1614.4375,2,134,False,25.625992063492063
16,66,88,CulturaX,1665.734375,2,134,False,25.23839962121212
9,48,70,CulturaX,1362.53125,2,134,False,28.386067708333332
26,122,176,CulturaX,3157.296875,4,220,False,25.879482581967213
29,121,172,CulturaX,3363.234375,4,220,False,27.79532541322314
42,187,281,CulturaX,4994.890625,6,306,False,26.710645053475936
8,44,65,CulturaX,1250.03125,2,134,False,28.409801136363637
12,51,71,CulturaX,1370.21875,2,134,False,26.86703431372549
8,28,37,CulturaX,696.8125,1,91,True,24.886160714285715
9,40,56,CulturaX,1028.9375,2,134,False,25.7234375
12,54,69,CulturaX,1435.90625,2,134,False,26.59085648148148
17,70,99,CulturaX,1911.28125,3,177,False,27.304017857142856
7,35,49,CulturaX,911.59375,1,91,True,26.045535714285716
12,57,83,CulturaX,1568.6875,2,134,False,27.520833333333332
35,152,215,CulturaX,4012.84375,5,263,False,26.40028782894737
8,33,44,CulturaX,879.203125,1,91,True,26.642518939393938
36,174,263,CulturaX,4575.4375,5,263,False,26.295617816091955
12,79,128,CulturaX,2060.921875,3,177,False,26.087618670886076
16,56,76,CulturaX,1486.8125,2,134,False,26.550223214285715
7,28,36,CulturaX,712.578125,1,91,True,25.44921875
20,101,144,CulturaX,2703.46875,3,177,False,26.767017326732674
53,290,399,CulturaX,6859.125,8,392,False,23.652155172413792
9,37,47,CulturaX,867.34375,1,91,True,23.441722972972972
31,151,211,CulturaX,3975.578125,5,263,False,26.328331953642383
16,70,100,CulturaX,1923.671875,3,177,False,27.481026785714285
11,52,79,CulturaX,1373.328125,2,134,False,26.41015625
8,30,41,CulturaX,853.078125,1,91,True,28.4359375
11,64,88,CulturaX,1758.609375,2,134,False,27.478271484375
8,33,48,CulturaX,897.390625,1,91,True,27.193655303030305
13,49,72,CulturaX,1302.46875,2,134,False,26.580994897959183
10,43,59,CulturaX,1127.03125,2,134,False,26.21002906976744
29,132,196,CulturaX,3613.3125,4,220,False,27.373579545454547
35,189,277,CulturaX,5082.0625,6,306,False,26.889219576719576
7,34,46,CulturaX,893.375,1,91,True,26.27573529411765
18,84,131,CulturaX,2231.75,3,177,False,26.56845238095238
16,82,117,CulturaX,2188.4375,3,177,False,26.68826219512195
16,56,79,CulturaX,1302.546875,2,134,False,23.259765625
18,74,100,CulturaX,2029.203125,3,177,False,27.42166385135135
24,105,147,CulturaX,2666.140625,3,177,False,25.391815476190477
22,108,138,CulturaX,2772.3125,4,220,False,25.669560185185187
40,185,260,CulturaX,4857.515625,6,306,False,26.256841216216216
27,122,175,CulturaX,3279.96875,4,220,False,26.88498975409836
72,329,456,CulturaX,8856.640625,10,478,False,26.919880319148938
13,56,81,CulturaX,1458.9375,2,134,False,26.052455357142858
14,72,98,CulturaX,1941.953125,3,177,False,26.971571180555557
15,72,107,CulturaX,1943.265625,3,177,False,26.98980034722222
46,215,283,CulturaX,5398.109375,6,306,False,25.10748546511628
17,96,130,CulturaX,2370.921875,3,177,False,24.697102864583332
39,156,214,CulturaX,4196.53125,5,263,False,26.900841346153847
20,82,112,CulturaX,2123.1875,3,177,False,25.892530487804876
17,70,95,CulturaX,1733.921875,2,134,False,24.7703125
10,43,62,CulturaX,1145.625,2,134,False,26.642441860465116
47,215,298,CulturaX,5576.546875,7,349,False,25.937427325581396
22,86,126,CulturaX,2257.0,3,177,False,26.24418604651163
55,262,374,CulturaX,7063.40625,8,392,False,26.95956583969466
32,139,185,CulturaX,3595.546875,4,220,False,25.86724370503597
10,38,54,CulturaX,1003.109375,2,134,False,26.39761513157895
7,28,38,CulturaX,737.625,1,91,True,26.34375
14,54,76,CulturaX,1484.296875,2,134,False,27.486979166666668
41,194,265,CulturaX,5228.484375,6,306,False,26.95095038659794
9,37,52,CulturaX,959.828125,1,91,True,25.941300675675677
9,43,62,CulturaX,1102.328125,2,134,False,25.635537790697676
9,42,57,CulturaX,1127.40625,2,134,False,26.843005952380953
39,185,271,CulturaX,5074.953125,6,306,False,27.432179054054053
20,90,126,CulturaX,2440.484375,3,177,False,27.116493055555555
11,58,85,CulturaX,1502.65625,2,134,False,25.907866379310345
10,40,59,CulturaX,1154.046875,2,134,False,28.851171875
7,30,42,CulturaX,789.484375,1,91,True,26.316145833333334
14,59,78,CulturaX,1457.5,2,134,False,24.703389830508474
12,51,73,CulturaX,1296.078125,2,134,False,25.41329656862745
14,62,84,CulturaX,1694.40625,2,134,False,27.329133064516128
18,77,103,CulturaX,2101.125,3,177,False,27.287337662337663
35,168,231,CulturaX,4484.421875,5,263,False,26.692987351190474
13,49,67,CulturaX,1310.734375,2,134,False,26.74968112244898
27,105,144,CulturaX,2678.046875,3,177,False,25.505208333333332
17,106,132,CulturaX,2543.125,3,177,False,23.99174528301887
26,105,151,CulturaX,2773.921875,4,220,False,26.41830357142857
20,103,149,CulturaX,2741.71875,3,177,False,26.6186286407767
10,40,54,CulturaX,1079.171875,2,134,False,26.979296875
13,57,76,CulturaX,1409.890625,2,134,False,24.734923245614034
15,58,84,CulturaX,1547.4375,2,134,False,26.679956896551722
30,132,186,CulturaX,3437.828125,4,220,False,26.04415246212121
23,87,125,CulturaX,2290.484375,3,177,False,26.327406609195403
19,79,116,CulturaX,2185.1875,3,177,False,27.660601265822784
16,66,95,CulturaX,1786.703125,3,177,False,27.07125946969697
30,131,189,CulturaX,3700.90625,4,220,False,28.251192748091604
9,38,53,CulturaX,1024.5,2,134,False,26.960526315789473
20,84,119,CulturaX,2296.34375,3,177,False,27.337425595238095
26,121,184,CulturaX,3004.203125,4,220,False,24.828125
7,32,48,CulturaX,885.765625,1,91,True,27.68017578125
18,83,119,CulturaX,2125.3125,3,177,False,25.60617469879518
10,42,56,CulturaX,1166.46875,2,134,False,27.773065476190474
7,26,37,CulturaX,634.0625,1,91,True,24.38701923076923
24,96,133,CulturaX,2555.109375,3,177,False,26.61572265625
11,50,67,CulturaX,1301.6875,2,134,False,26.03375
145,574,792,CulturaX,15231.984375,17,779,False,26.536558144599304
10,49,78,CulturaX,1309.734375,2,134,False,26.729272959183675
12,51,72,CulturaX,1417.703125,2,134,False,27.798100490196077
7,27,38,CulturaX,779.578125,1,91,True,28.87326388888889
28,126,181,CulturaX,3382.6875,4,220,False,26.84672619047619
28,126,177,CulturaX,3413.9375,4,220,False,27.094742063492063
8,32,48,CulturaX,966.84375,2,134,False,30.2138671875
20,85,111,CulturaX,2286.4375,3,177,False,26.899264705882352
10,40,51,CulturaX,1076.15625,2,134,False,26.90390625
10,41,56,CulturaX,1070.046875,2,134,False,26.098704268292682
13,51,69,CulturaX,1260.359375,2,134,False,24.71292892156863
25,121,169,CulturaX,3235.984375,4,220,False,26.743672520661157
17,75,110,CulturaX,2046.75,3,177,False,27.29
9,36,52,CulturaX,971.078125,2,134,False,26.97439236111111
9,38,61,CulturaX,1125.09375,2,134,False,29.607730263157894
14,55,79,CulturaX,1476.125,2,134,False,26.838636363636365
30,137,191,CulturaX,3705.578125,4,220,False,27.048015510948904
15,62,94,CulturaX,1701.390625,2,134,False,27.441784274193548
21,90,130,CulturaX,2488.703125,3,177,False,27.652256944444446
21,84,114,CulturaX,2118.375,3,177,False,25.21875
23,103,144,CulturaX,2665.859375,3,177,False,25.882129854368934
18,88,127,CulturaX,2273.25,3,177,False,25.832386363636363
7,27,37,CulturaX,757.375,1,91,True,28.050925925925927
13,55,79,CulturaX,1494.625,2,134,False,27.175
6,27,35,CulturaX,721.546875,1,91,True,26.723958333333332
9,35,51,CulturaX,1022.890625,2,134,False,29.225446428571427
13,58,88,CulturaX,1746.53125,2,134,False,30.11260775862069
29,119,167,CulturaX,3190.921875,4,220,False,26.814469537815125
11,54,76,CulturaX,1501.734375,2,134,False,27.809895833333332
16,70,94,CulturaX,1844.53125,2,134,False,26.350446428571427
10,42,61,CulturaX,1286.296875,2,134,False,30.626116071428573
29,129,187,CulturaX,3329.703125,4,220,False,25.811652131782946
12,47,61,CulturaX,1135.890625,2,134,False,24.16788563829787
9,43,62,CulturaX,1157.859375,2,134,False,26.926962209302324
14,57,80,CulturaX,1512.984375,2,134,False,26.54358552631579
10,46,58,CulturaX,1116.28125,2,134,False,24.266983695652176
18,86,121,CulturaX,2257.8125,3,177,False,26.25363372093023
9,35,47,CulturaX,887.453125,1,91,True,25.35580357142857
7,33,43,CulturaX,848.234375,1,91,True,25.70407196969697
7,34,40,CulturaX,780.421875,1,91,True,22.95358455882353
30,130,185,CulturaX,3695.46875,5,263,False,28.426682692307693
41,181,265,CulturaX,4768.578125,6,306,False,26.34573549723757
18,91,134,CulturaX,2557.5625,3,177,False,28.105082417582416
8,37,53,CulturaX,965.796875,2,134,False,26.102618243243242
8,26,37,CulturaX,732.890625,1,91,True,28.18810096153846
9,35,52,CulturaX,983.5,2,134,False,28.1
67,322,440,CulturaX,7624.703125,9,435,False,23.679202251552795
45,204,282,CulturaX,5378.40625,6,306,False,26.364736519607842
16,65,87,CulturaX,1692.90625,2,134,False,26.044711538461538
38,178,240,CulturaX,4502.765625,6,306,False,25.29643609550562
9,44,68,CulturaX,1192.96875,2,134,False,27.112926136363637
7,32,36,CulturaX,677.40625,1,91,True,21.1689453125
40,171,253,CulturaX,4602.640625,6,306,False,26.916027046783626
12,60,82,CulturaX,1653.40625,2,134,False,27.556770833333335
8,39,54,CulturaX,1069.046875,2,134,False,27.411458333333332
21,93,125,CulturaX,2465.421875,3,177,False,26.509912634408604
16,71,103,CulturaX,1957.265625,3,177,False,27.56712147887324
8,34,45,CulturaX,999.25,2,134,False,29.389705882352942
10,37,49,CulturaX,935.609375,1,91,True,25.286739864864863
17,77,113,CulturaX,1984.421875,3,177,False,25.771712662337663
12,48,66,CulturaX,1251.890625,2,134,False,26.0810546875
40,164,231,CulturaX,4279.78125,5,263,False,26.096227134146343
21,76,102,CulturaX,1945.28125,3,177,False,25.59580592105263
52,262,372,CulturaX,7255.265625,9,435,False,27.691853530534353
15,62,89,CulturaX,1688.703125,2,134,False,27.237147177419356
7,27,38,CulturaX,721.5625,1,91,True,26.724537037037038
12,55,80,CulturaX,1466.375,2,134,False,26.661363636363635
19,99,138,CulturaX,2611.59375,3,177,False,26.379734848484848
7,30,41,CulturaX,753.15625,1,91,True,25.105208333333334
36,168,230,CulturaX,4504.265625,6,306,False,26.811104910714285
24,110,163,CulturaX,2893.6875,4,220,False,26.30625
10,44,60,CulturaX,1133.9375,2,134,False,25.771306818181817
28,125,172,CulturaX,3228.0625,4,220,False,25.8245
20,71,103,CulturaX,1926.65625,3,177,False,27.13600352112676
38,167,234,CulturaX,4407.609375,5,263,False,26.392870508982035
28,124,174,CulturaX,3376.921875,4,220,False,27.233240927419356
18,67,93,CulturaX,1882.53125,3,177,False,28.097481343283583
12,52,69,CulturaX,1431.484375,2,134,False,27.528545673076923
18,89,126,CulturaX,2510.921875,3,177,False,28.212605337078653
17,72,101,CulturaX,1844.671875,2,134,False,25.620442708333332
13,54,76,CulturaX,1461.375,2,134,False,27.0625
7,31,46,CulturaX,855.984375,1,91,True,27.612399193548388
9,41,58,CulturaX,1108.140625,2,134,False,27.02782012195122
18,79,120,CulturaX,2169.609375,3,177,False,27.46340981012658
29,134,190,CulturaX,3309.125,4,220,False,24.694962686567163
15,74,102,CulturaX,1907.015625,3,177,False,25.77048141891892
21,106,158,CulturaX,2850.890625,4,220,False,26.8951945754717
18,80,111,CulturaX,2185.203125,3,177,False,27.3150390625
24,115,155,CulturaX,2842.21875,4,220,False,24.714945652173913
10,42,63,CulturaX,1162.71875,2,134,False,27.683779761904763
43,191,278,CulturaX,5004.0,6,306,False,26.198952879581153
8,45,53,CulturaX,1028.765625,2,134,False,22.861458333333335
7,22,29,CulturaX,599.796875,1,91,True,27.263494318181817
19,87,119,CulturaX,2233.71875,3,177,False,25.67492816091954
16,69,98,CulturaX,1727.015625,2,134,False,25.02921195652174
46,206,278,CulturaX,5288.40625,6,306,False,25.671875
20,79,114,CulturaX,2187.734375,3,177,False,27.69284018987342
15,64,96,CulturaX,1865.109375,3,177,False,29.142333984375
20,104,152,CulturaX,2901.359375,4,220,False,27.897686298076923
7,29,41,CulturaX,838.4375,1,91,True,28.911637931034484
25,123,187,CulturaX,3310.640625,4,220,False,26.91577743902439
35,162,232,CulturaX,4370.03125,5,263,False,26.975501543209877
41,176,245,CulturaX,4675.09375,6,306,False,26.563032670454547
9,41,56,CulturaX,1125.515625,2,134,False,27.4516006097561
10,39,57,CulturaX,1037.140625,2,134,False,26.593349358974358
10,52,66,CulturaX,1295.109375,2,134,False,24.90594951923077
15,68,97,CulturaX,1889.25,2,134,False,27.783088235294116
14,57,76,CulturaX,1467.4375,2,134,False,25.74451754385965
9,42,56,CulturaX,1136.78125,2,134,False,27.066220238095237
12,54,76,CulturaX,1551.90625,2,134,False,28.73900462962963
17,85,128,CulturaX,2304.484375,3,177,False,27.111580882352943
37,174,239,CulturaX,4736.609375,6,306,False,27.221892959770116
19,90,132,CulturaX,2547.6875,3,177,False,28.30763888888889
9,44,57,CulturaX,1167.796875,2,134,False,26.540838068181817
15,65,94,CulturaX,1832.96875,2,134,False,28.19951923076923
9,42,61,CulturaX,1144.796875,2,134,False,27.257068452380953
23,92,133,CulturaX,2320.015625,3,177,False,25.217561141304348
7,30,39,CulturaX,813.59375,1,91,True,27.119791666666668
14,59,85,CulturaX,1580.09375,2,134,False,26.78125
14,67,97,CulturaX,1762.84375,3,177,False,26.311100746268657
8,42,63,CulturaX,1164.0625,2,134,False,27.71577380952381
23,107,149,CulturaX,2742.140625,3,177,False,25.627482476635514
33,144,193,CulturaX,3872.0625,5,263,False,26.889322916666668
33,128,184,CulturaX,3542.5625,4,220,False,27.67626953125
30,125,173,CulturaX,3428.515625,4,220,False,27.428125
10,49,78,CulturaX,1205.578125,2,134,False,24.603635204081634
10,48,65,CulturaX,1214.015625,2,134,False,25.2919921875
11,50,74,CulturaX,1347.671875,2,134,False,26.9534375
10,38,52,CulturaX,1033.0,2,134,False,27.18421052631579
9,36,55,CulturaX,928.359375,1,91,True,25.787760416666668
44,216,297,CulturaX,5807.453125,7,349,False,26.886357060185187
7,29,44,CulturaX,800.25,1,91,True,27.594827586206897
76,310,425,CulturaX,8211.1875,10,478,False,26.487701612903226
10,50,69,CulturaX,1317.8125,2,134,False,26.35625
18,81,117,CulturaX,2244.703125,3,177,False,27.71238425925926
13,66,99,CulturaX,1718.4375,2,134,False,26.036931818181817
19,75,108,CulturaX,1942.25,3,177,False,25.89666666666667
37,170,252,CulturaX,4606.609375,5,263,False,27.097702205882353
15,63,79,CulturaX,1649.984375,2,134,False,26.190228174603174
7,44,66,CulturaX,1214.015625,2,134,False,27.591264204545453
7,29,45,CulturaX,784.0625,1,91,True,27.036637931034484
7,33,48,CulturaX,959.296875,1,91,True,29.069602272727273
17,84,119,CulturaX,2315.734375,3,177,False,27.56826636904762
7,30,46,CulturaX,842.0625,1,91,True,28.06875
31,125,181,CulturaX,3240.015625,4,220,False,25.920125
19,82,114,CulturaX,2137.453125,3,177,False,26.066501524390244
34,163,246,CulturaX,4217.546875,5,263,False,25.874520705521473
21,88,119,CulturaX,2227.5,3,177,False,25.3125
23,95,141,CulturaX,2511.6875,3,177,False,26.438815789473683
7,28,40,CulturaX,738.59375,1,91,True,26.378348214285715
11,50,61,CulturaX,1178.28125,2,134,False,23.565625
12,61,96,CulturaX,1726.9375,2,134,False,28.31045081967213
28,134,195,CulturaX,3553.296875,4,220,False,26.517140858208954
17,65,89,CulturaX,1804.546875,2,134,False,27.762259615384615
28,103,144,CulturaX,2674.6875,3,177,False,25.967839805825243
9,35,52,CulturaX,911.90625,1,91,True,26.054464285714285
9,44,60,CulturaX,1108.8125,2,134,False,25.20028409090909
16,72,98,CulturaX,1871.546875,2,134,False,25.99370659722222
28,112,151,CulturaX,2983.09375,4,220,False,26.634765625
12,55,81,CulturaX,1406.390625,2,134,False,25.570738636363636
29,107,153,CulturaX,2821.578125,3,177,False,26.369889018691588
24,100,138,CulturaX,2745.046875,3,177,False,27.45046875
7,39,56,CulturaX,1009.875,2,134,False,25.89423076923077
23,95,125,CulturaX,2251.546875,3,177,False,23.70049342105263
21,94,130,CulturaX,2387.375,3,177,False,25.397606382978722
18,87,127,CulturaX,2323.96875,3,177,False,26.71228448275862
12,47,64,CulturaX,1222.515625,2,134,False,26.01097074468085
19,77,91,CulturaX,1780.203125,2,134,False,23.119521103896105
9,35,49,CulturaX,940.390625,1,91,True,26.868303571428573
23,122,182,CulturaX,3338.765625,4,220,False,27.366931352459016
16,68,94,CulturaX,1911.328125,2,134,False,28.10776654411765
15,65,81,CulturaX,1541.21875,2,134,False,23.71105769230769
21,96,138,CulturaX,2501.390625,3,177,False,26.05615234375
9,30,42,CulturaX,741.078125,1,91,True,24.702604166666667
34,163,243,CulturaX,4475.859375,5,263,False,27.459259969325153
13,57,82,CulturaX,1514.140625,2,134,False,26.56387061403509
19,89,126,CulturaX,2254.984375,3,177,False,25.33690308988764
14,62,95,CulturaX,1786.25,2,134,False,28.81048387096774
9,37,54,CulturaX,934.890625,1,91,True,25.26731418918919
9,41,58,CulturaX,1102.609375,2,134,False,26.892911585365855
21,101,143,CulturaX,2650.1875,4,220,False,26.239480198019802
9,33,51,CulturaX,862.609375,1,91,True,26.13967803030303
34,155,212,CulturaX,4153.03125,5,263,False,26.79375
14,57,80,CulturaX,1572.578125,2,134,False,27.589089912280702
15,68,100,CulturaX,1781.359375,2,134,False,26.196461397058822
22,90,127,CulturaX,2430.84375,3,177,False,27.009375
7,31,39,CulturaX,804.484375,1,91,True,25.95110887096774
12,44,60,CulturaX,1238.875,2,134,False,28.15625
24,101,142,CulturaX,2633.34375,3,177,False,26.072710396039604
34,147,210,CulturaX,3991.484375,5,263,False,27.15295493197279
16,58,80,CulturaX,1607.265625,2,134,False,27.71147629310345
19,89,120,CulturaX,2386.03125,3,177,False,26.809339887640448
9,34,48,CulturaX,940.8125,1,91,True,27.670955882352942
18,80,113,CulturaX,2143.484375,3,177,False,26.7935546875
8,32,49,CulturaX,869.671875,1,91,True,27.17724609375
8,38,58,CulturaX,1091.03125,2,134,False,28.711348684210527
14,57,86,CulturaX,1696.90625,2,134,False,29.770285087719298
13,46,64,CulturaX,1290.0625,2,134,False,28.04483695652174
8,31,39,CulturaX,776.265625,1,91,True,25.040826612903224
31,152,210,CulturaX,3806.25,5,263,False,25.04111842105263
25,91,125,CulturaX,2402.71875,3,177,False,26.403502747252748
14,63,84,CulturaX,1666.140625,2,134,False,26.44667658730159
19,86,126,CulturaX,2445.0,3,177,False,28.430232558139537
35,169,230,CulturaX,4391.78125,5,263,False,25.98687130177515
15,65,96,CulturaX,1717.171875,2,134,False,26.418028846153845
26,116,166,CulturaX,3230.890625,4,220,False,27.852505387931036
27,110,164,CulturaX,2988.046875,4,220,False,27.1640625
7,31,45,CulturaX,808.390625,1,91,True,26.077116935483872
58,264,377,CulturaX,7107.078125,8,392,False,26.920750473484848
7,22,27,CulturaX,572.109375,1,91,True,26.00497159090909
21,88,129,CulturaX,2414.1875,3,177,False,27.433948863636363
7,23,36,CulturaX,617.28125,1,91,True,26.838315217391305
23,118,163,CulturaX,3161.453125,4,220,False,26.79197563559322
8,37,60,CulturaX,1056.5625,2,134,False,28.555743243243242
17,78,109,CulturaX,2049.703125,3,177,False,26.278245192307693
10,51,77,CulturaX,1418.484375,2,134,False,27.813419117647058
30,135,187,CulturaX,3557.75,4,220,False,26.353703703703705
7,28,36,CulturaX,691.578125,1,91,True,24.69921875
12,59,81,CulturaX,1526.3125,2,134,False,25.86970338983051
21,112,157,CulturaX,2945.65625,4,220,False,26.300502232142858
25,109,158,CulturaX,2931.4375,4,220,False,26.893922018348626
8,39,59,CulturaX,1081.125,2,134,False,27.721153846153847
14,66,97,CulturaX,1640.953125,2,134,False,24.862926136363637
7,44,52,CulturaX,960.078125,2,134,False,21.819957386363637
13,53,73,CulturaX,1365.109375,2,134,False,25.75678066037736
7,34,51,CulturaX,887.640625,1,91,True,26.10707720588235
8,38,50,CulturaX,962.53125,2,134,False,25.329769736842106
32,141,193,CulturaX,3596.8125,4,220,False,25.5093085106383
9,38,56,CulturaX,1101.296875,2,134,False,28.981496710526315
28,131,187,CulturaX,3464.96875,4,220,False,26.450143129770993
8,25,33,CulturaX,632.640625,1,91,True,25.305625
10,48,70,CulturaX,1254.53125,2,134,False,26.136067708333332
8,29,42,CulturaX,840.40625,1,91,True,28.979525862068964
63,292,414,CulturaX,7624.203125,9,435,False,26.110284674657535
31,139,190,CulturaX,3580.609375,4,220,False,25.759779676258994
38,157,209,CulturaX,4071.421875,5,263,False,25.932623407643312
7,29,43,CulturaX,806.703125,1,91,True,27.817349137931036
8,48,75,CulturaX,1341.765625,2,134,False,27.953450520833332
10,36,53,CulturaX,1067.375,2,134,False,29.649305555555557
17,82,121,CulturaX,2215.609375,3,177,False,27.019626524390244
9,38,58,CulturaX,1142.75,2,134,False,30.07236842105263
28,118,164,CulturaX,3089.5625,4,220,False,26.182733050847457
9,34,48,CulturaX,847.984375,1,91,True,24.940716911764707
16,68,96,CulturaX,1789.28125,2,134,False,26.31295955882353
13,60,87,CulturaX,1683.140625,2,134,False,28.05234375
7,26,35,CulturaX,648.828125,1,91,True,24.954927884615383
18,82,112,CulturaX,2128.515625,3,177,False,25.95750762195122
10,39,55,CulturaX,1053.375,2,134,False,27.009615384615383
23,99,143,CulturaX,2640.828125,3,177,False,26.675031565656564
30,132,191,CulturaX,3363.453125,4,220,False,25.480705492424242
51,247,361,CulturaX,6477.4375,8,392,False,26.224443319838056
21,105,161,CulturaX,3077.515625,4,220,False,29.309672619047618
16,68,89,CulturaX,1787.84375,2,134,False,26.291819852941178
37,173,248,CulturaX,4466.328125,5,263,False,25.81692557803468
30,127,185,CulturaX,3523.875,4,220,False,27.74704724409449
7,26,40,CulturaX,779.84375,1,91,True,29.993990384615383
34,153,217,CulturaX,4089.765625,5,263,False,26.73049428104575
7,31,45,CulturaX,815.4375,1,91,True,26.304435483870968
15,68,89,CulturaX,1713.625,2,134,False,25.200367647058822
11,49,67,CulturaX,1364.65625,2,134,False,27.850127551020407
14,72,113,CulturaX,1949.234375,3,177,False,27.07269965277778
12,48,67,CulturaX,1297.453125,2,134,False,27.0302734375
31,140,204,CulturaX,3692.421875,4,220,False,26.374441964285715
61,260,353,CulturaX,7041.0,8,392,False,27.08076923076923
18,76,107,CulturaX,2010.796875,3,177,False,26.45785361842105
9,33,43,CulturaX,812.828125,1,91,True,24.631155303030305
22,91,123,CulturaX,2421.5625,3,177,False,26.610576923076923
19,80,115,CulturaX,2301.84375,3,177,False,28.773046875
21,92,125,CulturaX,2520.875,3,177,False,27.400815217391305
17,87,127,CulturaX,2367.96875,3,177,False,27.218031609195403
12,45,61,CulturaX,1145.5,2,134,False,25.455555555555556
10,39,51,CulturaX,1019.3125,2,134,False,26.13621794871795
34,171,253,CulturaX,4578.765625,5,263,False,26.77640716374269
20,102,165,CulturaX,3023.265625,4,220,False,29.63985906862745
10,47,69,CulturaX,1409.734375,2,134,False,29.99434840425532
30,131,192,CulturaX,3623.875,4,220,False,27.6631679389313
21,107,149,CulturaX,2788.28125,4,220,False,26.058703271028037
18,86,113,CulturaX,2021.65625,3,177,False,23.507630813953487
8,32,45,CulturaX,895.828125,1,91,True,27.99462890625
15,62,76,CulturaX,1617.546875,2,134,False,26.089465725806452
18,96,139,CulturaX,2500.734375,3,177,False,26.04931640625
41,172,249,CulturaX,4799.359375,6,306,False,27.90325218023256
28,126,186,CulturaX,3563.46875,4,220,False,28.281498015873016
23,92,127,CulturaX,2306.484375,3,177,False,25.070482336956523
11,52,69,CulturaX,1337.84375,2,134,False,25.727764423076923
11,43,61,CulturaX,1112.3125,2,134,False,25.867732558139537
11,43,60,CulturaX,1068.421875,2,134,False,24.84702034883721
7,32,48,CulturaX,894.515625,1,91,True,27.95361328125
7,29,41,CulturaX,762.015625,1,91,True,26.276400862068964
18,79,109,CulturaX,2179.453125,3,177,False,27.58801424050633
9,38,52,CulturaX,971.96875,2,134,False,25.578125
13,61,78,CulturaX,1538.5625,2,134,False,25.22233606557377
11,57,66,CulturaX,1169.921875,2,134,False,20.524945175438596
13,65,91,CulturaX,1584.5,2,134,False,24.376923076923077
27,130,179,CulturaX,3483.1875,4,220,False,26.79375
33,133,187,CulturaX,3437.5625,4,220,False,25.846334586466167
19,88,131,CulturaX,2397.953125,3,177,False,27.249467329545453
14,54,76,CulturaX,1497.484375,2,134,False,27.73119212962963
10,43,64,CulturaX,1117.65625,2,134,False,25.992005813953487
16,68,99,CulturaX,1808.4375,2,134,False,26.594669117647058
18,76,115,CulturaX,2075.796875,3,177,False,27.31311677631579
10,36,50,CulturaX,833.015625,1,91,True,23.139322916666668
9,40,56,CulturaX,1088.296875,2,134,False,27.207421875
8,37,51,CulturaX,1059.046875,2,134,False,28.622888513513512
16,79,114,CulturaX,2087.84375,3,177,False,26.428401898734176
11,37,47,CulturaX,794.5,1,91,True,21.472972972972972
8,31,45,CulturaX,851.1875,1,91,True,27.45766129032258
9,36,51,CulturaX,921.28125,1,91,True,25.591145833333332
9,32,42,CulturaX,849.6875,1,91,True,26.552734375
10,37,55,CulturaX,1051.765625,2,134,False,28.426097972972972
10,50,72,CulturaX,1328.046875,2,134,False,26.5609375
29,121,169,CulturaX,3247.8125,4,220,False,26.84142561983471
34,174,255,CulturaX,4519.828125,5,263,False,25.97602370689655
9,41,53,CulturaX,1108.359375,2,134,False,27.033155487804876
32,128,185,CulturaX,3428.8125,4,220,False,26.78759765625
19,87,134,CulturaX,2408.34375,3,177,False,27.682112068965516
26,107,156,CulturaX,2917.578125,4,220,False,27.26708528037383
11,51,63,CulturaX,1307.59375,2,134,False,25.639093137254903
10,37,54,CulturaX,1026.703125,2,134,False,27.74873310810811
8,43,63,CulturaX,1150.109375,2,134,False,26.74672965116279
16,69,102,CulturaX,1825.578125,2,134,False,26.457653985507246
16,86,126,CulturaX,2322.640625,3,177,False,27.007449127906977
21,103,154,CulturaX,2908.75,4,220,False,28.240291262135923
46,204,283,CulturaX,5416.203125,6,306,False,26.55001531862745
7,28,40,CulturaX,779.0625,1,91,True,27.823660714285715
32,140,200,CulturaX,3834.546875,5,263,False,27.389620535714286
20,92,117,CulturaX,2450.765625,3,177,False,26.63875679347826
24,112,149,CulturaX,2903.34375,4,220,False,25.922712053571427
9,41,56,CulturaX,1081.453125,2,134,False,26.376905487804876
26,114,166,CulturaX,2938.8125,4,220,False,25.77905701754386
20,92,122,CulturaX,2474.296875,3,177,False,26.89453125
8,43,64,CulturaX,1210.203125,2,134,False,28.14425872093023
11,50,72,CulturaX,1359.375,2,134,False,27.1875
7,23,30,CulturaX,602.140625,1,91,True,26.180027173913043
12,54,73,CulturaX,1431.21875,2,134,False,26.504050925925927
19,74,99,CulturaX,1774.65625,2,134,False,23.981841216216218
13,52,73,CulturaX,1342.5625,2,134,False,25.818509615384617
35,166,233,CulturaX,4397.78125,5,263,False,26.49265813253012
32,144,186,CulturaX,3833.21875,5,263,False,26.61957465277778
32,129,181,CulturaX,3388.25,4,220,False,26.265503875968992
10,37,54,CulturaX,1012.1875,2,134,False,27.35641891891892
9,45,60,CulturaX,1261.4375,2,134,False,28.031944444444445
33,171,251,CulturaX,4609.921875,6,306,False,26.95860745614035
13,69,109,CulturaX,1880.25,3,177,False,27.25
7,24,34,CulturaX,620.703125,1,91,True,25.862630208333332
23,86,114,CulturaX,2275.546875,3,177,False,26.45984738372093
21,84,118,CulturaX,2261.09375,3,177,False,26.917782738095237
9,45,63,CulturaX,1214.890625,2,134,False,26.997569444444444
12,48,66,CulturaX,1310.140625,2,134,False,27.294596354166668
49,280,375,CulturaX,7200.671875,8,392,False,25.716685267857144
40,178,255,CulturaX,4824.15625,6,306,False,27.10200140449438
8,29,38,CulturaX,750.78125,1,91,True,25.889008620689655
47,225,321,CulturaX,5940.859375,7,349,False,26.403819444444444
15,61,91,CulturaX,1731.640625,2,134,False,28.387551229508198
14,61,76,CulturaX,1496.71875,2,134,False,24.536372950819672
15,59,73,CulturaX,1312.90625,2,134,False,22.252648305084747
9,39,53,CulturaX,1013.203125,2,134,False,25.979567307692307
8,34,52,CulturaX,887.90625,1,91,True,26.11488970588235
24,121,173,CulturaX,3063.421875,4,220,False,25.317536157024794
10,48,67,CulturaX,1293.015625,2,134,False,26.937825520833332
112,467,641,CulturaX,12196.625,14,650,False,26.116970021413277
19,78,113,CulturaX,2104.0,3,177,False,26.974358974358974
15,73,107,CulturaX,1996.1875,3,177,False,27.34503424657534
8,33,42,CulturaX,861.4375,1,91,True,26.104166666666668
16,69,92,CulturaX,1873.078125,2,134,False,27.146059782608695
8,34,49,CulturaX,947.703125,1,91,True,27.873621323529413
12,48,66,CulturaX,1169.40625,2,134,False,24.362630208333332
40,217,317,CulturaX,5942.46875,7,349,False,27.38464861751152
65,269,365,CulturaX,7156.484375,8,392,False,26.604031133828997
10,45,65,CulturaX,1190.640625,2,134,False,26.458680555555556
20,94,123,CulturaX,2467.734375,3,177,False,26.25249335106383
32,134,181,CulturaX,3518.796875,4,220,False,26.25967817164179
25,116,168,CulturaX,3097.21875,4,220,False,26.700161637931036
8,40,55,CulturaX,1117.1875,2,134,False,27.9296875
24,120,173,CulturaX,3143.953125,4,220,False,26.199609375
14,61,85,CulturaX,1602.84375,2,134,False,26.276127049180328
23,131,145,CulturaX,2817.90625,3,177,False,21.510734732824428
7,31,42,CulturaX,776.640625,1,91,True,25.052923387096776
22,105,151,CulturaX,2803.390625,3,177,False,26.698958333333334
18,88,133,CulturaX,2325.546875,3,177,False,26.42666903409091
10,50,71,CulturaX,1342.3125,2,134,False,26.84625
12,54,73,CulturaX,1485.84375,2,134,False,27.515625
15,62,92,CulturaX,1720.5625,2,134,False,27.751008064516128
8,40,58,CulturaX,1122.546875,2,134,False,28.063671875
37,177,248,CulturaX,4599.078125,6,306,False,25.98349223163842
46,216,317,CulturaX,5626.171875,7,349,False,26.04709201388889
16,69,86,CulturaX,1865.234375,2,134,False,27.032382246376812
15,67,96,CulturaX,1782.578125,2,134,False,26.605643656716417
9,44,56,CulturaX,1050.96875,2,134,False,23.88565340909091
31,156,208,CulturaX,3766.9375,5,263,False,24.147035256410255
12,55,83,CulturaX,1496.0625,2,134,False,27.201136363636362
20,111,144,CulturaX,2721.71875,4,220,False,24.51998873873874
42,187,255,CulturaX,4785.125,6,306,False,25.58890374331551
38,196,274,CulturaX,5281.9375,6,306,False,26.948660714285715
24,119,163,CulturaX,2817.8125,3,177,False,23.679096638655462
22,98,131,CulturaX,2365.203125,3,177,False,24.134725765306122
32,143,208,CulturaX,3810.375,4,220,False,26.64597902097902
15,69,105,CulturaX,1852.5,3,177,False,26.847826086956523
22,101,140,CulturaX,2540.625,3,177,False,25.15470297029703
13,65,91,CulturaX,1693.984375,2,134,False,26.061298076923077
15,60,89,CulturaX,1693.03125,2,134,False,28.2171875
25,103,139,CulturaX,2571.640625,3,177,False,24.967384708737864
13,53,77,CulturaX,1468.609375,2,134,False,27.709610849056602
7,32,47,CulturaX,860.265625,1,91,True,26.88330078125
37,169,243,CulturaX,4655.484375,5,263,False,27.547244822485208
7,35,55,CulturaX,1003.65625,2,134,False,28.675892857142856
12,57,84,CulturaX,1552.859375,2,134,False,27.24314692982456
34,161,226,CulturaX,4304.828125,5,263,False,26.73806288819876
9,37,51,CulturaX,972.171875,2,134,False,26.27491554054054
10,46,64,CulturaX,1195.125,2,134,False,25.980978260869566
23,104,144,CulturaX,2808.75,4,220,False,27.00721153846154
8,42,62,CulturaX,1086.40625,2,134,False,25.866815476190474
20,86,125,CulturaX,2494.484375,3,177,False,29.00563226744186
47,211,304,CulturaX,5833.921875,7,349,False,27.64891883886256
15,59,79,CulturaX,1577.53125,2,134,False,26.73781779661017
15,64,83,CulturaX,1616.734375,2,134,False,25.261474609375
8,31,45,CulturaX,826.640625,1,91,True,26.665826612903224
18,64,90,CulturaX,1686.734375,2,134,False,26.355224609375
30,133,205,CulturaX,3548.140625,4,220,False,26.677749060150376
18,72,97,CulturaX,1828.78125,2,134,False,25.399739583333332
8,31,45,CulturaX,867.453125,1,91,True,27.98235887096774
44,184,265,CulturaX,4999.3125,6,306,False,27.17017663043478
26,118,152,CulturaX,3027.5625,4,220,False,25.6573093220339
10,39,53,CulturaX,1035.46875,2,134,False,26.55048076923077
32,118,165,CulturaX,2989.625,4,220,False,25.33580508474576
22,97,138,CulturaX,2836.78125,4,220,False,29.245167525773194
57,259,325,CulturaX,6636.25,8,392,False,25.622586872586872
9,35,54,CulturaX,948.1875,1,91,True,27.09107142857143
12,50,69,CulturaX,1281.53125,2,134,False,25.630625
16,69,113,CulturaX,1951.8125,3,177,False,28.28713768115942
7,29,43,CulturaX,818.65625,1,91,True,28.229525862068964
20,98,134,CulturaX,2620.46875,3,177,False,26.739477040816325
9,38,57,CulturaX,1101.734375,2,134,False,28.99300986842105
21,106,152,CulturaX,2635.53125,3,177,False,24.863502358490567
7,31,46,CulturaX,766.078125,1,91,True,24.71219758064516
19,78,102,CulturaX,1980.1875,3,177,False,25.38701923076923
45,211,293,CulturaX,5603.171875,7,349,False,26.555316943127963
7,35,47,CulturaX,910.921875,1,91,True,26.026339285714286
41,180,255,CulturaX,4896.0,6,306,False,27.2
11,47,67,CulturaX,1350.765625,2,134,False,28.73969414893617
15,68,98,CulturaX,1837.234375,2,134,False,27.018152573529413
73,296,403,CulturaX,7847.453125,9,435,False,26.51166596283784
7,30,41,CulturaX,803.34375,1,91,True,26.778125
32,151,210,CulturaX,4105.765625,5,263,False,27.19050082781457
28,124,172,CulturaX,3280.296875,4,220,False,26.454007056451612
20,85,122,CulturaX,2344.703125,3,177,False,27.584742647058825
35,157,218,CulturaX,4207.53125,5,263,False,26.799562101910826
21,98,133,CulturaX,2675.015625,3,177,False,27.296077806122447
32,146,219,CulturaX,3848.703125,5,263,False,26.36098030821918
17,69,99,CulturaX,1880.71875,3,177,False,27.25679347826087
25,119,181,CulturaX,3066.71875,4,220,False,25.77074579831933
9,46,70,CulturaX,1290.9375,2,134,False,28.063858695652176
15,62,88,CulturaX,1554.28125,2,134,False,25.06905241935484
10,45,64,CulturaX,1225.484375,2,134,False,27.23298611111111
12,55,74,CulturaX,1330.921875,2,134,False,24.198579545454546
39,133,184,CulturaX,3367.9375,4,220,False,25.32283834586466
14,67,87,CulturaX,1719.34375,2,134,False,25.661847014925375
8,42,57,CulturaX,1109.0625,2,134,False,26.40625
35,146,199,CulturaX,3708.34375,4,220,False,25.399614726027398
15,80,113,CulturaX,2061.15625,3,177,False,25.764453125
18,75,106,CulturaX,2035.875,3,177,False,27.145
28,143,199,CulturaX,3834.515625,5,263,False,26.81479458041958
15,71,99,CulturaX,2007.15625,3,177,False,28.269806338028168
9,33,47,CulturaX,939.875,1,91,True,28.481060606060606
12,49,64,CulturaX,1109.265625,2,134,False,22.638073979591837
20,93,129,CulturaX,2410.40625,3,177,False,25.918346774193548
12,47,67,CulturaX,1338.140625,2,134,False,28.471077127659573
19,66,93,CulturaX,1688.125,2,134,False,25.577651515151516
8,35,44,CulturaX,945.3125,1,91,True,27.008928571428573
15,64,94,CulturaX,1676.171875,2,134,False,26.190185546875
8,38,55,CulturaX,1027.546875,2,134,False,27.040707236842106
21,98,138,CulturaX,2527.203125,3,177,False,25.78778698979592
10,42,63,CulturaX,1168.390625,2,134,False,27.818824404761905
13,55,78,CulturaX,1475.59375,2,134,False,26.828977272727272
14,60,83,CulturaX,1544.984375,2,134,False,25.749739583333334
37,178,261,CulturaX,4807.71875,6,306,False,27.009655898876403
24,124,176,CulturaX,3273.90625,4,220,False,26.402469758064516
26,113,151,CulturaX,2940.171875,4,220,False,26.019220132743364
11,39,52,CulturaX,1019.984375,2,134,False,26.153445512820515
34,162,205,CulturaX,4054.03125,5,263,False,25.02488425925926
24,130,162,CulturaX,3088.921875,4,220,False,23.7609375
12,53,72,CulturaX,1328.515625,2,134,False,25.06633254716981
27,128,151,CulturaX,2982.078125,4,220,False,23.2974853515625
49,214,306,CulturaX,5740.015625,7,349,False,26.822502920560748
10,49,67,CulturaX,1280.203125,2,134,False,26.1265943877551
16,71,98,CulturaX,1881.21875,3,177,False,26.496038732394368
17,80,111,CulturaX,2089.40625,3,177,False,26.117578125
17,77,106,CulturaX,2057.1875,3,177,False,26.71672077922078
35,163,236,CulturaX,4372.65625,5,263,False,26.826111963190183
13,50,72,CulturaX,1368.46875,2,134,False,27.369375
8,38,50,CulturaX,1028.875,2,134,False,27.075657894736842
32,177,215,CulturaX,4128.375,5,263,False,23.324152542372882
16,72,94,CulturaX,1786.171875,2,134,False,24.807942708333332
17,71,103,CulturaX,1930.265625,3,177,False,27.186839788732396
15,63,97,CulturaX,1816.65625,3,177,False,28.83581349206349
30,121,174,CulturaX,3158.453125,4,220,False,26.102918388429753
7,29,41,CulturaX,770.1875,1,91,True,26.558189655172413
10,40,62,CulturaX,1189.46875,2,134,False,29.73671875
31,154,225,CulturaX,4152.953125,5,263,False,26.967228084415584
9,36,53,CulturaX,1006.734375,2,134,False,27.96484375
20,82,114,CulturaX,2070.375,3,177,False,25.2484756097561
9,46,72,CulturaX,1177.890625,2,134,False,25.60631793478261
8,38,52,CulturaX,967.515625,2,134,False,25.4609375
86,398,559,CulturaX,10572.359375,12,564,False,26.563717022613066
8,34,45,CulturaX,870.65625,1,91,True,25.607536764705884
27,126,173,CulturaX,3485.265625,4,220,False,27.660838293650794
24,96,137,CulturaX,2501.890625,3,177,False,26.061360677083332
27,115,170,CulturaX,3298.5625,4,220,False,28.683152173913044
15,75,106,CulturaX,2025.953125,3,177,False,27.012708333333332
22,110,169,CulturaX,3036.125,4,220,False,27.601136363636364
11,44,60,CulturaX,1143.765625,2,134,False,25.994673295454547
13,66,101,CulturaX,1835.59375,2,134,False,27.812026515151516
13,57,86,CulturaX,1531.734375,2,134,False,26.872532894736842
13,53,77,CulturaX,1372.515625,2,134,False,25.896521226415093
9,32,43,CulturaX,802.171875,1,91,True,25.06787109375
8,40,54,CulturaX,944.671875,1,91,True,23.616796875
11,38,50,CulturaX,1016.84375,2,134,False,26.75904605263158
7,33,43,CulturaX,891.28125,1,91,True,27.008522727272727
8,33,49,CulturaX,960.0625,2,134,False,29.09280303030303
24,115,146,CulturaX,2836.03125,4,220,False,24.661141304347826
9,43,66,CulturaX,1137.703125,2,134,False,26.458212209302324
15,68,103,CulturaX,1932.25,3,177,False,28.415441176470587
15,64,89,CulturaX,1677.03125,2,134,False,26.20361328125
38,190,277,CulturaX,5061.765625,6,306,False,26.640871710526316
24,101,151,CulturaX,2782.90625,4,220,False,27.55352722772277
8,37,53,CulturaX,977.953125,2,134,False,26.43116554054054
15,61,88,CulturaX,1679.859375,2,134,False,27.538678278688526
36,157,235,CulturaX,4334.28125,5,263,False,27.60688694267516
13,52,68,CulturaX,1390.765625,2,134,False,26.74549278846154
11,51,75,CulturaX,1446.109375,2,134,False,28.355085784313726
8,30,41,CulturaX,747.375,1,91,True,24.9125
8,35,46,CulturaX,915.421875,1,91,True,26.154910714285716
9,38,52,CulturaX,1030.84375,2,134,False,27.127467105263158
55,226,311,CulturaX,5906.921875,7,349,False,26.136822455752213
9,39,56,CulturaX,1006.421875,2,134,False,25.805689102564102
13,60,84,CulturaX,1631.71875,2,134,False,27.1953125
8,34,51,CulturaX,975.265625,2,134,False,28.684283088235293
15,53,75,CulturaX,1387.5,2,134,False,26.17924528301887
15,58,83,CulturaX,1603.671875,2,134,False,27.649515086206897
38,149,213,CulturaX,4093.671875,5,263,False,27.47430788590604
15,61,88,CulturaX,1576.21875,2,134,False,25.83965163934426
35,129,175,CulturaX,3388.171875,4,220,False,26.264898255813954
7,28,40,CulturaX,731.890625,1,91,True,26.138950892857142
23,90,121,CulturaX,2324.9375,3,177,False,25.832638888888887
22,111,162,CulturaX,2909.59375,4,220,False,26.212556306306308
8,32,43,CulturaX,888.609375,1,91,True,27.76904296875
9,47,66,CulturaX,1297.0,2,134,False,27.595744680851062
21,95,127,CulturaX,2546.28125,3,177,False,26.80296052631579
33,170,244,CulturaX,4555.921875,5,263,False,26.79954044117647
8,37,57,CulturaX,1034.609375,2,134,False,27.96241554054054
11,59,83,CulturaX,1539.40625,2,134,False,26.091631355932204
17,72,106,CulturaX,1917.515625,3,177,False,26.632161458333332
12,56,86,CulturaX,1489.03125,2,134,False,26.58984375
12,62,96,CulturaX,1718.421875,2,134,False,27.716481854838708
11,54,81,CulturaX,1554.625,2,134,False,28.78935185185185
8,31,45,CulturaX,814.171875,1,91,True,26.26360887096774
23,97,137,CulturaX,2716.125,3,177,False,28.001288659793815
26,121,165,CulturaX,3221.40625,4,220,False,26.62319214876033
8,34,44,CulturaX,930.6875,1,91,True,27.373161764705884
11,39,60,CulturaX,1114.9375,2,134,False,28.588141025641026
9,42,58,CulturaX,1105.28125,2,134,False,26.316220238095237
20,79,110,CulturaX,2030.65625,3,177,False,25.704509493670887
14,68,98,CulturaX,1737.125,2,134,False,25.545955882352942
7,31,42,CulturaX,863.140625,1,91,True,27.843245967741936
11,44,60,CulturaX,1228.578125,2,134,False,27.922230113636363
14,61,87,CulturaX,1668.8125,2,134,False,27.357581967213115
18,85,116,CulturaX,2311.984375,3,177,False,27.199816176470588
27,108,146,CulturaX,2774.96875,3,177,False,25.69415509259259
67,309,437,CulturaX,8223.140625,10,478,False,26.612105582524272
45,194,288,CulturaX,5320.953125,6,306,False,27.427593427835053
11,40,52,CulturaX,1051.90625,2,134,False,26.29765625
9,38,61,CulturaX,980.53125,2,134,False,25.80345394736842
14,63,93,CulturaX,1627.15625,2,134,False,25.827876984126984
8,28,42,CulturaX,748.984375,1,91,True,26.749441964285715
18,82,122,CulturaX,2202.28125,3,177,False,26.857088414634145
8,28,40,CulturaX,759.359375,1,91,True,27.119977678571427
21,100,143,CulturaX,2670.78125,3,177,False,26.7078125
9,44,65,CulturaX,1225.140625,2,134,False,27.844105113636363
15,79,108,CulturaX,1953.125,3,177,False,24.723101265822784
7,30,43,CulturaX,830.390625,1,91,True,27.6796875
7,28,42,CulturaX,740.015625,1,91,True,26.429129464285715
14,55,74,CulturaX,1372.890625,2,134,False,24.961647727272727
9,49,62,CulturaX,1100.984375,2,134,False,22.46906887755102
17,73,102,CulturaX,1922.1875,3,177,False,26.331335616438356
10,47,66,CulturaX,1262.578125,2,134,False,26.86336436170213
17,78,110,CulturaX,2139.734375,3,177,False,27.432491987179485
8,34,51,CulturaX,915.796875,1,91,True,26.93520220588235
37,143,194,CulturaX,3701.640625,5,263,False,25.885598776223777
27,120,160,CulturaX,3130.75,4,220,False,26.089583333333334
8,39,60,CulturaX,1165.140625,2,134,False,29.875400641025642
33,142,202,CulturaX,3748.484375,4,220,False,26.397777288732396
9,37,51,CulturaX,863.453125,1,91,True,23.336570945945947
16,87,122,CulturaX,2138.640625,3,177,False,24.582076149425287
9,37,59,CulturaX,1045.515625,2,134,False,28.257179054054053
12,38,48,CulturaX,963.359375,2,134,False,25.3515625
9,40,58,CulturaX,1080.390625,2,134,False,27.009765625
8,38,54,CulturaX,1095.71875,2,134,False,28.83470394736842
18,97,140,CulturaX,2756.34375,4,220,False,28.415914948453608
17,70,102,CulturaX,1896.75,2,134,False,27.09642857142857
9,45,66,CulturaX,1252.359375,2,134,False,27.830208333333335
15,68,101,CulturaX,1907.640625,3,177,False,28.053538602941178
8,34,46,CulturaX,940.09375,1,91,True,27.649816176470587
36,137,194,CulturaX,3621.921875,4,220,False,26.43738594890511
13,49,63,CulturaX,1201.5625,2,134,False,24.521683673469386
17,71,101,CulturaX,1861.953125,2,134,False,26.224691901408452
26,144,214,CulturaX,3676.703125,5,263,False,25.53266059027778
28,118,169,CulturaX,3225.1875,4,220,False,27.332097457627118
14,52,66,CulturaX,1288.359375,2,134,False,24.776141826923077
28,127,179,CulturaX,3553.109375,4,220,False,27.977239173228348
18,85,122,CulturaX,2334.140625,3,177,False,27.46047794117647
19,100,148,CulturaX,2804.421875,4,220,False,28.04421875
12,45,61,CulturaX,1281.109375,2,134,False,28.46909722222222
13,66,86,CulturaX,1780.375,2,134,False,26.97537878787879
9,38,51,CulturaX,1014.40625,2,134,False,26.694901315789473
16,67,104,CulturaX,1891.859375,3,177,False,28.23670708955224
9,37,50,CulturaX,966.15625,2,134,False,26.11233108108108
23,114,171,CulturaX,2958.5625,4,220,False,25.95230263157895
31,137,196,CulturaX,3669.5625,4,220,False,26.785127737226276
8,29,45,CulturaX,699.78125,1,91,True,24.130387931034484
19,87,118,CulturaX,2347.59375,3,177,False,26.98383620689655
32,156,224,CulturaX,3923.671875,5,263,False,25.15174278846154
26,108,154,CulturaX,2946.84375,4,220,False,27.28559027777778
9,47,62,CulturaX,1161.828125,2,134,False,24.71974734042553
22,94,132,CulturaX,2433.5,3,177,False,25.888297872340427
25,125,168,CulturaX,3066.6875,4,220,False,24.5335
20,111,159,CulturaX,3172.6875,4,220,False,28.58277027027027
10,46,62,CulturaX,1183.28125,2,134,False,25.72350543478261
7,40,56,CulturaX,1066.84375,2,134,False,26.67109375
8,29,42,CulturaX,801.0625,1,91,True,27.622844827586206
28,143,198,CulturaX,3727.046875,5,263,False,26.06326486013986
31,140,187,CulturaX,3730.375,4,220,False,26.645535714285714
25,127,187,CulturaX,3404.828125,4,220,False,26.809670275590552
95,442,626,CulturaX,12046.921875,14,650,False,27.25547935520362
19,89,127,CulturaX,2247.578125,3,177,False,25.25368679775281
10,31,37,CulturaX,678.265625,1,91,True,21.87953629032258
17,75,103,CulturaX,1945.03125,3,177,False,25.93375
22,90,121,CulturaX,2350.1875,3,177,False,26.113194444444446
14,65,94,CulturaX,1750.21875,2,134,False,26.92644230769231
13,57,77,CulturaX,1530.65625,2,134,False,26.85361842105263
9,36,51,CulturaX,943.328125,1,91,True,26.20355902777778
21,87,117,CulturaX,2278.34375,3,177,False,26.1878591954023
12,65,91,CulturaX,1646.4375,2,134,False,25.329807692307693
33,151,204,CulturaX,3896.375,5,263,False,25.803807947019866
26,113,158,CulturaX,2888.75,4,220,False,25.5641592920354
14,69,93,CulturaX,1904.1875,2,134,False,27.596920289855074
17,77,111,CulturaX,2063.359375,3,177,False,26.796875
15,66,91,CulturaX,1817.625,2,134,False,27.539772727272727
33,150,205,CulturaX,4210.890625,5,263,False,28.072604166666668
7,32,50,CulturaX,906.96875,1,91,True,28.3427734375
17,67,93,CulturaX,1867.203125,2,134,False,27.868703358208954
14,66,94,CulturaX,1786.5,2,134,False,27.068181818181817
19,90,133,CulturaX,2325.484375,3,177,False,25.838715277777776
30,129,183,CulturaX,3433.328125,4,220,False,26.614946705426355
17,64,92,CulturaX,1741.234375,2,134,False,27.206787109375
61,272,405,CulturaX,7394.875,9,435,False,27.18704044117647
30,141,191,CulturaX,3599.8125,4,220,False,25.53058510638298
29,115,155,CulturaX,2931.578125,4,220,False,25.491983695652173
8,32,47,CulturaX,902.25,1,91,True,28.1953125
10,42,63,CulturaX,1171.875,2,134,False,27.901785714285715
15,71,102,CulturaX,1798.40625,2,134,False,25.329665492957748
15,60,81,CulturaX,1546.875,2,134,False,25.78125
8,31,42,CulturaX,840.21875,1,91,True,27.103830645161292
26,128,187,CulturaX,3480.5,4,220,False,27.19140625
22,93,129,CulturaX,2480.59375,3,177,False,26.673051075268816
27,129,204,CulturaX,3566.34375,4,220,False,27.646075581395348
22,97,142,CulturaX,2607.21875,3,177,False,26.87854381443299
29,149,209,CulturaX,3934.453125,5,263,False,26.40572567114094
7,25,34,CulturaX,638.921875,1,91,True,25.556875
33,139,194,CulturaX,3552.671875,4,220,False,25.5587904676259
16,66,92,CulturaX,1746.921875,2,134,False,26.468513257575758
15,70,101,CulturaX,1859.8125,2,134,False,26.56875
9,45,64,CulturaX,1238.390625,2,134,False,27.519791666666666
10,49,69,CulturaX,1291.34375,2,134,False,26.353954081632654
16,80,112,CulturaX,2157.40625,3,177,False,26.967578125
26,113,160,CulturaX,3013.609375,4,220,False,26.669109513274336
14,77,115,CulturaX,2195.671875,3,177,False,28.515219155844157
7,31,45,CulturaX,949.3125,1,91,True,30.62298387096774
24,97,134,CulturaX,2461.1875,3,177,False,25.373067010309278
29,151,232,CulturaX,4057.671875,5,263,False,26.87199917218543
13,60,89,CulturaX,1635.6875,2,134,False,27.261458333333334
16,75,102,CulturaX,2030.4375,3,177,False,27.0725
8,37,48,CulturaX,899.015625,1,91,True,24.297719594594593
12,55,70,CulturaX,1485.921875,2,134,False,27.016761363636363
15,70,96,CulturaX,1963.46875,3,177,False,28.04955357142857
15,59,85,CulturaX,1500.125,2,134,False,25.425847457627118
42,161,226,CulturaX,3979.703125,5,263,False,24.71865295031056
31,147,206,CulturaX,3888.578125,5,263,False,26.452912414965986
7,31,47,CulturaX,878.484375,1,91,True,28.338205645161292
7,28,44,CulturaX,759.390625,1,91,True,27.12109375
48,213,295,CulturaX,5623.203125,7,349,False,26.400014671361504
28,145,208,CulturaX,3870.21875,5,263,False,26.69116379310345
9,35,50,CulturaX,890.890625,1,91,True,25.45401785714286
24,109,163,CulturaX,2985.765625,4,220,False,27.39234518348624
11,49,72,CulturaX,1203.359375,2,134,False,24.558354591836736
12,58,79,CulturaX,1443.578125,2,134,False,24.88927801724138
8,32,46,CulturaX,892.171875,1,91,True,27.88037109375
19,92,145,CulturaX,2513.265625,3,177,False,27.31810461956522
8,45,69,CulturaX,1194.875,2,134,False,26.552777777777777
8,33,51,CulturaX,867.875,1,91,True,26.299242424242426
14,58,81,CulturaX,1575.703125,2,134,False,27.16729525862069
9,51,60,CulturaX,1167.015625,2,134,False,22.88265931372549
25,125,186,CulturaX,3476.9375,4,220,False,27.8155
7,28,37,CulturaX,775.890625,1,91,True,27.710379464285715
37,168,237,CulturaX,4461.21875,5,263,False,26.554873511904763
20,96,148,CulturaX,2612.578125,3,177,False,27.21435546875
19,94,124,CulturaX,2374.09375,3,177,False,25.2563164893617
26,118,158,CulturaX,2818.4375,4,220,False,23.885063559322035
8,32,45,CulturaX,855.125,1,91,True,26.72265625
16,72,104,CulturaX,1945.046875,3,177,False,27.014539930555557
20,95,139,CulturaX,2479.203125,3,177,False,26.096875
14,70,101,CulturaX,1793.375,2,134,False,25.619642857142857
18,96,134,CulturaX,2672.578125,3,177,False,27.83935546875
27,116,164,CulturaX,3147.140625,4,220,False,27.130522629310345
10,36,49,CulturaX,1053.78125,2,134,False,29.27170138888889
59,251,338,CulturaX,6412.84375,8,392,False,25.54917828685259
7,26,38,CulturaX,782.109375,1,91,True,30.081129807692307
19,100,144,CulturaX,2597.109375,3,177,False,25.97109375
11,57,80,CulturaX,1567.890625,2,134,False,27.50685307017544
25,127,171,CulturaX,3421.453125,4,220,False,26.940575787401574
11,46,67,CulturaX,1252.6875,2,134,False,27.23233695652174
33,171,247,CulturaX,4634.484375,5,263,False,27.102247807017545
8,32,44,CulturaX,911.609375,1,91,True,28.48779296875
7,30,40,CulturaX,796.875,1,91,True,26.5625
12,60,82,CulturaX,1459.4375,2,134,False,24.323958333333334
10,39,53,CulturaX,1032.25,2,134,False,26.46794871794872
10,48,70,CulturaX,1367.109375,2,134,False,28.4814453125
14,62,93,CulturaX,1869.453125,3,177,False,30.152469758064516
28,132,205,CulturaX,3526.875,4,220,False,26.71875
21,96,129,CulturaX,2562.1875,3,177,False,26.689453125
27,103,155,CulturaX,2799.03125,3,177,False,27.17506067961165
11,53,78,CulturaX,1398.828125,2,134,False,26.39298349056604
14,41,56,CulturaX,1000.21875,2,134,False,24.395579268292682
22,102,135,CulturaX,2421.46875,3,177,False,23.73988970588235
25,101,152,CulturaX,2881.921875,4,220,False,28.53387995049505
16,69,96,CulturaX,1950.109375,3,177,False,28.262454710144926
7,32,45,CulturaX,862.875,1,91,True,26.96484375
9,40,54,CulturaX,1063.140625,2,134,False,26.578515625
14,59,80,CulturaX,1612.84375,2,134,False,27.336334745762713
7,48,56,CulturaX,1100.4375,2,134,False,22.92578125
28,123,176,CulturaX,3189.359375,4,220,False,25.929751016260163
27,108,143,CulturaX,2748.90625,3,177,False,25.45283564814815
15,48,67,CulturaX,1277.46875,2,134,False,26.613932291666668
17,75,113,CulturaX,2135.453125,3,177,False,28.472708333333333
21,82,109,CulturaX,2193.09375,3,177,False,26.745045731707318
8,31,46,CulturaX,823.84375,1,91,True,26.575604838709676
13,48,66,CulturaX,1274.734375,2,134,False,26.556966145833332
33,165,236,CulturaX,4545.0,6,306,False,27.545454545454547
7,24,32,CulturaX,640.65625,1,91,True,26.694010416666668
16,70,100,CulturaX,1882.9375,3,177,False,26.899107142857144
7,33,48,CulturaX,926.578125,1,91,True,28.078125
12,51,75,CulturaX,1340.5625,2,134,False,26.285539215686274
13,63,94,CulturaX,1712.359375,2,134,False,27.18030753968254
12,48,66,CulturaX,1294.34375,2,134,False,26.965494791666668
7,27,39,CulturaX,765.6875,1,91,True,28.358796296296298
21,100,143,CulturaX,2604.34375,3,177,False,26.0434375
13,48,67,CulturaX,1301.0625,2,134,False,27.10546875
13,51,72,CulturaX,1465.265625,2,134,False,28.730698529411764
14,49,68,CulturaX,1302.515625,2,134,False,26.581951530612244
9,42,63,CulturaX,1116.953125,2,134,False,26.594122023809526
11,54,77,CulturaX,1414.03125,2,134,False,26.18576388888889
14,64,95,CulturaX,1678.078125,2,134,False,26.219970703125
49,229,331,CulturaX,6174.75,7,349,False,26.963973799126638
23,95,131,CulturaX,2713.625,3,177,False,28.564473684210526
14,63,89,CulturaX,1676.96875,2,134,False,26.61855158730159
49,232,345,CulturaX,6190.8125,7,349,False,26.684536637931036
28,123,179,CulturaX,3208.859375,4,220,False,26.088287601626018
20,88,125,CulturaX,2363.25,3,177,False,26.855113636363637
23,101,135,CulturaX,2729.234375,3,177,False,27.022122524752476
8,38,52,CulturaX,968.78125,2,134,False,25.49424342105263
11,44,63,CulturaX,1179.46875,2,134,False,26.806107954545453
11,66,77,CulturaX,1476.265625,2,134,False,22.367660984848484
15,78,121,CulturaX,2085.125,3,177,False,26.732371794871796
37,168,236,CulturaX,4328.15625,5,263,False,25.762834821428573
15,68,104,CulturaX,1945.53125,3,177,False,28.610753676470587
12,52,69,CulturaX,1430.140625,2,134,False,27.502704326923077
9,35,50,CulturaX,931.375,1,91,True,26.610714285714284
12,44,63,CulturaX,1133.484375,2,134,False,25.761008522727273
9,42,62,CulturaX,1073.21875,2,134,False,25.55282738095238
14,78,120,CulturaX,2190.046875,3,177,False,28.07752403846154
40,178,254,CulturaX,4882.109375,6,306,False,27.427580758426966
9,38,48,CulturaX,925.984375,1,91,True,24.36800986842105
12,49,69,CulturaX,1301.8125,2,134,False,26.567602040816325
11,44,57,CulturaX,1143.0,2,134,False,25.977272727272727
19,82,113,CulturaX,2233.6875,3,177,False,27.240091463414632
10,39,52,CulturaX,1095.90625,2,134,False,28.100160256410255
19,85,123,CulturaX,2136.859375,3,177,False,25.13952205882353
7,36,55,CulturaX,959.203125,1,91,True,26.64453125
79,415,603,CulturaX,10933.078125,12,564,False,26.34476656626506
26,122,164,CulturaX,3214.875,4,220,False,26.35143442622951
15,74,103,CulturaX,1983.9375,3,177,False,26.809966216216218
29,123,185,CulturaX,3264.484375,4,220,False,26.54052337398374
20,101,145,CulturaX,2749.53125,4,220,False,27.223081683168317
8,33,44,CulturaX,829.140625,1,91,True,25.125473484848484
9,36,49,CulturaX,974.6875,2,134,False,27.07465277777778
10,45,62,CulturaX,1132.359375,2,134,False,25.163541666666667
14,58,78,CulturaX,1565.328125,2,134,False,26.98841594827586
21,88,128,CulturaX,2478.8125,3,177,False,28.168323863636363
11,49,71,CulturaX,1408.40625,2,134,False,28.742984693877553
13,52,74,CulturaX,1431.390625,2,134,False,27.52674278846154
8,32,48,CulturaX,885.390625,1,91,True,27.66845703125
13,54,76,CulturaX,1415.25,2,134,False,26.208333333333332
14,63,90,CulturaX,1736.375,2,134,False,27.561507936507937
30,171,258,CulturaX,4704.546875,6,306,False,27.511970029239766
8,36,54,CulturaX,940.3125,1,91,True,26.119791666666668
9,41,59,CulturaX,1148.09375,2,134,False,28.002286585365855
18,91,129,CulturaX,2367.59375,3,177,False,26.017513736263737
17,67,90,CulturaX,1817.234375,2,134,False,27.122901119402986
20,82,109,CulturaX,2188.515625,3,177,False,26.68921493902439
34,169,240,CulturaX,4442.421875,5,263,False,26.2865199704142
22,99,140,CulturaX,2736.328125,4,220,False,27.63967803030303
13,54,78,CulturaX,1535.109375,2,134,False,28.42795138888889
7,39,61,CulturaX,1101.265625,2,134,False,28.237580128205128
7,39,58,CulturaX,1026.4375,2,134,False,26.318910256410255
7,35,48,CulturaX,926.328125,1,91,True,26.466517857142858
14,58,78,CulturaX,1542.25,2,134,False,26.59051724137931
24,108,156,CulturaX,2729.4375,4,220,False,25.272569444444443
10,52,71,CulturaX,1390.828125,2,134,False,26.74669471153846
13,52,71,CulturaX,1389.515625,2,134,False,26.721454326923077
18,80,104,CulturaX,1979.5625,3,177,False,24.74453125
9,43,64,CulturaX,1232.640625,2,134,False,28.66606104651163
7,38,59,CulturaX,1092.875,2,134,False,28.75986842105263
19,77,96,CulturaX,2013.5,3,177,False,26.149350649350648
14,59,77,CulturaX,1542.421875,2,134,False,26.142743644067796
33,164,234,CulturaX,4415.09375,6,306,False,26.921303353658537
8,43,61,CulturaX,1155.78125,2,134,False,26.87863372093023
8,41,57,CulturaX,1079.203125,2,134,False,26.32202743902439
11,55,73,CulturaX,1467.6875,2,134,False,26.68522727272727
9,46,66,CulturaX,1263.90625,2,134,False,27.476222826086957
17,80,115,CulturaX,2130.65625,3,177,False,26.633203125
8,31,43,CulturaX,871.390625,1,91,True,28.109375
9,36,50,CulturaX,900.3125,1,91,True,25.008680555555557
9,38,57,CulturaX,1136.703125,2,134,False,29.91324013157895
14,63,89,CulturaX,1600.140625,2,134,False,25.39905753968254
24,98,135,CulturaX,2691.671875,3,177,False,27.466039540816325
16,68,98,CulturaX,1924.3125,2,134,False,28.298713235294116
21,90,123,CulturaX,2456.65625,3,177,False,27.296180555555555
12,46,63,CulturaX,1188.96875,2,134,False,25.847146739130434
23,108,150,CulturaX,2951.9375,4,220,False,27.33275462962963
17,72,97,CulturaX,1922.84375,3,177,False,26.706163194444443
13,57,81,CulturaX,1572.140625,2,134,False,27.58141447368421
33,131,191,CulturaX,3457.84375,4,220,False,26.395753816793892
36,162,243,CulturaX,4468.4375,5,263,False,27.582947530864196
34,144,202,CulturaX,4011.0625,5,263,False,27.854600694444443
13,57,85,CulturaX,1595.28125,2,134,False,27.98739035087719
17,79,115,CulturaX,2298.953125,3,177,False,29.100672468354432
17,68,100,CulturaX,1887.3125,2,134,False,27.754595588235293
27,121,185,CulturaX,3340.546875,4,220,False,27.60782541322314
14,57,87,CulturaX,1544.40625,2,134,False,27.09484649122807
7,26,38,CulturaX,750.046875,1,91,True,28.84795673076923
10,39,55,CulturaX,1047.53125,2,134,False,26.859775641025642
21,107,154,CulturaX,2846.890625,4,220,False,26.606454439252335
17,70,90,CulturaX,1802.296875,2,134,False,25.747098214285714
17,66,79,CulturaX,1609.53125,2,134,False,24.38683712121212
33,133,186,CulturaX,3491.5,4,220,False,26.25187969924812
18,78,107,CulturaX,2063.875,3,177,False,26.459935897435898
31,115,154,CulturaX,3136.390625,4,220,False,27.27296195652174
7,26,42,CulturaX,695.5,1,91,True,26.75
15,66,99,CulturaX,1800.953125,2,134,False,27.287168560606062
24,110,167,CulturaX,3029.984375,4,220,False,27.5453125
8,43,57,CulturaX,1154.359375,2,134,False,26.845566860465116
11,49,71,CulturaX,1347.671875,2,134,False,27.503507653061224
7,26,35,CulturaX,735.328125,1,91,True,28.28185096153846
13,58,79,CulturaX,1569.125,2,134,False,27.05387931034483
15,65,91,CulturaX,1688.4375,2,134,False,25.97596153846154
9,50,70,CulturaX,1272.96875,2,134,False,25.459375
8,28,37,CulturaX,729.734375,1,91,True,26.061941964285715
14,54,73,CulturaX,1382.53125,2,134,False,25.602430555555557
16,61,78,CulturaX,1658.359375,2,134,False,27.186219262295083
8,35,50,CulturaX,947.921875,1,91,True,27.083482142857143
13,64,90,CulturaX,1715.84375,2,134,False,26.81005859375
7,32,44,CulturaX,813.890625,1,91,True,25.43408203125
25,116,174,CulturaX,3327.5625,4,220,False,28.685883620689655
19,93,131,CulturaX,2567.515625,3,177,False,27.60769489247312
11,44,57,CulturaX,1150.34375,2,134,False,26.144176136363637
30,144,207,CulturaX,3730.84375,5,263,False,25.90863715277778
27,120,174,CulturaX,3261.921875,4,220,False,27.182682291666666
12,45,61,CulturaX,1153.796875,2,134,False,25.639930555555555
23,104,150,CulturaX,2608.140625,3,177,False,25.078275240384617
11,45,58,CulturaX,1255.5625,2,134,False,27.90138888888889
29,125,186,CulturaX,3436.21875,4,220,False,27.48975
11,42,57,CulturaX,1107.46875,2,134,False,26.368303571428573
11,40,52,CulturaX,1040.203125,2,134,False,26.005078125
9,49,75,CulturaX,1352.15625,2,134,False,27.59502551020408
12,51,77,CulturaX,1354.40625,2,134,False,26.55698529411765
7,26,33,CulturaX,689.265625,1,91,True,26.510216346153847
8,33,48,CulturaX,863.234375,1,91,True,26.158617424242426
23,96,131,CulturaX,2631.484375,3,177,False,27.411295572916668
17,74,99,CulturaX,1794.5625,3,177,False,24.250844594594593
14,56,84,CulturaX,1598.703125,2,134,False,28.548270089285715
16,61,81,CulturaX,1553.921875,2,134,False,25.474129098360656
26,106,155,CulturaX,2801.078125,3,177,False,26.42526533018868
12,55,80,CulturaX,1544.796875,2,134,False,28.087215909090908
36,153,221,CulturaX,4050.1875,5,263,False,26.471813725490197
9,40,54,CulturaX,1049.984375,2,134,False,26.249609375
12,42,60,CulturaX,1184.546875,2,134,False,28.203497023809526
20,89,124,CulturaX,2385.875,3,177,False,26.80758426966292
13,59,85,CulturaX,1555.296875,2,134,False,26.360963983050848
9,51,71,CulturaX,1386.234375,2,134,False,27.181066176470587
8,32,45,CulturaX,811.328125,1,91,True,25.35400390625
23,99,143,CulturaX,2889.890625,4,220,False,29.190814393939394
7,32,43,CulturaX,827.984375,1,91,True,25.87451171875
28,127,166,CulturaX,3253.578125,4,220,False,25.61872539370079
32,142,208,CulturaX,3549.75,4,220,False,24.99823943661972
31,157,221,CulturaX,4093.4375,5,263,False,26.07285031847134
17,74,102,CulturaX,1961.828125,3,177,False,26.51119087837838
16,67,100,CulturaX,1728.421875,2,134,False,25.79734141791045
18,74,103,CulturaX,2048.921875,3,177,False,27.688133445945947
13,58,84,CulturaX,1593.140625,2,134,False,27.46794181034483
24,102,136,CulturaX,2702.546875,3,177,False,26.495557598039216
43,182,245,CulturaX,4624.984375,5,263,False,25.412002060439562
22,101,141,CulturaX,2633.546875,3,177,False,26.074721534653467
10,42,59,CulturaX,1183.78125,2,134,False,28.185267857142858
49,219,307,CulturaX,5932.65625,7,349,False,27.089754566210047
30,130,192,CulturaX,3490.625,4,220,False,26.85096153846154
10,43,54,CulturaX,1021.453125,2,134,False,23.7547238372093
16,70,102,CulturaX,1851.5625,2,134,False,26.450892857142858
43,196,285,CulturaX,5219.234375,6,306,False,26.628746811224488
18,83,120,CulturaX,2027.703125,3,177,False,24.43015813253012
14,65,92,CulturaX,1677.0,2,134,False,25.8
18,72,106,CulturaX,1988.59375,3,177,False,27.61935763888889
9,40,60,CulturaX,1094.71875,2,134,False,27.36796875
14,54,71,CulturaX,1478.390625,2,134,False,27.377604166666668
14,73,108,CulturaX,2115.3125,3,177,False,28.976883561643834
14,53,77,CulturaX,1409.921875,2,134,False,26.602299528301888
7,30,41,CulturaX,833.078125,1,91,True,27.769270833333334
35,153,209,CulturaX,4110.9375,5,263,False,26.868872549019606
9,45,65,CulturaX,1198.59375,2,134,False,26.635416666666668
33,128,182,CulturaX,3454.140625,4,220,False,26.9854736328125
10,38,53,CulturaX,961.046875,2,134,False,25.290707236842106
14,74,110,CulturaX,2070.21875,3,177,False,27.975929054054053
7,35,55,CulturaX,1054.984375,2,134,False,30.142410714285713
10,47,66,CulturaX,1289.96875,2,134,False,27.446143617021278
12,54,74,CulturaX,1483.390625,2,134,False,27.47019675925926
33,156,203,CulturaX,3904.53125,5,263,False,25.029046474358974
25,118,173,CulturaX,3274.125,4,220,False,27.746822033898304
25,123,183,CulturaX,3312.421875,4,220,False,26.930259146341463
20,82,105,CulturaX,2237.5625,3,177,False,27.28734756097561
18,84,118,CulturaX,2212.078125,3,177,False,26.334263392857142
16,61,83,CulturaX,1652.984375,2,134,False,27.09810450819672
26,111,163,CulturaX,3045.53125,4,220,False,27.43721846846847
36,155,224,CulturaX,4149.359375,5,263,False,26.770060483870967
9,36,52,CulturaX,1074.875,2,134,False,29.85763888888889
17,75,110,CulturaX,1966.90625,3,177,False,26.225416666666668
21,87,125,CulturaX,2335.5625,3,177,False,26.845545977011493
14,61,93,CulturaX,1555.625,2,134,False,25.50204918032787
8,32,39,CulturaX,766.375,1,91,True,23.94921875
11,38,53,CulturaX,935.65625,1,91,True,24.622532894736842
17,69,100,CulturaX,1864.15625,3,177,False,27.016757246376812
9,45,65,CulturaX,1222.4375,2,134,False,27.165277777777778
8,33,43,CulturaX,784.421875,1,91,True,23.770359848484848
16,71,108,CulturaX,2051.1875,3,177,False,28.889964788732396
13,58,85,CulturaX,1457.875,2,134,False,25.135775862068964
20,81,105,CulturaX,1911.859375,2,134,False,23.603202160493826
14,56,79,CulturaX,1554.65625,2,134,False,27.76171875
15,61,86,CulturaX,1620.8125,2,134,False,26.570696721311474
12,56,74,CulturaX,1533.703125,2,134,False,27.387555803571427
14,57,84,CulturaX,1499.28125,2,134,False,26.303179824561404
14,73,107,CulturaX,2041.65625,3,177,False,27.967893835616437
18,77,113,CulturaX,1991.90625,3,177,False,25.868912337662337
20,93,132,CulturaX,2456.96875,3,177,False,26.4190188172043
8,33,44,CulturaX,857.40625,1,91,True,25.982007575757574
9,40,57,CulturaX,1023.40625,2,134,False,25.58515625
18,71,86,CulturaX,1731.046875,2,134,False,24.380941901408452
7,31,41,CulturaX,813.40625,1,91,True,26.23891129032258
41,186,255,CulturaX,4995.546875,6,306,False,26.857778897849464
9,42,65,CulturaX,1161.484375,2,134,False,27.65438988095238
14,48,69,CulturaX,1285.765625,2,134,False,26.786783854166668
12,44,59,CulturaX,1104.375,2,134,False,25.099431818181817
20,82,111,CulturaX,2189.390625,3,177,False,26.699885670731707
9,39,53,CulturaX,1076.0625,2,134,False,27.591346153846153
32,154,210,CulturaX,4118.046875,5,263,False,26.740564123376622
15,54,77,CulturaX,1421.3125,2,134,False,26.32060185185185
8,42,63,CulturaX,1198.234375,2,134,False,28.52938988095238
8,35,49,CulturaX,930.015625,1,91,True,26.571875
8,28,38,CulturaX,755.65625,1,91,True,26.987723214285715
20,83,117,CulturaX,2223.53125,3,177,False,26.78953313253012
7,28,42,CulturaX,789.703125,1,91,True,28.203683035714285
11,40,51,CulturaX,1069.875,2,134,False,26.746875
8,29,40,CulturaX,871.28125,1,91,True,30.044181034482758
32,151,214,CulturaX,4016.734375,5,263,False,26.600889900662253
24,111,162,CulturaX,3011.53125,4,220,False,27.13091216216216
9,41,59,CulturaX,1080.875,2,134,False,26.36280487804878
8,34,44,CulturaX,900.96875,1,91,True,26.499080882352942
9,35,52,CulturaX,935.921875,1,91,True,26.740625
25,106,156,CulturaX,2972.0,4,220,False,28.037735849056602
9,29,38,CulturaX,773.671875,1,91,True,26.67834051724138
14,62,88,CulturaX,1657.890625,2,134,False,26.74017137096774
13,49,70,CulturaX,1394.34375,2,134,False,28.455994897959183
19,80,107,CulturaX,2062.875,3,177,False,25.7859375
21,90,132,CulturaX,2337.15625,3,177,False,25.96840277777778
15,71,95,CulturaX,1832.84375,2,134,False,25.814700704225352
12,62,85,CulturaX,1639.390625,2,134,False,26.441784274193548
42,207,274,CulturaX,5373.34375,6,306,False,25.958182367149757
13,51,71,CulturaX,1416.796875,2,134,False,27.780330882352942
10,54,76,CulturaX,1283.1875,2,134,False,23.76273148148148
12,66,92,CulturaX,1745.75,2,134,False,26.450757575757574
22,103,151,CulturaX,2762.734375,3,177,False,26.822663834951456
7,26,38,CulturaX,753.703125,1,91,True,28.98858173076923
28,120,168,CulturaX,3255.171875,4,220,False,27.126432291666667
15,59,78,CulturaX,1562.421875,2,134,False,26.481726694915253
14,64,87,CulturaX,1624.046875,2,134,False,25.375732421875
19,88,127,CulturaX,2397.140625,3,177,False,27.240234375
10,42,61,CulturaX,1170.359375,2,134,False,27.865699404761905
13,75,106,CulturaX,1872.578125,3,177,False,24.967708333333334
11,53,80,CulturaX,1396.671875,2,134,False,26.352299528301888
26,132,193,CulturaX,3447.9375,4,220,False,26.120738636363637
34,172,256,CulturaX,4621.265625,6,306,False,26.86782340116279
17,79,105,CulturaX,2125.109375,3,177,False,26.900118670886076
13,59,84,CulturaX,1515.125,2,134,False,25.680084745762713
46,196,281,CulturaX,5261.171875,6,306,False,26.842713647959183
8,36,53,CulturaX,986.15625,2,134,False,27.393229166666668
22,96,138,CulturaX,2723.15625,3,177,False,28.3662109375
11,39,49,CulturaX,892.859375,1,91,True,22.893830128205128
9,40,61,CulturaX,1164.921875,2,134,False,29.123046875
12,53,77,CulturaX,1542.6875,2,134,False,29.107311320754718
11,44,64,CulturaX,1223.9375,2,134,False,27.816761363636363
21,95,137,CulturaX,2636.09375,4,220,False,27.748355263157894
49,233,341,CulturaX,6165.875,7,349,False,26.462982832618025
16,70,105,CulturaX,1866.25,2,134,False,26.660714285714285
39,197,281,CulturaX,5251.0625,6,306,False,26.65513959390863
11,47,67,CulturaX,1324.859375,2,134,False,28.18849734042553
41,186,280,CulturaX,5701.46875,7,349,False,30.653057795698924
16,56,79,CulturaX,1591.8125,2,134,False,28.425223214285715
7,28,44,CulturaX,784.75,1,91,True,28.026785714285715
25,108,141,CulturaX,2899.265625,4,220,False,26.845052083333332
19,88,129,CulturaX,2471.171875,3,177,False,28.081498579545453
11,59,81,CulturaX,1607.984375,2,134,False,27.253972457627118
23,108,156,CulturaX,2895.21875,4,220,False,26.80758101851852
9,43,59,CulturaX,1196.296875,2,134,False,27.820857558139537
30,136,195,CulturaX,3651.3125,5,263,False,26.847886029411764
31,140,197,CulturaX,3771.65625,4,220,False,26.940401785714286
8,36,51,CulturaX,997.109375,2,134,False,27.69748263888889
11,46,68,CulturaX,1256.453125,2,134,False,27.31419836956522
15,59,76,CulturaX,1646.828125,2,134,False,27.912341101694917
23,103,149,CulturaX,2885.203125,4,220,False,28.011680825242717
17,78,108,CulturaX,2082.03125,3,177,False,26.692708333333332
14,61,90,CulturaX,1787.140625,2,134,False,29.29738729508197
8,32,43,CulturaX,888.21875,1,91,True,27.7568359375
13,62,90,CulturaX,1612.78125,2,134,False,26.012600806451612
12,54,72,CulturaX,1454.109375,2,134,False,26.92795138888889
31,141,205,CulturaX,3984.75,5,263,False,28.26063829787234
12,53,76,CulturaX,1360.296875,2,134,False,25.665978773584907
13,60,82,CulturaX,1617.953125,2,134,False,26.965885416666666
8,32,42,CulturaX,847.71875,1,91,True,26.4912109375
7,38,56,CulturaX,1069.484375,2,134,False,28.144325657894736
11,56,82,CulturaX,1473.046875,2,134,False,26.304408482142858
11,61,79,CulturaX,1472.8125,2,134,False,24.144467213114755
44,200,285,CulturaX,5187.625,6,306,False,25.938125
18,79,111,CulturaX,1921.453125,3,177,False,24.322191455696203
14,64,90,CulturaX,1638.59375,2,134,False,25.60302734375
11,56,82,CulturaX,1504.3125,2,134,False,26.862723214285715
10,44,61,CulturaX,1111.734375,2,134,False,25.26669034090909
14,60,91,CulturaX,1620.640625,2,134,False,27.010677083333334
19,86,129,CulturaX,2256.53125,3,177,False,26.238735465116278
10,38,52,CulturaX,1039.125,2,134,False,27.345394736842106
20,90,130,CulturaX,2441.359375,3,177,False,27.126215277777778
18,87,115,CulturaX,2261.921875,3,177,False,25.99910201149425
8,31,41,CulturaX,750.203125,1,91,True,24.200100806451612
9,42,64,CulturaX,1156.640625,2,134,False,27.5390625
10,47,64,CulturaX,1180.5,2,134,False,25.117021276595743
8,29,45,CulturaX,918.53125,1,91,True,31.673491379310345
31,151,222,CulturaX,3971.671875,5,263,False,26.30246274834437
7,33,49,CulturaX,830.875,1,91,True,25.178030303030305
18,79,110,CulturaX,2013.90625,3,177,False,25.49248417721519
7,29,36,CulturaX,608.109375,1,91,True,20.96928879310345
19,76,101,CulturaX,2084.515625,3,177,False,27.42783717105263
7,28,42,CulturaX,694.421875,1,91,True,24.80078125
10,41,59,CulturaX,1149.109375,2,134,False,28.02705792682927
32,138,180,CulturaX,3588.5,4,220,False,26.003623188405797
10,50,74,CulturaX,1346.421875,2,134,False,26.9284375
7,36,50,CulturaX,918.46875,1,91,True,25.513020833333332
19,82,111,CulturaX,1865.96875,2,134,False,22.755716463414632
12,61,95,CulturaX,1619.0625,2,134,False,26.542008196721312
9,45,64,CulturaX,1181.6875,2,134,False,26.259722222222223
11,54,76,CulturaX,1354.09375,2,134,False,25.075810185185187
7,33,48,CulturaX,941.140625,1,91,True,28.51941287878788
21,101,141,CulturaX,2602.4375,3,177,False,25.76670792079208
15,64,95,CulturaX,1891.015625,3,177,False,29.547119140625
37,146,210,CulturaX,3857.953125,5,263,False,26.42433647260274
9,45,60,CulturaX,1138.78125,2,134,False,25.30625
25,128,177,CulturaX,3415.1875,4,220,False,26.68115234375
14,74,99,CulturaX,1803.546875,2,134,False,24.37225506756757
32,113,150,CulturaX,2988.078125,4,220,False,26.443169247787612
10,37,44,CulturaX,938.140625,1,91,True,25.355152027027028
17,69,96,CulturaX,1835.046875,2,134,False,26.594882246376812
25,118,165,CulturaX,3187.390625,4,220,False,27.011784957627118
8,32,45,CulturaX,939.546875,1,91,True,29.36083984375
10,46,70,CulturaX,1293.375,2,134,False,28.116847826086957
40,174,256,CulturaX,4475.890625,5,263,False,25.72350933908046
30,135,187,CulturaX,3542.140625,4,220,False,26.238078703703703
19,73,106,CulturaX,2139.25,3,177,False,29.304794520547944
8,33,48,CulturaX,900.796875,1,91,True,27.296875
10,43,59,CulturaX,1102.96875,2,134,False,25.65043604651163
19,82,108,CulturaX,2064.921875,3,177,False,25.181974085365855
7,32,47,CulturaX,862.0625,1,91,True,26.939453125
12,48,73,CulturaX,1442.03125,2,134,False,30.042317708333332
13,53,77,CulturaX,1453.640625,2,134,False,27.427181603773583
24,106,143,CulturaX,2810.859375,3,177,False,26.517541273584907
27,113,155,CulturaX,2989.890625,4,220,False,26.45920907079646
10,47,64,CulturaX,1190.03125,2,134,False,25.319813829787233
17,66,88,CulturaX,1746.71875,2,134,False,26.465435606060606
14,67,96,CulturaX,1852.328125,3,177,False,27.64668843283582
8,41,55,CulturaX,1161.640625,2,134,False,28.332698170731707
10,43,65,CulturaX,1144.125,2,134,False,26.607558139534884
21,89,122,CulturaX,2323.34375,3,177,False,26.10498595505618
18,82,118,CulturaX,2233.421875,3,177,False,27.236852134146343
23,101,144,CulturaX,2758.640625,4,220,False,27.313273514851485
19,85,114,CulturaX,2240.890625,3,177,False,26.36341911764706
34,157,218,CulturaX,4159.109375,5,263,False,26.491142515923567
184,787,1064,CulturaX,20882.15625,23,1037,False,26.533870711562898
22,88,122,CulturaX,2357.390625,3,177,False,26.788529829545453
26,119,163,CulturaX,3184.078125,4,220,False,26.756959033613445
7,31,42,CulturaX,793.015625,1,91,True,25.581149193548388
11,45,56,CulturaX,1226.0625,2,134,False,27.245833333333334
10,44,69,CulturaX,1253.765625,2,134,False,28.494673295454547
11,50,74,CulturaX,1441.671875,2,134,False,28.8334375
25,101,147,CulturaX,2796.53125,4,220,False,27.688428217821784
23,85,111,CulturaX,2141.0,3,177,False,25.188235294117646
25,121,181,CulturaX,3418.8125,4,220,False,28.25464876033058
13,56,74,CulturaX,1458.53125,2,134,False,26.045200892857142
10,51,67,CulturaX,1218.25,2,134,False,23.887254901960784
20,104,145,CulturaX,2754.078125,4,220,False,26.481520432692307
18,65,94,CulturaX,1759.640625,2,134,False,27.07139423076923
8,57,88,CulturaX,1554.71875,2,134,False,27.27576754385965
18,98,147,CulturaX,2539.296875,3,177,False,25.911192602040817
7,28,39,CulturaX,818.0625,1,91,True,29.216517857142858
11,44,62,CulturaX,1137.3125,2,134,False,25.848011363636363
33,145,201,CulturaX,3832.671875,5,263,False,26.432219827586206
16,71,100,CulturaX,1800.625,2,134,False,25.360915492957748
13,44,65,CulturaX,1211.1875,2,134,False,27.526988636363637
7,49,62,CulturaX,1135.0625,2,134,False,23.164540816326532
16,61,86,CulturaX,1723.453125,2,134,False,28.253329918032787
8,42,61,CulturaX,1222.453125,2,134,False,29.106026785714285
12,50,67,CulturaX,1285.453125,2,134,False,25.7090625
8,38,50,CulturaX,1018.078125,2,134,False,26.791529605263158
7,28,37,CulturaX,725.984375,1,91,True,25.928013392857142
18,81,114,CulturaX,2090.734375,3,177,False,25.81153549382716
16,69,94,CulturaX,1818.140625,2,134,False,26.34986413043478
18,77,109,CulturaX,2151.703125,3,177,False,27.944196428571427
25,110,157,CulturaX,2881.234375,4,220,False,26.19303977272727
8,29,40,CulturaX,750.890625,1,91,True,25.892780172413794
13,52,75,CulturaX,1446.515625,2,134,False,27.817608173076923
15,67,99,CulturaX,1807.46875,3,177,False,26.97714552238806
8,40,50,CulturaX,918.5625,1,91,True,22.9640625
20,82,103,CulturaX,1994.265625,3,177,False,24.3203125
21,102,141,CulturaX,2698.828125,3,177,False,26.459099264705884
15,65,94,CulturaX,1770.765625,2,134,False,27.242548076923075
15,71,103,CulturaX,1895.296875,3,177,False,26.694322183098592
27,114,161,CulturaX,2979.203125,4,220,False,26.133360745614034
13,68,107,CulturaX,1879.203125,2,134,False,27.635340073529413
7,32,45,CulturaX,893.90625,1,91,True,27.9345703125
9,32,50,CulturaX,953.171875,1,91,True,29.78662109375
19,80,116,CulturaX,2144.203125,3,177,False,26.8025390625
15,74,113,CulturaX,2082.421875,3,177,False,28.14083614864865
9,44,60,CulturaX,1148.0,2,134,False,26.09090909090909
31,135,190,CulturaX,3690.875,4,220,False,27.339814814814815
15,72,99,CulturaX,1918.734375,3,177,False,26.649088541666668
19,82,115,CulturaX,2156.5,3,177,False,26.298780487804876
8,36,52,CulturaX,999.109375,2,134,False,27.753038194444443
42,178,246,CulturaX,4788.125,6,306,False,26.899578651685392
10,36,45,CulturaX,892.03125,1,91,True,24.778645833333332
8,34,48,CulturaX,919.125,1,91,True,27.033088235294116
15,66,90,CulturaX,1617.9375,2,134,False,24.514204545454547
26,125,180,CulturaX,3385.03125,4,220,False,27.08025
8,37,49,CulturaX,973.5,2,134,False,26.31081081081081
11,47,67,CulturaX,1287.375,2,134,False,27.39095744680851
19,89,123,CulturaX,2321.53125,3,177,False,26.084620786516854
15,72,113,CulturaX,2052.234375,3,177,False,28.503255208333332
15,78,113,CulturaX,2222.484375,3,177,False,28.493389423076923
26,104,137,CulturaX,2703.203125,3,177,False,25.992337740384617
13,68,100,CulturaX,1815.671875,3,177,False,26.701056985294116
9,36,53,CulturaX,920.21875,1,91,True,25.561631944444443
16,62,89,CulturaX,1783.453125,3,177,False,28.765372983870968
23,91,128,CulturaX,2518.25,3,177,False,27.673076923076923
16,74,100,CulturaX,1947.34375,3,177,False,26.31545608108108
26,111,157,CulturaX,2927.84375,4,220,False,26.37697072072072
22,95,134,CulturaX,2502.390625,3,177,False,26.340953947368423
8,37,52,CulturaX,930.078125,1,91,True,25.13724662162162
16,71,99,CulturaX,1898.25,3,177,False,26.735915492957748
31,147,199,CulturaX,3938.203125,5,263,False,26.790497448979593
17,75,106,CulturaX,1930.609375,3,177,False,25.741458333333334
14,58,85,CulturaX,1534.765625,2,134,False,26.46147629310345
19,91,122,CulturaX,2382.53125,3,177,False,26.181662087912088
16,67,94,CulturaX,1838.0,2,134,False,27.432835820895523
30,116,157,CulturaX,3219.890625,4,220,False,27.75767780172414
27,121,170,CulturaX,3278.21875,4,220,False,27.092716942148762
11,54,78,CulturaX,1542.734375,2,134,False,28.56915509259259
54,244,344,CulturaX,6485.03125,7,349,False,26.57799692622951
23,119,163,CulturaX,3034.5625,4,220,False,25.500525210084035
33,143,200,CulturaX,3785.8125,5,263,False,26.474213286713287
9,40,59,CulturaX,1092.75,2,134,False,27.31875
11,83,120,CulturaX,2299.453125,3,177,False,27.70425451807229
8,31,46,CulturaX,779.5,1,91,True,25.14516129032258
21,93,139,CulturaX,2553.46875,3,177,False,27.456653225806452
9,33,42,CulturaX,819.40625,1,91,True,24.830492424242426
7,43,57,CulturaX,1104.125,2,134,False,25.677325581395348
10,37,47,CulturaX,926.484375,1,91,True,25.040118243243242
11,44,66,CulturaX,1239.59375,2,134,False,28.172585227272727
22,94,128,CulturaX,2505.9375,3,177,False,26.658909574468087
14,55,74,CulturaX,1384.984375,2,134,False,25.18153409090909
13,55,77,CulturaX,1532.765625,2,134,False,27.868465909090908
16,80,118,CulturaX,2218.140625,3,177,False,27.7267578125
7,28,39,CulturaX,741.25,1,91,True,26.473214285714285
9,46,60,CulturaX,1092.84375,2,134,False,23.757472826086957
26,136,197,CulturaX,3669.015625,5,263,False,26.97805606617647
108,477,666,CulturaX,12371.109375,14,650,False,25.935239779874212
27,121,177,CulturaX,3120.0625,4,220,False,25.785640495867767
16,88,134,CulturaX,2381.96875,3,177,False,27.067826704545453
10,46,66,CulturaX,1273.71875,2,134,False,27.68953804347826
17,67,96,CulturaX,1836.046875,2,134,False,27.403684701492537
12,46,60,CulturaX,1127.640625,2,134,False,24.51392663043478
14,71,104,CulturaX,1925.953125,3,177,False,27.126100352112676
40,182,264,CulturaX,5038.734375,6,306,False,27.685353708791208
13,65,84,CulturaX,1735.109375,2,134,False,26.693990384615386
31,138,202,CulturaX,3512.546875,4,220,False,25.45323822463768
17,71,105,CulturaX,2097.0625,3,177,False,29.536091549295776
28,146,208,CulturaX,3598.546875,5,263,False,24.647581335616437
8,84,105,CulturaX,1942.25,3,177,False,23.12202380952381
15,74,111,CulturaX,1931.265625,3,177,False,26.09818412162162
7,31,42,CulturaX,795.53125,1,91,True,25.662298387096776
27,125,173,CulturaX,3293.421875,4,220,False,26.347375
25,104,146,CulturaX,2795.40625,4,220,False,26.87890625
7,29,42,CulturaX,751.828125,1,91,True,25.92510775862069
9,33,46,CulturaX,899.015625,1,91,True,27.242897727272727
7,25,36,CulturaX,740.96875,1,91,True,29.63875
13,63,90,CulturaX,1707.75,2,134,False,27.107142857142858
10,37,49,CulturaX,1013.796875,2,134,False,27.39991554054054
10,48,72,CulturaX,1226.125,2,134,False,25.544270833333332
17,82,113,CulturaX,2157.640625,3,177,False,26.312690548780488
8,32,45,CulturaX,815.546875,1,91,True,25.48583984375
31,145,204,CulturaX,3810.390625,5,263,False,26.278556034482758
10,45,68,CulturaX,1253.34375,2,134,False,27.852083333333333
25,103,143,CulturaX,2742.375,3,177,False,26.625
12,47,62,CulturaX,1181.171875,2,134,False,25.1313164893617
14,62,84,CulturaX,1584.890625,2,134,False,25.562752016129032
9,37,53,CulturaX,1022.90625,2,134,False,27.646114864864863
24,113,162,CulturaX,3062.71875,4,220,False,27.103705752212388
41,183,260,CulturaX,4826.234375,6,306,False,26.37286543715847
40,197,286,CulturaX,5170.6875,6,306,False,26.247144670050762
23,107,156,CulturaX,2924.671875,4,220,False,27.333382009345794
27,113,161,CulturaX,3032.640625,4,220,False,26.837527654867255
17,75,106,CulturaX,2096.375,3,177,False,27.951666666666668
16,72,100,CulturaX,1997.875,3,177,False,27.74826388888889
13,58,77,CulturaX,1597.625,2,134,False,27.545258620689655
12,49,65,CulturaX,1269.703125,2,134,False,25.912308673469386
28,123,166,CulturaX,3354.796875,4,220,False,27.274771341463413
24,103,155,CulturaX,2796.265625,3,177,False,27.148209951456312
26,112,158,CulturaX,2974.046875,4,220,False,26.553989955357142
19,84,115,CulturaX,2239.375,3,177,False,26.65922619047619
18,84,121,CulturaX,2433.484375,3,177,False,28.970052083333332
20,83,108,CulturaX,2046.90625,3,177,False,24.66152108433735
21,83,116,CulturaX,2347.109375,3,177,False,28.278426204819276
39,197,290,CulturaX,5169.171875,6,306,False,26.23945114213198
16,71,96,CulturaX,1846.96875,3,177,False,26.013644366197184
22,94,132,CulturaX,2464.75,3,177,False,26.220744680851062
41,182,251,CulturaX,4725.140625,6,306,False,25.962311126373628
12,51,74,CulturaX,1473.453125,2,134,False,28.89123774509804
18,79,108,CulturaX,2111.375,3,177,False,26.72626582278481
16,76,108,CulturaX,1942.46875,3,177,False,25.558799342105264
16,73,97,CulturaX,1827.515625,2,134,False,25.034460616438356
22,105,147,CulturaX,2827.5,4,220,False,26.928571428571427
10,57,78,CulturaX,1497.921875,2,134,False,26.279331140350877
21,104,151,CulturaX,2828.40625,4,220,False,27.196213942307693
21,96,133,CulturaX,2440.375,3,177,False,25.420572916666668
16,72,100,CulturaX,1892.171875,2,134,False,26.280164930555557
9,46,59,CulturaX,1189.84375,2,134,False,25.86616847826087
33,136,200,CulturaX,3763.28125,5,263,False,27.671185661764707
25,104,152,CulturaX,2808.078125,4,220,False,27.000751201923077
15,69,99,CulturaX,1817.71875,2,134,False,26.34375
7,30,40,CulturaX,863.828125,1,91,True,28.794270833333332
10,47,68,CulturaX,1248.078125,2,134,False,26.554853723404257
15,60,79,CulturaX,1529.3125,2,134,False,25.488541666666666
13,60,92,CulturaX,1572.78125,2,134,False,26.213020833333335
19,86,131,CulturaX,2263.109375,3,177,False,26.315225290697676
19,78,118,CulturaX,2083.234375,3,177,False,26.708133012820515
38,192,272,CulturaX,5065.640625,6,306,False,26.383544921875
10,39,52,CulturaX,1045.046875,2,134,False,26.79607371794872
20,101,144,CulturaX,2746.234375,4,220,False,27.190439356435643
10,39,55,CulturaX,1039.859375,2,134,False,26.663060897435898
10,50,75,CulturaX,1244.421875,2,134,False,24.8884375
32,133,172,CulturaX,3447.9375,4,220,False,25.924342105263158
18,81,111,CulturaX,2067.578125,3,177,False,25.52565586419753
19,91,134,CulturaX,2405.265625,3,177,False,26.431490384615383
11,55,85,CulturaX,1461.078125,2,134,False,26.56505681818182
20,101,134,CulturaX,2544.0625,3,177,False,25.188737623762375
7,29,40,CulturaX,798.703125,1,91,True,27.541487068965516
13,57,79,CulturaX,1498.515625,2,134,False,26.289747807017545
7,28,37,CulturaX,743.125,1,91,True,26.540178571428573
10,51,74,CulturaX,1372.328125,2,134,False,26.90839460784314
24,116,166,CulturaX,3101.140625,4,220,False,26.733970905172413
18,87,128,CulturaX,2261.578125,3,177,False,25.995150862068964
37,161,223,CulturaX,4258.5,5,263,False,26.450310559006212
27,110,156,CulturaX,3072.09375,4,220,False,27.928125
16,75,110,CulturaX,2045.953125,3,177,False,27.279375
18,88,122,CulturaX,2340.921875,3,177,False,26.601384943181817
15,68,99,CulturaX,1826.640625,2,134,False,26.862362132352942
19,99,148,CulturaX,2640.671875,3,177,False,26.673453282828284
21,88,126,CulturaX,2301.53125,3,177,False,26.153764204545453
14,68,96,CulturaX,1845.265625,2,134,False,27.13625919117647
63,295,408,CulturaX,7864.640625,9,435,False,26.65979872881356
42,186,254,CulturaX,4820.375,6,306,False,25.915994623655912
18,86,125,CulturaX,2264.78125,3,177,False,26.334665697674417
10,43,63,CulturaX,1176.859375,2,134,False,27.368822674418606
9,46,72,CulturaX,1310.703125,2,134,False,28.493546195652176
8,28,38,CulturaX,800.046875,1,91,True,28.573102678571427
34,151,216,CulturaX,3976.859375,5,263,False,26.336817052980134
32,139,206,CulturaX,3829.734375,5,263,False,27.552045863309353
26,110,162,CulturaX,2920.53125,4,220,False,26.55028409090909
54,228,308,CulturaX,5826.8125,7,349,False,25.556195175438596
33,130,173,CulturaX,3153.359375,4,220,False,24.256610576923077
11,43,61,CulturaX,1163.390625,2,134,False,27.05559593023256
11,42,52,CulturaX,1056.078125,2,134,False,25.144717261904763
11,46,70,CulturaX,1255.984375,2,134,False,27.304008152173914
9,35,54,CulturaX,920.984375,1,91,True,26.313839285714284
44,189,257,CulturaX,4981.734375,6,306,False,26.358382936507937
17,67,96,CulturaX,1764.890625,2,134,False,26.341651119402986
18,75,101,CulturaX,2056.609375,3,177,False,27.421458333333334
18,83,113,CulturaX,2199.765625,3,177,False,26.50320030120482
8,39,55,CulturaX,1065.484375,2,134,False,27.32011217948718
69,299,411,CulturaX,8195.03125,10,478,False,27.40813127090301
20,96,134,CulturaX,2503.359375,3,177,False,26.07666015625
13,58,86,CulturaX,1492.265625,2,134,False,25.728717672413794
16,68,102,CulturaX,1953.40625,3,177,False,28.7265625
11,50,69,CulturaX,1226.28125,2,134,False,24.525625
12,55,76,CulturaX,1468.0625,2,134,False,26.692045454545454
7,31,43,CulturaX,891.125,1,91,True,28.745967741935484
9,39,53,CulturaX,1086.453125,2,134,False,27.857772435897434
7,31,46,CulturaX,909.09375,1,91,True,29.325604838709676
33,152,221,CulturaX,4022.765625,5,263,False,26.46556332236842
18,93,135,CulturaX,2394.96875,3,177,False,25.752352150537636
14,53,71,CulturaX,1455.671875,2,134,False,27.4655070754717
50,219,322,CulturaX,6344.3125,7,349,False,28.969463470319635
10,46,67,CulturaX,1365.46875,2,134,False,29.684103260869566
10,44,64,CulturaX,1181.515625,2,134,False,26.85262784090909
16,81,116,CulturaX,2145.1875,3,177,False,26.483796296296298
28,141,197,CulturaX,3586.109375,4,220,False,25.433399822695037
17,77,107,CulturaX,2081.84375,3,177,False,27.036931818181817
7,27,38,CulturaX,772.03125,1,91,True,28.59375
42,193,279,CulturaX,5301.109375,6,306,False,27.466887953367877
35,162,227,CulturaX,4522.3125,6,306,False,27.91550925925926
24,99,135,CulturaX,2540.234375,3,177,False,25.65893308080808
11,40,55,CulturaX,1066.453125,2,134,False,26.661328125
18,64,94,CulturaX,1740.890625,2,134,False,27.201416015625
22,84,113,CulturaX,2246.375,3,177,False,26.742559523809526
19,66,82,CulturaX,1556.96875,2,134,False,23.590435606060606
7,27,36,CulturaX,727.671875,1,91,True,26.950810185185187
22,104,143,CulturaX,2699.453125,3,177,False,25.956280048076923
20,95,142,CulturaX,2545.46875,3,177,False,26.794407894736842
16,73,103,CulturaX,1870.203125,2,134,False,25.619220890410958
11,44,59,CulturaX,1190.53125,2,134,False,27.05752840909091
16,68,107,CulturaX,1940.671875,3,177,False,28.539292279411764
44,198,287,CulturaX,5369.4375,6,306,False,27.11837121212121
12,51,74,CulturaX,1373.25,2,134,False,26.926470588235293
14,63,82,CulturaX,1550.75,2,134,False,24.615079365079364
27,116,161,CulturaX,3251.140625,4,220,False,28.027074353448278
24,103,140,CulturaX,2639.34375,4,220,False,25.624696601941746
17,82,119,CulturaX,2339.265625,3,177,False,28.52762957317073
9,35,47,CulturaX,895.484375,1,91,True,25.585267857142856
9,36,51,CulturaX,959.453125,1,91,True,26.651475694444443
12,55,79,CulturaX,1426.703125,2,134,False,25.94005681818182
12,61,88,CulturaX,1621.484375,2,134,False,26.58171106557377
15,69,102,CulturaX,1852.703125,2,134,False,26.85076992753623
19,81,121,CulturaX,2215.15625,3,177,False,27.347608024691358
8,38,47,CulturaX,926.078125,1,91,True,24.37047697368421
26,127,169,CulturaX,3332.296875,4,220,False,26.23855807086614
17,75,108,CulturaX,2043.5625,3,177,False,27.2475
17,67,100,CulturaX,1745.28125,2,134,False,26.048973880597014
19,77,103,CulturaX,1943.609375,3,177,False,25.241680194805195
10,43,65,CulturaX,1297.328125,2,134,False,30.170421511627907
19,80,116,CulturaX,2340.640625,3,177,False,29.2580078125
20,85,123,CulturaX,2334.03125,3,177,False,27.45919117647059
11,48,69,CulturaX,1282.078125,2,134,False,26.7099609375
14,60,87,CulturaX,1633.46875,2,134,False,27.224479166666665
21,79,111,CulturaX,2108.296875,3,177,False,26.687302215189874
7,28,40,CulturaX,743.609375,1,91,True,26.557477678571427
22,115,152,CulturaX,2908.84375,4,220,False,25.29429347826087
9,42,60,CulturaX,1096.828125,2,134,False,26.114955357142858
40,205,305,CulturaX,5540.140625,6,306,False,27.025076219512194
12,49,67,CulturaX,1426.75,2,134,False,29.117346938775512
15,60,73,CulturaX,1531.59375,2,134,False,25.5265625
10,44,65,CulturaX,1245.859375,2,134,False,28.314985795454547
23,101,137,CulturaX,2700.390625,3,177,False,26.73654084158416
26,126,173,CulturaX,3441.1875,4,220,False,27.311011904761905
18,81,113,CulturaX,2017.359375,3,177,False,24.905671296296298
7,31,41,CulturaX,802.78125,1,91,True,25.896169354838708
36,184,258,CulturaX,4790.984375,6,306,False,26.03795855978261
15,72,117,CulturaX,1902.796875,3,177,False,26.427734375
15,68,91,CulturaX,1699.46875,2,134,False,24.9921875
12,47,66,CulturaX,1113.53125,2,134,False,23.69215425531915
20,74,105,CulturaX,1887.328125,2,134,False,25.50443412162162
9,59,83,CulturaX,1617.953125,2,134,False,27.4229343220339
31,141,193,CulturaX,3626.484375,4,220,False,25.71974734042553
22,98,136,CulturaX,2572.359375,3,177,False,26.248565051020407
23,100,137,CulturaX,2671.34375,3,177,False,26.7134375
23,105,149,CulturaX,2715.921875,3,177,False,25.86592261904762
7,27,37,CulturaX,719.265625,1,91,True,26.63946759259259
15,71,101,CulturaX,1811.375,2,134,False,25.512323943661972
30,138,196,CulturaX,3752.21875,5,263,False,27.189990942028984
36,163,235,CulturaX,4543.515625,5,263,False,27.87432898773006
19,91,125,CulturaX,2303.625,3,177,False,25.314560439560438
22,107,169,CulturaX,2880.96875,4,220,False,26.924941588785046
28,129,197,CulturaX,3434.28125,4,220,False,26.62233527131783
12,53,69,CulturaX,1357.828125,2,134,False,25.61939858490566
15,75,116,CulturaX,1933.359375,3,177,False,25.778125
21,91,111,CulturaX,2244.359375,3,177,False,24.663289835164836
56,233,315,CulturaX,5888.4375,7,349,False,25.272263948497855
15,67,96,CulturaX,1744.0625,2,134,False,26.03078358208955
12,49,72,CulturaX,1333.953125,2,134,False,27.223533163265305
9,50,71,CulturaX,1331.78125,2,134,False,26.635625
7,27,37,CulturaX,626.765625,1,91,True,23.213541666666668
7,32,42,CulturaX,866.265625,1,91,True,27.07080078125
15,63,93,CulturaX,1760.875,2,134,False,27.950396825396826
7,32,49,CulturaX,961.3125,2,134,False,30.041015625
7,27,39,CulturaX,712.359375,1,91,True,26.383680555555557
7,27,36,CulturaX,730.65625,1,91,True,27.06134259259259
24,115,171,CulturaX,2951.84375,4,220,False,25.66820652173913
14,60,79,CulturaX,1588.984375,2,134,False,26.483072916666668
8,49,70,CulturaX,1361.828125,2,134,False,27.792410714285715
14,61,90,CulturaX,1597.875,2,134,False,26.19467213114754
20,81,115,CulturaX,2103.09375,3,177,False,25.96412037037037
16,73,105,CulturaX,1953.9375,3,177,False,26.766267123287673
13,58,89,CulturaX,1636.640625,2,134,False,28.21794181034483
9,32,44,CulturaX,859.203125,1,91,True,26.85009765625
30,149,218,CulturaX,4000.03125,5,263,False,26.84584731543624
7,28,39,CulturaX,731.640625,1,91,True,26.130022321428573
17,77,113,CulturaX,2069.59375,3,177,False,26.87784090909091
12,63,85,CulturaX,1544.828125,2,134,False,24.521081349206348
33,139,188,CulturaX,3735.59375,5,263,False,26.874775179856115
7,35,48,CulturaX,959.765625,1,91,True,27.421875
45,184,265,CulturaX,4845.390625,6,306,False,26.333644701086957
21,90,126,CulturaX,2432.640625,3,177,False,27.029340277777777
20,88,126,CulturaX,2363.3125,3,177,False,26.855823863636363
13,60,88,CulturaX,1608.859375,2,134,False,26.814322916666665
14,57,89,CulturaX,1621.015625,2,134,False,28.43887061403509
30,132,198,CulturaX,3429.40625,4,220,False,25.98035037878788
15,68,96,CulturaX,1797.5,2,134,False,26.433823529411764
10,44,62,CulturaX,1209.765625,2,134,False,27.494673295454547
35,182,239,CulturaX,4291.53125,5,263,False,23.579842032967033
15,79,111,CulturaX,2067.78125,3,177,False,26.174446202531644
20,79,105,CulturaX,2081.765625,3,177,False,26.351463607594937
19,85,115,CulturaX,2227.25,3,177,False,26.20294117647059
22,107,149,CulturaX,2849.4375,4,220,False,26.630257009345794
19,88,134,CulturaX,2303.546875,3,177,False,26.17666903409091
7,27,35,CulturaX,675.96875,1,91,True,25.03587962962963
43,204,293,CulturaX,5324.46875,6,306,False,26.100337009803923
41,190,263,CulturaX,5054.609375,6,306,False,26.603207236842106
35,152,221,CulturaX,4151.96875,5,263,False,27.31558388157895
18,91,128,CulturaX,2404.359375,3,177,False,26.421531593406595
8,35,49,CulturaX,960.03125,2,134,False,27.429464285714285
35,175,247,CulturaX,4603.78125,6,306,False,26.307321428571427
12,52,74,CulturaX,1376.78125,2,134,False,26.4765625
15,63,87,CulturaX,1659.765625,2,134,False,26.34548611111111
9,45,58,CulturaX,1102.859375,2,134,False,24.507986111111112
29,123,176,CulturaX,3312.15625,4,220,False,26.928099593495936
18,90,129,CulturaX,2416.234375,3,177,False,26.847048611111113
14,56,82,CulturaX,1539.734375,2,134,False,27.495256696428573
8,42,63,CulturaX,1208.75,2,134,False,28.779761904761905
21,95,136,CulturaX,2529.265625,3,177,False,26.623848684210525
9,42,55,CulturaX,1069.953125,2,134,False,25.475074404761905
11,50,72,CulturaX,1332.78125,2,134,False,26.655625
28,128,188,CulturaX,3532.0,4,220,False,27.59375
7,23,35,CulturaX,618.140625,1,91,True,26.875679347826086
36,155,218,CulturaX,4101.46875,5,263,False,26.46108870967742
12,52,77,CulturaX,1457.796875,2,134,False,28.03455528846154
7,34,46,CulturaX,889.78125,1,91,True,26.170036764705884
22,107,155,CulturaX,2715.671875,3,177,False,25.380110981308412
17,72,91,CulturaX,1960.53125,3,177,False,27.229600694444443
12,59,83,CulturaX,1619.0,2,134,False,27.440677966101696
22,105,128,CulturaX,2281.625,3,177,False,21.729761904761904
18,80,113,CulturaX,2096.1875,3,177,False,26.20234375
9,34,45,CulturaX,918.4375,1,91,True,27.012867647058822
15,59,78,CulturaX,1536.0625,2,134,False,26.034957627118644
12,52,71,CulturaX,1353.953125,2,134,False,26.037560096153847
24,105,146,CulturaX,2982.734375,4,220,False,28.406994047619047
12,54,69,CulturaX,1398.71875,2,134,False,25.902199074074073
8,31,48,CulturaX,812.640625,1,91,True,26.21421370967742
21,93,129,CulturaX,2593.265625,3,177,False,27.884576612903224
11,62,80,CulturaX,1431.578125,2,134,False,23.089969758064516
9,45,65,CulturaX,1225.625,2,134,False,27.23611111111111
8,26,36,CulturaX,684.265625,1,91,True,26.317908653846153
7,33,44,CulturaX,902.078125,1,91,True,27.335700757575758
21,93,126,CulturaX,2395.625,3,177,False,25.759408602150536
17,71,109,CulturaX,1905.359375,3,177,False,26.836047535211268
38,213,285,CulturaX,5220.546875,6,306,False,24.509609741784036
12,53,79,CulturaX,1424.859375,2,134,False,26.884139150943398
13,56,81,CulturaX,1595.859375,2,134,False,28.497488839285715
8,37,57,CulturaX,1154.0,2,134,False,31.18918918918919
12,47,66,CulturaX,1182.71875,2,134,False,25.164228723404257
22,102,136,CulturaX,2673.78125,3,177,False,26.213541666666668
17,78,107,CulturaX,2089.734375,3,177,False,26.791466346153847
28,131,188,CulturaX,3506.40625,4,220,False,26.766459923664122
8,37,53,CulturaX,934.84375,1,91,True,25.2660472972973
8,36,51,CulturaX,922.875,1,91,True,25.635416666666668
13,54,81,CulturaX,1412.15625,2,134,False,26.151041666666668
33,136,182,CulturaX,3231.015625,4,220,False,23.75746783088235
10,44,67,CulturaX,1246.890625,2,134,False,28.338423295454547
9,37,51,CulturaX,1021.96875,2,134,False,27.620777027027028
32,148,216,CulturaX,3790.71875,4,220,False,25.612964527027028
28,114,152,CulturaX,3049.328125,4,220,False,26.748492324561404
8,27,42,CulturaX,792.1875,1,91,True,29.34027777777778
7,27,38,CulturaX,709.25,1,91,True,26.26851851851852
13,62,91,CulturaX,1697.828125,2,134,False,27.384324596774192
11,37,52,CulturaX,1095.140625,2,134,False,29.59839527027027
11,42,58,CulturaX,1081.46875,2,134,False,25.749255952380953
23,110,159,CulturaX,2897.09375,4,220,False,26.337215909090908
17,89,130,CulturaX,2337.78125,3,177,False,26.267205056179776
9,32,44,CulturaX,773.046875,1,91,True,24.15771484375
7,25,33,CulturaX,627.65625,1,91,True,25.10625
16,70,100,CulturaX,1777.484375,2,134,False,25.392633928571428
26,134,187,CulturaX,3701.265625,4,220,False,27.62138526119403
7,36,53,CulturaX,955.515625,1,91,True,26.542100694444443
37,173,249,CulturaX,4802.859375,6,306,False,27.762192919075144
18,80,100,CulturaX,2103.96875,3,177,False,26.299609375
8,31,45,CulturaX,832.546875,1,91,True,26.856350806451612
14,61,84,CulturaX,1626.84375,2,134,False,26.669569672131146
41,183,236,CulturaX,4738.8125,6,306,False,25.895150273224044
21,101,140,CulturaX,2781.375,4,220,False,27.538366336633665
16,60,77,CulturaX,1481.671875,2,134,False,24.69453125
8,41,58,CulturaX,1080.859375,2,134,False,26.362423780487806
7,32,43,CulturaX,887.390625,1,91,True,27.73095703125
7,24,31,CulturaX,576.6875,1,91,True,24.028645833333332
16,77,108,CulturaX,2016.140625,3,177,False,26.18364448051948
12,53,78,CulturaX,1422.296875,2,134,False,26.83579009433962
9,37,52,CulturaX,971.96875,2,134,False,26.269425675675677
11,47,61,CulturaX,1157.15625,2,134,False,24.62034574468085
30,141,206,CulturaX,3666.03125,5,263,False,26.000221631205672
23,90,127,CulturaX,2293.03125,3,177,False,25.478125
67,316,457,CulturaX,8381.5625,10,478,False,26.523931962025316
21,83,126,CulturaX,2252.078125,3,177,False,27.13347138554217
8,35,54,CulturaX,960.03125,2,134,False,27.429464285714285
37,156,213,CulturaX,4085.0,5,263,False,26.185897435897434
14,57,77,CulturaX,1450.796875,2,134,False,25.452576754385966
12,46,61,CulturaX,1174.53125,2,134,False,25.53328804347826
10,45,63,CulturaX,1207.203125,2,134,False,26.82673611111111
22,104,145,CulturaX,2775.9375,4,220,False,26.69170673076923
26,113,161,CulturaX,3096.578125,4,220,False,27.403346238938052
33,164,247,CulturaX,4661.25,6,306,False,28.422256097560975
14,70,99,CulturaX,1934.421875,3,177,False,27.634598214285713
15,75,104,CulturaX,2110.046875,3,177,False,28.133958333333332
14,66,91,CulturaX,1830.40625,2,134,False,27.73342803030303
40,207,292,CulturaX,5258.40625,6,306,False,25.402928743961354
19,97,144,CulturaX,2577.34375,3,177,False,26.57055412371134
15,68,98,CulturaX,1842.921875,2,134,False,27.101792279411764
11,46,63,CulturaX,1274.640625,2,134,False,27.709578804347824
17,72,109,CulturaX,1930.5625,3,177,False,26.813368055555557
15,70,93,CulturaX,1784.453125,2,134,False,25.4921875
23,99,136,CulturaX,2800.703125,3,177,False,28.289930555555557
19,74,99,CulturaX,2016.9375,3,177,False,27.25591216216216
12,56,75,CulturaX,1450.78125,2,134,False,25.906808035714285
7,33,45,CulturaX,851.671875,1,91,True,25.808238636363637
51,220,301,CulturaX,5891.53125,7,349,False,26.7796875
24,110,155,CulturaX,2957.703125,4,220,False,26.888210227272726
28,147,202,CulturaX,3708.859375,5,263,False,25.230335884353742
13,64,87,CulturaX,1714.71875,2,134,False,26.79248046875
14,59,74,CulturaX,1555.25,2,134,False,26.360169491525422
10,52,70,CulturaX,1410.046875,2,134,False,27.116286057692307
40,188,262,CulturaX,4761.953125,6,306,False,25.32953789893617
21,109,156,CulturaX,2886.375,4,220,False,26.480504587155963
26,107,151,CulturaX,2890.890625,4,220,False,27.017669392523363
20,106,155,CulturaX,2740.828125,3,177,False,25.856869103773583
38,171,239,CulturaX,4453.265625,5,263,False,26.04248903508772
19,88,129,CulturaX,2303.21875,3,177,False,26.17294034090909
16,62,84,CulturaX,1597.921875,2,134,False,25.772933467741936
7,27,44,CulturaX,805.390625,1,91,True,29.82928240740741
14,54,73,CulturaX,1371.625,2,134,False,25.400462962962962
8,34,48,CulturaX,892.171875,1,91,True,26.240349264705884
13,55,77,CulturaX,1590.234375,2,134,False,28.913352272727273
18,79,118,CulturaX,2214.671875,3,177,False,28.033821202531644
7,30,46,CulturaX,881.015625,1,91,True,29.3671875
14,74,110,CulturaX,1945.171875,3,177,False,26.28610641891892
11,43,58,CulturaX,1135.40625,2,134,False,26.404796511627907
7,30,40,CulturaX,752.0,1,91,True,25.066666666666666
9,31,49,CulturaX,882.65625,1,91,True,28.472782258064516
7,28,37,CulturaX,834.234375,1,91,True,29.794084821428573
62,258,357,CulturaX,6722.46875,8,392,False,26.05608042635659
163,643,921,CulturaX,16840.875,19,865,False,26.191096423017107
33,144,194,CulturaX,3757.1875,4,220,False,26.09157986111111
34,152,212,CulturaX,4068.640625,5,263,False,26.767372532894736
10,51,76,CulturaX,1431.796875,2,134,False,28.074448529411764
35,152,231,CulturaX,4039.203125,5,263,False,26.573704769736842
26,132,190,CulturaX,3514.875,4,220,False,26.62784090909091
20,103,143,CulturaX,2718.03125,4,220,False,26.38865291262136
18,79,113,CulturaX,2081.90625,3,177,False,26.353243670886076
26,126,184,CulturaX,3484.015625,4,220,False,27.650917658730158
8,36,51,CulturaX,948.359375,1,91,True,26.34331597222222
12,60,85,CulturaX,1761.03125,2,134,False,29.350520833333334
13,53,71,CulturaX,1410.953125,2,134,False,26.6217570754717
9,43,62,CulturaX,1173.640625,2,134,False,27.293968023255815
14,73,103,CulturaX,1978.015625,3,177,False,27.096104452054796
19,84,117,CulturaX,2208.125,3,177,False,26.28720238095238
31,156,216,CulturaX,4185.21875,5,263,False,26.82832532051282
11,54,76,CulturaX,1549.171875,2,134,False,28.688368055555557
7,38,54,CulturaX,1004.125,2,134,False,26.424342105263158
15,71,99,CulturaX,1775.9375,2,134,False,25.013204225352112
19,81,116,CulturaX,2264.46875,3,177,False,27.956404320987655
9,45,70,CulturaX,1271.140625,2,134,False,28.247569444444444
20,82,116,CulturaX,2367.828125,3,177,False,28.875952743902438
20,97,133,CulturaX,2571.015625,3,177,False,26.505315721649485
13,54,73,CulturaX,1522.0625,2,134,False,28.18634259259259
12,45,66,CulturaX,1309.1875,2,134,False,29.093055555555555
30,140,218,CulturaX,3834.578125,4,220,False,27.38984375
31,149,219,CulturaX,4109.609375,5,263,False,27.581270973154364
38,171,263,CulturaX,4563.03125,6,306,False,26.6843932748538
11,50,72,CulturaX,1353.78125,2,134,False,27.075625
49,225,330,CulturaX,6130.234375,7,349,False,27.245486111111113
21,86,123,CulturaX,2274.390625,3,177,False,26.44640261627907
7,33,47,CulturaX,884.90625,1,91,True,26.81534090909091
11,58,78,CulturaX,1512.5,2,134,False,26.07758620689655
19,85,122,CulturaX,2365.859375,3,177,False,27.83363970588235
34,157,221,CulturaX,4347.1875,5,263,False,27.689092356687897
10,37,50,CulturaX,852.265625,1,91,True,23.03420608108108
12,61,83,CulturaX,1753.359375,2,134,False,28.74359631147541
16,64,82,CulturaX,1640.09375,2,134,False,25.62646484375
19,75,108,CulturaX,1982.1875,3,177,False,26.429166666666667
19,88,122,CulturaX,2315.265625,3,177,False,26.309836647727273
7,29,41,CulturaX,783.03125,1,91,True,27.001077586206897
15,67,91,CulturaX,1898.453125,2,134,False,28.335121268656717
11,41,56,CulturaX,1110.6875,2,134,False,27.089939024390244
15,75,114,CulturaX,2057.4375,3,177,False,27.4325
12,49,73,CulturaX,1405.28125,2,134,False,28.679209183673468
14,75,106,CulturaX,1791.28125,2,134,False,23.88375
12,51,77,CulturaX,1376.4375,2,134,False,26.988970588235293
13,67,97,CulturaX,1925.90625,3,177,False,28.744869402985074
10,46,63,CulturaX,1214.328125,2,134,False,26.3984375
10,46,65,CulturaX,1220.265625,2,134,False,26.527513586956523
33,160,241,CulturaX,4436.765625,5,263,False,27.72978515625
35,162,233,CulturaX,4341.375,5,263,False,26.79861111111111
20,88,128,CulturaX,2358.921875,3,177,False,26.805930397727273
9,33,46,CulturaX,870.90625,1,91,True,26.391098484848484
19,91,133,CulturaX,2434.640625,3,177,False,26.754292582417584
11,46,66,CulturaX,1293.6875,2,134,False,28.123641304347824
12,48,68,CulturaX,1258.15625,2,134,False,26.211588541666668
26,116,166,CulturaX,3168.6875,4,220,False,27.31627155172414
19,96,141,CulturaX,2735.328125,4,220,False,28.493001302083332
11,54,79,CulturaX,1457.03125,2,134,False,26.982060185185187
20,96,137,CulturaX,2629.359375,3,177,False,27.38916015625
23,100,142,CulturaX,2516.65625,3,177,False,25.1665625
9,51,73,CulturaX,1335.640625,2,134,False,26.189031862745097
17,65,92,CulturaX,1705.984375,2,134,False,26.24591346153846
9,37,54,CulturaX,990.203125,2,134,False,26.76224662162162
19,77,102,CulturaX,2063.71875,3,177,False,26.801542207792206
17,81,116,CulturaX,2244.125,3,177,False,27.705246913580247
13,46,60,CulturaX,1083.21875,2,134,False,23.548233695652176
8,36,51,CulturaX,980.765625,2,134,False,27.243489583333332
18,79,112,CulturaX,2196.921875,3,177,False,27.809137658227847
30,132,183,CulturaX,3534.484375,4,220,False,26.77639678030303
11,40,58,CulturaX,1149.640625,2,134,False,28.741015625
8,30,38,CulturaX,702.875,1,91,True,23.429166666666667
19,93,140,CulturaX,2392.640625,3,177,False,25.727318548387096
13,52,75,CulturaX,1340.71875,2,134,False,25.783052884615383
20,89,124,CulturaX,2355.984375,3,177,False,26.4717345505618
8,38,52,CulturaX,960.53125,2,134,False,25.277138157894736
10,45,59,CulturaX,1196.796875,2,134,False,26.59548611111111
21,81,112,CulturaX,2097.765625,3,177,False,25.898341049382715
12,46,67,CulturaX,1264.0625,2,134,False,27.47961956521739
27,132,192,CulturaX,3460.21875,4,220,False,26.21377840909091
12,50,67,CulturaX,1341.25,2,134,False,26.825
10,40,58,CulturaX,1025.6875,2,134,False,25.6421875
17,77,108,CulturaX,2115.65625,3,177,False,27.476055194805195
12,62,88,CulturaX,1667.484375,2,134,False,26.894909274193548
20,77,108,CulturaX,2021.5,3,177,False,26.253246753246753
23,103,131,CulturaX,2616.265625,3,177,False,25.40063713592233
11,49,71,CulturaX,1327.125,2,134,False,27.084183673469386
10,45,68,CulturaX,1256.21875,2,134,False,27.915972222222223
15,69,92,CulturaX,1901.875,2,134,False,27.56340579710145
16,74,113,CulturaX,1996.109375,3,177,False,26.974451013513512
51,216,312,CulturaX,6244.171875,7,349,False,28.908203125
35,141,196,CulturaX,3591.5,4,220,False,25.47163120567376
11,52,71,CulturaX,1420.828125,2,134,False,27.32361778846154
26,105,145,CulturaX,2737.140625,3,177,False,26.068005952380954
20,81,116,CulturaX,2232.890625,3,177,False,27.566550925925927
24,100,136,CulturaX,2736.890625,3,177,False,27.36890625
13,53,81,CulturaX,1537.65625,2,134,False,29.0123820754717
18,84,123,CulturaX,2207.3125,3,177,False,26.277529761904763
44,182,260,CulturaX,4780.8125,6,306,False,26.26820054945055
16,80,112,CulturaX,2144.234375,3,177,False,26.8029296875
49,215,308,CulturaX,5897.90625,7,349,False,27.432122093023256
24,112,166,CulturaX,2897.75,4,220,False,25.872767857142858
105,482,674,CulturaX,12996.75,15,693,False,26.964211618257263
12,46,64,CulturaX,1232.078125,2,134,False,26.78430706521739
13,64,87,CulturaX,1723.671875,2,134,False,26.932373046875
29,119,171,CulturaX,3248.828125,4,220,False,27.30107668067227
25,100,135,CulturaX,2681.5625,3,177,False,26.815625
19,79,104,CulturaX,1991.140625,3,177,False,25.20431170886076
11,45,65,CulturaX,1208.484375,2,134,False,26.855208333333334
7,26,35,CulturaX,688.265625,1,91,True,26.471754807692307
24,97,136,CulturaX,2559.953125,3,177,False,26.391269329896907
14,65,88,CulturaX,1701.421875,2,134,False,26.175721153846155
9,34,47,CulturaX,880.90625,1,91,True,25.909007352941178
15,57,75,CulturaX,1523.03125,2,134,False,26.71984649122807
10,49,77,CulturaX,1400.578125,2,134,False,28.583227040816325
18,84,121,CulturaX,2195.4375,3,177,False,26.136160714285715
11,39,51,CulturaX,1005.59375,2,134,False,25.784455128205128
10,38,56,CulturaX,1025.890625,2,134,False,26.997121710526315
13,55,72,CulturaX,1445.109375,2,134,False,26.274715909090908
8,33,44,CulturaX,889.890625,1,91,True,26.966382575757574
20,73,99,CulturaX,1941.84375,3,177,False,26.600599315068493
20,102,136,CulturaX,2498.921875,3,177,False,24.49923406862745
10,40,57,CulturaX,1035.90625,2,134,False,25.89765625
13,67,87,CulturaX,1607.65625,2,134,False,23.994869402985074
43,205,292,CulturaX,5490.859375,6,306,False,26.78467987804878
7,27,37,CulturaX,694.265625,1,91,True,25.713541666666668
10,45,60,CulturaX,1169.890625,2,134,False,25.997569444444444
7,29,40,CulturaX,764.828125,1,91,True,26.373383620689655
9,38,57,CulturaX,1015.203125,2,134,False,26.715871710526315
16,84,123,CulturaX,2141.578125,3,177,False,25.494977678571427
8,44,63,CulturaX,1282.25,2,134,False,29.142045454545453
8,34,45,CulturaX,883.9375,1,91,True,25.998161764705884
15,58,80,CulturaX,1539.65625,2,134,False,26.545797413793103
16,68,98,CulturaX,1900.84375,2,134,False,27.95358455882353
26,104,143,CulturaX,2861.15625,4,220,False,27.51111778846154
7,27,38,CulturaX,762.046875,1,91,True,28.223958333333332
21,96,129,CulturaX,2638.8125,3,177,False,27.487630208333332
25,113,162,CulturaX,3116.84375,4,220,False,27.582688053097346
16,83,124,CulturaX,2245.375,3,177,False,27.052710843373493
16,68,97,CulturaX,1775.15625,2,134,False,26.105238970588236
15,64,94,CulturaX,1788.109375,2,134,False,27.939208984375
11,59,88,CulturaX,1690.203125,2,134,False,28.64751059322034
20,102,148,CulturaX,2864.8125,4,220,False,28.08639705882353
29,140,200,CulturaX,3794.859375,5,263,False,27.106138392857144
25,111,146,CulturaX,2799.046875,3,177,False,25.216638513513512
7,28,41,CulturaX,816.9375,1,91,True,29.176339285714285
47,218,314,CulturaX,5961.03125,7,349,False,27.34418004587156
29,146,218,CulturaX,4007.21875,5,263,False,27.44670376712329
8,42,57,CulturaX,1075.0625,2,134,False,25.59672619047619
7,30,45,CulturaX,797.96875,1,91,True,26.598958333333332
41,195,279,CulturaX,5135.21875,6,306,False,26.33445512820513
12,55,80,CulturaX,1510.375,2,134,False,27.461363636363636
42,194,267,CulturaX,5125.203125,6,306,False,26.418572809278352
34,149,214,CulturaX,4101.734375,5,263,False,27.528418624161073
12,61,83,CulturaX,1591.75,2,134,False,26.09426229508197
56,277,383,CulturaX,7473.21875,9,435,False,26.97912906137184
23,89,125,CulturaX,2244.53125,3,177,False,25.21945224719101
9,33,45,CulturaX,845.578125,1,91,True,25.623579545454547
26,102,149,CulturaX,2706.46875,3,177,False,26.534007352941178
10,36,53,CulturaX,1015.953125,2,134,False,28.22092013888889
9,38,53,CulturaX,1079.046875,2,134,False,28.395970394736842
22,103,147,CulturaX,2757.234375,4,220,False,26.76926577669903
20,86,119,CulturaX,2248.203125,3,177,False,26.141896802325583
32,142,204,CulturaX,3803.515625,5,263,False,26.7853213028169
11,50,76,CulturaX,1276.21875,2,134,False,25.524375
21,89,126,CulturaX,2393.65625,3,177,False,26.89501404494382
25,113,150,CulturaX,2971.46875,4,220,False,26.296183628318584
8,35,47,CulturaX,937.765625,1,91,True,26.79330357142857
24,116,157,CulturaX,2815.421875,4,220,False,24.27087823275862
16,59,77,CulturaX,1580.484375,2,134,False,26.787870762711865
13,56,76,CulturaX,1412.359375,2,134,False,25.220703125
24,106,149,CulturaX,2858.046875,4,220,False,26.96270636792453
14,63,90,CulturaX,1769.484375,2,134,False,28.087053571428573
15,72,105,CulturaX,1919.171875,3,177,False,26.655164930555557
7,34,49,CulturaX,918.625,1,91,True,27.018382352941178
11,48,67,CulturaX,1296.65625,2,134,False,27.013671875
19,88,137,CulturaX,2403.734375,3,177,False,27.315163352272727
12,52,78,CulturaX,1417.65625,2,134,False,27.262620192307693
8,39,50,CulturaX,1037.84375,2,134,False,26.611378205128204
16,74,103,CulturaX,1954.40625,3,177,False,26.41089527027027
30,129,180,CulturaX,3327.921875,4,220,False,25.797843992248062
11,50,73,CulturaX,1285.0625,2,134,False,25.70125
11,44,64,CulturaX,1186.84375,2,134,False,26.97372159090909
13,60,81,CulturaX,1644.078125,2,134,False,27.401302083333334
28,144,211,CulturaX,3839.21875,5,263,False,26.661241319444443
11,49,66,CulturaX,1304.328125,2,134,False,26.618941326530614
8,30,43,CulturaX,836.046875,1,91,True,27.868229166666666
15,67,98,CulturaX,1853.546875,2,134,False,27.664878731343283
11,44,65,CulturaX,1262.890625,2,134,False,28.70205965909091
11,51,73,CulturaX,1297.359375,2,134,False,25.438419117647058
18,94,124,CulturaX,2369.953125,3,177,False,25.21226728723404
10,37,49,CulturaX,980.6875,2,134,False,26.50506756756757
12,52,76,CulturaX,1329.296875,2,134,False,25.563401442307693
9,41,58,CulturaX,1059.453125,2,134,False,25.84032012195122
35,162,226,CulturaX,4254.640625,5,263,False,26.263213734567902
9,59,77,CulturaX,1382.109375,2,134,False,23.425582627118644
8,30,40,CulturaX,837.453125,1,91,True,27.915104166666666
19,84,123,CulturaX,2191.609375,3,177,False,26.090587797619047
16,66,92,CulturaX,1861.234375,3,177,False,28.200520833333332
40,190,263,CulturaX,4959.09375,6,306,False,26.100493421052633
10,40,64,CulturaX,1074.765625,2,134,False,26.869140625
8,33,44,CulturaX,897.4375,1,91,True,27.195075757575758
7,28,34,CulturaX,614.578125,1,91,True,21.94921875
32,147,207,CulturaX,3945.1875,5,263,False,26.838010204081634
8,36,49,CulturaX,1020.15625,2,134,False,28.33767361111111
7,31,43,CulturaX,795.546875,1,91,True,25.66280241935484
60,306,440,CulturaX,8098.75,9,435,False,26.466503267973856
8,30,41,CulturaX,777.65625,1,91,True,25.921875
13,51,68,CulturaX,1256.6875,2,134,False,24.64093137254902
7,41,53,CulturaX,1039.234375,2,134,False,25.34717987804878
12,52,73,CulturaX,1500.40625,2,134,False,28.853966346153847
12,48,67,CulturaX,1250.453125,2,134,False,26.051106770833332
19,83,123,CulturaX,2398.8125,3,177,False,28.90135542168675
15,69,97,CulturaX,1754.859375,2,134,False,25.43274456521739
15,61,85,CulturaX,1606.15625,2,134,False,26.330430327868854
24,114,163,CulturaX,3108.140625,4,220,False,27.26439144736842
18,78,106,CulturaX,1904.84375,2,134,False,24.42107371794872
16,76,98,CulturaX,1802.671875,2,134,False,23.71936677631579
17,81,128,CulturaX,2208.6875,3,177,False,27.267746913580247
11,44,65,CulturaX,1185.078125,2,134,False,26.93359375
7,28,37,CulturaX,749.03125,1,91,True,26.751116071428573
13,58,79,CulturaX,1475.5,2,134,False,25.439655172413794
27,105,156,CulturaX,2824.984375,3,177,False,26.904613095238094
8,30,48,CulturaX,858.578125,1,91,True,28.619270833333335
8,37,53,CulturaX,880.359375,1,91,True,23.79349662162162
22,91,129,CulturaX,2370.359375,3,177,False,26.04790521978022
29,141,191,CulturaX,3717.125,4,220,False,26.36258865248227
27,111,150,CulturaX,3001.515625,4,220,False,27.040681306306308
11,45,59,CulturaX,1144.84375,2,134,False,25.44097222222222
18,77,117,CulturaX,2189.09375,3,177,False,28.429788961038962
18,114,169,CulturaX,2935.109375,4,220,False,25.74657346491228
26,115,168,CulturaX,2998.078125,4,220,False,26.07024456521739
17,74,106,CulturaX,1903.453125,3,177,False,25.722339527027028
16,76,106,CulturaX,2043.234375,3,177,False,26.88466282894737
47,227,327,CulturaX,6106.25,7,349,False,26.89977973568282
22,95,131,CulturaX,2551.5625,3,177,False,26.85855263157895
10,39,53,CulturaX,1019.375,2,134,False,26.137820512820515
10,45,67,CulturaX,1231.671875,2,134,False,27.370486111111113
8,36,47,CulturaX,1013.15625,2,134,False,28.143229166666668
14,58,86,CulturaX,1506.984375,2,134,False,25.982489224137932
20,99,139,CulturaX,2707.125,3,177,False,27.34469696969697
9,36,46,CulturaX,895.65625,1,91,True,24.87934027777778
11,46,64,CulturaX,1290.375,2,134,False,28.05163043478261
9,33,48,CulturaX,1032.25,2,134,False,31.28030303030303
10,35,57,CulturaX,974.203125,2,134,False,27.834375
20,97,138,CulturaX,2677.75,3,177,False,27.605670103092784
14,58,78,CulturaX,1549.96875,2,134,False,26.723599137931036
23,101,139,CulturaX,2670.765625,3,177,False,26.44322400990099
7,30,43,CulturaX,791.46875,1,91,True,26.382291666666667
41,188,264,CulturaX,4945.203125,6,306,False,26.30427194148936
9,40,48,CulturaX,949.0625,1,91,True,23.7265625
10,45,57,CulturaX,1045.390625,2,134,False,23.23090277777778
26,105,137,CulturaX,2692.09375,3,177,False,25.638988095238094
10,48,69,CulturaX,1253.890625,2,134,False,26.122721354166668
11,50,71,CulturaX,1339.515625,2,134,False,26.7903125
16,66,99,CulturaX,1907.34375,3,177,False,28.899147727272727
10,52,87,CulturaX,1411.5,2,134,False,27.14423076923077
21,106,130,CulturaX,2577.84375,3,177,False,24.31928066037736
15,58,80,CulturaX,1618.78125,2,134,False,27.91002155172414
92,418,581,CulturaX,11537.96875,13,607,False,27.60279605263158
13,46,66,CulturaX,1263.328125,2,134,False,27.463654891304348
12,47,64,CulturaX,1179.515625,2,134,False,25.096077127659573
25,110,163,CulturaX,3156.484375,4,220,False,28.6953125
44,185,254,CulturaX,4892.015625,6,306,False,26.443327702702703
14,59,86,CulturaX,1614.671875,2,134,False,27.36731991525424
12,49,67,CulturaX,1346.640625,2,134,False,27.482461734693878
17,76,110,CulturaX,2112.859375,3,177,False,27.80078125
15,66,89,CulturaX,1795.171875,2,134,False,27.199573863636363
12,57,82,CulturaX,1491.609375,2,134,False,26.16858552631579
9,38,51,CulturaX,1019.53125,2,134,False,26.829769736842106
18,86,106,CulturaX,2110.390625,3,177,False,24.539425872093023
23,105,150,CulturaX,2852.8125,4,220,False,27.169642857142858
10,44,71,CulturaX,1155.875,2,134,False,26.269886363636363
17,72,99,CulturaX,1994.90625,3,177,False,27.70703125
13,54,75,CulturaX,1439.703125,2,134,False,26.66116898148148
23,104,140,CulturaX,2681.953125,3,177,False,25.788010817307693
28,124,162,CulturaX,3190.703125,4,220,False,25.731476814516128
18,86,123,CulturaX,2346.015625,3,177,False,27.27925145348837
10,42,58,CulturaX,1181.578125,2,134,False,28.1328125
21,85,119,CulturaX,2242.328125,3,177,False,26.38033088235294
13,52,73,CulturaX,1386.375,2,134,False,26.661057692307693
24,103,142,CulturaX,2765.15625,3,177,False,26.84617718446602
13,58,75,CulturaX,1470.265625,2,134,False,25.349407327586206
17,82,122,CulturaX,2213.734375,3,177,False,26.996760670731707
20,94,129,CulturaX,2358.421875,3,177,False,25.089594414893618
24,123,142,CulturaX,2841.34375,4,220,False,23.10035569105691
8,34,49,CulturaX,893.796875,1,91,True,26.288143382352942
15,70,106,CulturaX,2008.25,3,177,False,28.689285714285713
10,47,65,CulturaX,1300.984375,2,134,False,27.680518617021278
23,97,143,CulturaX,2617.578125,3,177,False,26.98534149484536
14,61,77,CulturaX,1576.609375,2,134,False,25.846055327868854
17,82,118,CulturaX,2154.34375,3,177,False,26.272484756097562
13,61,83,CulturaX,1611.59375,2,134,False,26.419569672131146
15,75,106,CulturaX,1851.625,3,177,False,24.688333333333333
28,105,146,CulturaX,2809.171875,4,220,False,26.754017857142856
43,187,261,CulturaX,4952.125,6,306,False,26.481951871657753
15,63,86,CulturaX,1698.546875,2,134,False,26.96106150793651
19,75,109,CulturaX,1968.640625,3,177,False,26.248541666666668
8,28,38,CulturaX,758.515625,1,91,True,27.08984375
13,62,91,CulturaX,1622.078125,2,134,False,26.162550403225808
7,30,42,CulturaX,705.890625,1,91,True,23.5296875
8,33,48,CulturaX,886.9375,1,91,True,26.876893939393938
49,248,361,CulturaX,7000.640625,8,392,False,28.228389616935484
19,94,141,CulturaX,2560.5625,3,177,False,27.24002659574468
75,337,473,CulturaX,9044.546875,11,521,False,26.838418026706233
11,50,70,CulturaX,1334.6875,2,134,False,26.69375
8,33,47,CulturaX,906.8125,1,91,True,27.479166666666668
20,85,123,CulturaX,2236.34375,3,177,False,26.309926470588234
12,46,66,CulturaX,1205.0,2,134,False,26.195652173913043
21,87,116,CulturaX,2105.640625,3,177,False,24.2027658045977
8,38,57,CulturaX,1057.421875,2,134,False,27.82689144736842
12,44,61,CulturaX,1195.578125,2,134,False,27.172230113636363
12,55,82,CulturaX,1435.640625,2,134,False,26.102556818181817
9,40,63,CulturaX,1106.671875,2,134,False,27.666796875
7,37,50,CulturaX,838.078125,1,91,True,22.650760135135137
26,127,184,CulturaX,3428.109375,4,220,False,26.99298720472441
7,29,46,CulturaX,771.296875,1,91,True,26.596443965517242
7,33,53,CulturaX,932.3125,1,91,True,28.251893939393938
19,96,120,CulturaX,2305.75,3,177,False,24.018229166666668
16,75,110,CulturaX,2137.875,3,177,False,28.505
13,62,90,CulturaX,1705.265625,2,134,False,27.504284274193548
15,70,97,CulturaX,1884.96875,3,177,False,26.928125
22,84,118,CulturaX,2322.953125,3,177,False,27.65420386904762
8,39,49,CulturaX,932.640625,1,91,True,23.91386217948718
28,137,196,CulturaX,3564.671875,4,220,False,26.019502737226276
23,94,132,CulturaX,2486.5625,3,177,False,26.45279255319149
8,32,47,CulturaX,870.625,1,91,True,27.20703125
9,43,65,CulturaX,1248.46875,2,134,False,29.034156976744185
17,93,132,CulturaX,2520.671875,3,177,False,27.10399865591398
29,155,232,CulturaX,4181.203125,5,263,False,26.975504032258065
20,88,130,CulturaX,2441.609375,3,177,False,27.745561079545453
7,28,34,CulturaX,706.40625,1,91,True,25.228794642857142
24,115,164,CulturaX,3080.828125,4,220,False,26.789809782608696
34,139,185,CulturaX,3389.75,4,220,False,24.386690647482013
24,98,133,CulturaX,2526.78125,3,177,False,25.783482142857142
10,53,82,CulturaX,1402.171875,2,134,False,26.456073113207548
28,124,175,CulturaX,3589.265625,5,263,False,28.945690524193548
65,324,474,CulturaX,8513.578125,10,478,False,26.276475694444443
20,87,130,CulturaX,2222.375,3,177,False,25.544540229885058
23,113,153,CulturaX,2835.71875,4,220,False,25.094856194690266
11,49,66,CulturaX,1351.75,2,134,False,27.586734693877553
12,54,75,CulturaX,1464.46875,2,134,False,27.119791666666668
17,84,116,CulturaX,2152.421875,3,177,False,25.62406994047619
12,45,59,CulturaX,1242.828125,2,134,False,27.618402777777778
10,40,57,CulturaX,1019.296875,2,134,False,25.482421875
12,51,58,CulturaX,1096.546875,2,134,False,21.500919117647058
23,102,139,CulturaX,2678.078125,3,177,False,26.25566789215686
16,64,95,CulturaX,1620.28125,2,134,False,25.31689453125
38,189,275,CulturaX,5076.078125,6,306,False,26.85755621693122
32,136,197,CulturaX,3784.640625,5,263,False,27.828239889705884
21,99,141,CulturaX,2651.109375,3,177,False,26.778882575757574
39,172,236,CulturaX,4501.390625,5,263,False,26.170875726744185
20,84,123,CulturaX,2374.5625,3,177,False,28.26860119047619
12,48,64,CulturaX,1215.71875,2,134,False,25.327473958333332
7,32,47,CulturaX,792.171875,1,91,True,24.75537109375
22,104,149,CulturaX,2856.421875,4,220,False,27.465594951923077
29,115,159,CulturaX,3116.3125,4,220,False,27.098369565217393
10,41,62,CulturaX,1050.25,2,134,False,25.615853658536587
10,47,72,CulturaX,1334.4375,2,134,False,28.392287234042552
10,37,47,CulturaX,1050.046875,2,134,False,28.37964527027027
11,40,54,CulturaX,982.140625,2,134,False,24.553515625
15,65,89,CulturaX,1697.703125,2,134,False,26.118509615384614
38,170,248,CulturaX,4439.0,5,263,False,26.111764705882354
10,43,63,CulturaX,1191.28125,2,134,False,27.70421511627907
12,52,76,CulturaX,1430.6875,2,134,False,27.513221153846153
31,139,206,CulturaX,3859.84375,5,263,False,27.768660071942445
26,122,177,CulturaX,3264.875,4,220,False,26.76127049180328
21,91,131,CulturaX,2469.59375,3,177,False,27.138392857142858
18,69,97,CulturaX,1945.046875,3,177,False,28.189085144927535
19,82,117,CulturaX,2222.0625,3,177,False,27.098323170731707
9,35,49,CulturaX,900.328125,1,91,True,25.723660714285714
11,70,94,CulturaX,1587.046875,2,134,False,22.672098214285715
53,245,346,CulturaX,6886.671875,8,392,False,28.108864795918368
26,124,159,CulturaX,3058.1875,4,220,False,24.66280241935484
16,67,92,CulturaX,1769.3125,2,134,False,26.407649253731343
18,79,111,CulturaX,2209.0,3,177,False,27.962025316455698
26,110,138,CulturaX,2793.109375,4,220,False,25.391903409090908
13,59,86,CulturaX,1609.796875,2,134,False,27.28469279661017
17,69,95,CulturaX,1876.5,2,134,False,27.195652173913043
7,30,47,CulturaX,861.34375,1,91,True,28.711458333333333
19,101,120,CulturaX,2222.640625,3,177,False,22.006342821782177
11,55,75,CulturaX,1386.25,2,134,False,25.204545454545453
18,91,143,CulturaX,2590.78125,3,177,False,28.470123626373628
8,32,44,CulturaX,871.5,1,91,True,27.234375
13,62,89,CulturaX,1661.8125,2,134,False,26.80342741935484
12,51,66,CulturaX,1373.234375,2,134,False,26.926164215686274
13,57,80,CulturaX,1534.09375,2,134,False,26.91392543859649
21,103,147,CulturaX,2655.0625,3,177,False,25.777305825242717
8,27,43,CulturaX,732.125,1,91,True,27.11574074074074
24,116,174,CulturaX,3100.71875,4,220,False,26.73033405172414
10,52,71,CulturaX,1275.578125,2,134,False,24.530348557692307
26,106,153,CulturaX,2759.0625,4,220,False,26.02889150943396
12,66,92,CulturaX,1582.953125,2,134,False,23.984138257575758
150,669,939,CulturaX,17874.671875,20,908,False,26.71849308669656
17,64,88,CulturaX,1754.28125,2,134,False,27.41064453125
18,82,113,CulturaX,2105.296875,3,177,False,25.674352134146343
14,67,89,CulturaX,1673.03125,2,134,False,24.97061567164179
17,76,108,CulturaX,1995.359375,3,177,False,26.25472861842105
24,121,179,CulturaX,3296.421875,4,220,False,27.243155991735538
8,32,44,CulturaX,880.96875,1,91,True,27.5302734375
19,81,114,CulturaX,2281.34375,3,177,False,28.164737654320987
9,41,59,CulturaX,1163.0,2,134,False,28.365853658536587
13,55,76,CulturaX,1472.265625,2,134,False,26.76846590909091
16,65,90,CulturaX,1792.578125,2,134,False,27.578125
39,169,232,CulturaX,4440.109375,5,263,False,26.27283653846154
7,33,47,CulturaX,933.859375,1,91,True,28.298768939393938
18,71,100,CulturaX,1954.484375,3,177,False,27.527948943661972
15,65,82,CulturaX,1443.5,2,134,False,22.20769230769231
34,136,187,CulturaX,3553.140625,4,220,False,26.126034007352942
9,41,56,CulturaX,1082.640625,2,134,False,26.405868902439025
24,103,151,CulturaX,2667.3125,3,177,False,25.89623786407767
15,72,110,CulturaX,1844.53125,3,177,False,25.618489583333332
18,82,123,CulturaX,2259.34375,3,177,False,27.55297256097561
21,93,130,CulturaX,2554.453125,3,177,False,27.467237903225808
10,55,76,CulturaX,1492.953125,2,134,False,27.144602272727273
29,136,191,CulturaX,3613.765625,5,263,False,26.57180606617647
14,51,65,CulturaX,1216.359375,2,134,False,23.850183823529413
12,52,74,CulturaX,1454.96875,2,134,False,27.98016826923077
7,30,45,CulturaX,841.828125,1,91,True,28.0609375
12,51,69,CulturaX,1379.109375,2,134,False,27.04136029411765
36,140,194,CulturaX,3719.34375,5,263,False,26.56674107142857
16,69,104,CulturaX,1902.40625,2,134,False,27.57110507246377
7,23,36,CulturaX,641.359375,1,91,True,27.885190217391305
12,51,73,CulturaX,1329.46875,2,134,False,26.06801470588235
29,121,166,CulturaX,3175.890625,4,220,False,26.247029958677686
25,109,155,CulturaX,2918.359375,4,220,False,26.773939220183486
32,149,219,CulturaX,4167.0,5,263,False,27.966442953020135
12,52,80,CulturaX,1362.25,2,134,False,26.197115384615383
15,74,106,CulturaX,1978.640625,3,177,False,26.738386824324323
22,112,165,CulturaX,2913.375,4,220,False,26.012276785714285
13,52,78,CulturaX,1485.03125,2,134,False,28.55829326923077
23,104,142,CulturaX,2684.28125,3,177,False,25.810396634615383
13,67,88,CulturaX,1682.703125,2,134,False,25.114972014925375
23,101,138,CulturaX,2684.78125,3,177,False,26.581992574257427
7,33,48,CulturaX,940.25,1,91,True,28.492424242424242
8,38,60,CulturaX,1113.09375,2,134,False,29.291940789473685
10,41,52,CulturaX,1048.796875,2,134,False,25.580411585365855
9,38,56,CulturaX,966.546875,2,134,False,25.43544407894737
34,143,202,CulturaX,3833.203125,5,263,False,26.80561625874126
15,58,83,CulturaX,1633.53125,2,134,False,28.164331896551722
17,76,109,CulturaX,1993.28125,3,177,False,26.22738486842105
23,114,155,CulturaX,2875.53125,4,220,False,25.223958333333332
11,49,75,CulturaX,1411.1875,2,134,False,28.799744897959183
12,53,72,CulturaX,1443.09375,2,134,False,27.22818396226415
23,109,151,CulturaX,2906.59375,4,220,False,26.66599770642202
10,53,75,CulturaX,1272.828125,2,134,False,24.015625
31,134,186,CulturaX,3670.03125,4,220,False,27.38829291044776
14,68,97,CulturaX,1642.890625,2,134,False,24.16015625
13,61,93,CulturaX,1652.875,2,134,False,27.096311475409838
15,71,108,CulturaX,2014.671875,3,177,False,28.375660211267604
12,54,73,CulturaX,1483.65625,2,134,False,27.47511574074074
10,58,83,CulturaX,1496.03125,2,134,False,25.79364224137931
20,100,147,CulturaX,2827.5625,4,220,False,28.275625
18,76,111,CulturaX,2139.375,3,177,False,28.14967105263158
17,70,96,CulturaX,1892.234375,3,177,False,27.031919642857144
12,55,80,CulturaX,1543.09375,2,134,False,28.05625
13,57,77,CulturaX,1549.34375,2,134,False,27.181469298245613
8,38,52,CulturaX,1041.953125,2,134,False,27.41981907894737
12,63,91,CulturaX,1698.46875,2,134,False,26.959821428571427
8,38,55,CulturaX,1008.890625,2,134,False,26.549753289473685
8,38,51,CulturaX,969.875,2,134,False,25.523026315789473
9,35,50,CulturaX,960.484375,2,134,False,27.442410714285714
10,38,54,CulturaX,1016.546875,2,134,False,26.75123355263158
12,56,76,CulturaX,1450.953125,2,134,False,25.909877232142858
30,144,210,CulturaX,4137.0625,5,263,False,28.729600694444443
16,76,109,CulturaX,2048.515625,3,177,False,26.954152960526315
7,28,34,CulturaX,622.96875,1,91,True,22.248883928571427
34,155,224,CulturaX,4089.9375,5,263,False,26.386693548387097
9,37,56,CulturaX,969.671875,2,134,False,26.207347972972972
13,68,93,CulturaX,1906.015625,3,177,False,28.02964154411765
7,33,55,CulturaX,895.40625,1,91,True,27.133522727272727
22,95,133,CulturaX,2394.875,3,177,False,25.20921052631579
20,100,143,CulturaX,2581.015625,3,177,False,25.81015625
31,142,201,CulturaX,3751.59375,5,263,False,26.419674295774648
20,111,137,CulturaX,2501.96875,3,177,False,22.54025900900901
7,33,41,CulturaX,798.015625,1,91,True,24.182291666666668
17,77,108,CulturaX,1940.796875,3,177,False,25.20515422077922
36,185,256,CulturaX,4892.515625,6,306,False,26.446030405405406
29,134,195,CulturaX,3439.953125,4,220,False,25.67129197761194
8,32,49,CulturaX,841.859375,1,91,True,26.30810546875
10,44,62,CulturaX,1217.5,2,134,False,27.670454545454547
7,29,41,CulturaX,819.015625,1,91,True,28.241918103448278
40,184,250,CulturaX,4924.71875,6,306,False,26.76477581521739
26,119,169,CulturaX,3221.5625,4,220,False,27.071953781512605
19,75,101,CulturaX,2012.625,3,177,False,26.835
10,47,67,CulturaX,1280.890625,2,134,False,27.252992021276597
9,44,63,CulturaX,1162.90625,2,134,False,26.4296875
16,61,84,CulturaX,1654.328125,2,134,False,27.120133196721312
12,49,71,CulturaX,1308.40625,2,134,False,26.70216836734694
25,110,156,CulturaX,2916.265625,4,220,False,26.511505681818182
10,39,54,CulturaX,1060.796875,2,134,False,27.199919871794872
22,104,142,CulturaX,2810.96875,3,177,False,27.028545673076923
17,63,83,CulturaX,1505.640625,2,134,False,23.89905753968254
21,76,108,CulturaX,1968.265625,3,177,False,25.898231907894736
28,124,171,CulturaX,3337.359375,4,220,False,26.914188508064516
21,77,107,CulturaX,2134.0,3,177,False,27.714285714285715
11,49,71,CulturaX,1304.28125,2,134,False,26.617984693877553
11,42,60,CulturaX,1123.75,2,134,False,26.75595238095238
14,58,82,CulturaX,1577.796875,2,134,False,27.203394396551722
21,81,111,CulturaX,2165.65625,3,177,False,26.736496913580247
63,280,367,CulturaX,7173.296875,8,392,False,25.618917410714285
13,60,82,CulturaX,1515.1875,2,134,False,25.253125
30,136,187,CulturaX,3659.90625,4,220,False,26.911075367647058
14,72,102,CulturaX,1965.953125,3,177,False,27.30490451388889
12,53,77,CulturaX,1531.78125,2,134,False,28.901533018867923
14,62,82,CulturaX,1590.28125,2,134,False,25.64969758064516
15,61,79,CulturaX,1665.453125,2,134,False,27.30251024590164
10,41,58,CulturaX,1043.75,2,134,False,25.45731707317073
13,54,73,CulturaX,1485.875,2,134,False,27.516203703703702
15,52,78,CulturaX,1465.421875,2,134,False,28.181189903846153
20,89,133,CulturaX,2473.8125,3,177,False,27.79564606741573
13,55,82,CulturaX,1496.875,2,134,False,27.21590909090909
12,43,60,CulturaX,1125.359375,2,134,False,26.171148255813954
12,54,72,CulturaX,1268.9375,2,134,False,23.49884259259259
18,74,97,CulturaX,2007.9375,3,177,False,27.13429054054054
12,57,83,CulturaX,1533.234375,2,134,False,26.898848684210527
38,182,257,CulturaX,4924.484375,6,306,False,27.057606456043956
31,157,209,CulturaX,3861.859375,5,263,False,24.59783041401274
7,25,35,CulturaX,694.8125,1,91,True,27.7925
19,73,98,CulturaX,1883.046875,2,134,False,25.795162671232877
27,136,195,CulturaX,3560.46875,5,263,False,26.179917279411764
11,43,64,CulturaX,1242.546875,2,134,False,28.89643895348837
14,63,85,CulturaX,1696.953125,2,134,False,26.93576388888889
36,164,233,CulturaX,4369.765625,5,263,False,26.644912347560975
7,24,35,CulturaX,721.109375,1,91,True,30.046223958333332
7,23,28,CulturaX,571.328125,1,91,True,24.840353260869566
15,64,86,CulturaX,1773.625,2,134,False,27.712890625
11,42,55,CulturaX,1046.65625,2,134,False,24.920386904761905
25,128,186,CulturaX,3365.734375,4,220,False,26.2947998046875
11,58,80,CulturaX,1585.171875,2,134,False,27.330549568965516
19,89,125,CulturaX,2407.546875,3,177,False,27.051088483146067
23,133,195,CulturaX,3548.34375,4,220,False,26.679276315789473
34,176,260,CulturaX,4558.4375,6,306,False,25.900213068181817
11,54,72,CulturaX,1482.3125,2,134,False,27.45023148148148
15,59,85,CulturaX,1646.453125,2,134,False,27.905985169491526
13,62,91,CulturaX,1648.71875,2,134,False,26.592237903225808
10,45,65,CulturaX,1013.25,2,134,False,22.516666666666666
14,62,89,CulturaX,1649.125,2,134,False,26.598790322580644
60,267,366,CulturaX,6877.078125,8,392,False,25.75684691011236
46,212,319,CulturaX,5822.65625,7,349,False,27.46535966981132
16,68,99,CulturaX,1843.015625,2,134,False,27.10317095588235
17,77,97,CulturaX,1952.71875,3,177,False,25.359983766233768
28,128,177,CulturaX,3354.15625,4,220,False,26.204345703125
9,36,53,CulturaX,1082.78125,2,134,False,30.077256944444443
15,64,91,CulturaX,1681.6875,2,134,False,26.2763671875
20,77,111,CulturaX,1943.265625,3,177,False,25.23721590909091
10,43,57,CulturaX,1120.46875,2,134,False,26.057412790697676
13,59,86,CulturaX,1507.609375,2,134,False,25.55270127118644
14,56,78,CulturaX,1492.546875,2,134,False,26.652622767857142
14,64,90,CulturaX,1684.453125,2,134,False,26.319580078125
32,142,206,CulturaX,3850.796875,5,263,False,27.118287852112676
10,45,61,CulturaX,1131.9375,2,134,False,25.154166666666665
8,28,36,CulturaX,727.21875,1,91,True,25.972098214285715
17,70,104,CulturaX,1945.828125,3,177,False,27.797544642857144
33,143,202,CulturaX,3790.40625,5,263,False,26.506337412587413
25,137,179,CulturaX,3189.203125,4,220,False,23.2788549270073
8,35,51,CulturaX,935.046875,1,91,True,26.715625
7,27,36,CulturaX,685.9375,1,91,True,25.40509259259259
12,43,58,CulturaX,1147.546875,2,134,False,26.687136627906977
8,26,34,CulturaX,644.203125,1,91,True,24.77704326923077
29,132,183,CulturaX,3628.328125,4,220,False,27.48733428030303
24,107,155,CulturaX,2818.421875,4,220,False,26.340391355140188
8,32,43,CulturaX,911.1875,1,91,True,28.474609375
22,102,143,CulturaX,2768.78125,4,220,False,27.144914215686274
8,40,55,CulturaX,1093.796875,2,134,False,27.344921875
8,35,50,CulturaX,1009.171875,2,134,False,28.833482142857143
16,83,118,CulturaX,2214.8125,3,177,False,26.684487951807228
17,65,94,CulturaX,1738.421875,2,134,False,26.744951923076922
42,191,256,CulturaX,4991.234375,6,306,False,26.13211714659686
16,69,95,CulturaX,1629.578125,2,134,False,23.61707427536232
7,29,40,CulturaX,736.46875,1,91,True,25.395474137931036
24,94,123,CulturaX,2285.21875,3,177,False,24.310837765957448
7,36,53,CulturaX,981.328125,2,134,False,27.259114583333332
16,70,99,CulturaX,1848.234375,3,177,False,26.403348214285714
12,48,70,CulturaX,1281.859375,2,134,False,26.705403645833332
19,78,106,CulturaX,1991.625,3,177,False,25.533653846153847
14,60,85,CulturaX,1664.453125,2,134,False,27.740885416666668
9,45,61,CulturaX,1180.03125,2,134,False,26.222916666666666
11,49,68,CulturaX,1360.921875,2,134,False,27.773915816326532
35,159,227,CulturaX,4328.75,5,263,False,27.2248427672956
21,72,101,CulturaX,2080.328125,3,177,False,28.893446180555557
13,52,69,CulturaX,1420.890625,2,134,False,27.32481971153846
8,34,47,CulturaX,853.5625,1,91,True,25.104779411764707
11,43,62,CulturaX,1289.1875,2,134,False,29.98110465116279
19,109,154,CulturaX,2914.0625,4,220,False,26.734518348623855
12,54,78,CulturaX,1503.5625,2,134,False,27.84375
7,37,51,CulturaX,1011.828125,2,134,False,27.34670608108108
19,78,120,CulturaX,2041.453125,3,177,False,26.17247596153846
21,105,150,CulturaX,2647.734375,3,177,False,25.216517857142858
17,66,90,CulturaX,1749.984375,2,134,False,26.514914772727273
19,93,111,CulturaX,2155.890625,3,177,False,23.181619623655912
9,37,55,CulturaX,1002.875,2,134,False,27.10472972972973
13,62,89,CulturaX,1662.515625,2,134,False,26.814768145161292
11,41,60,CulturaX,1070.234375,2,134,False,26.10327743902439
21,104,140,CulturaX,2749.21875,4,220,False,26.434795673076923
7,43,63,CulturaX,1117.359375,2,134,False,25.985101744186046
8,30,44,CulturaX,840.265625,1,91,True,28.008854166666666
15,70,102,CulturaX,1882.53125,2,134,False,26.89330357142857
9,42,62,CulturaX,1210.5,2,134,False,28.821428571428573
9,34,47,CulturaX,888.828125,1,91,True,26.142003676470587
37,151,210,CulturaX,3977.515625,5,263,False,26.3411630794702
18,84,124,CulturaX,2282.40625,3,177,False,27.171502976190474
35,150,209,CulturaX,4145.875,5,263,False,27.639166666666668
14,64,87,CulturaX,1666.015625,2,134,False,26.031494140625
14,58,75,CulturaX,1480.03125,2,134,False,25.517780172413794
21,93,128,CulturaX,2511.328125,3,177,False,27.003528225806452
10,41,55,CulturaX,1072.25,2,134,False,26.152439024390244
13,56,79,CulturaX,1497.625,2,134,False,26.743303571428573
12,45,62,CulturaX,1159.828125,2,134,False,25.773958333333333
21,75,102,CulturaX,2149.40625,3,177,False,28.65875
14,75,107,CulturaX,1992.203125,3,177,False,26.562708333333333
34,147,213,CulturaX,3793.09375,5,263,False,25.803358843537413
21,79,99,CulturaX,1973.625,3,177,False,24.98259493670886
12,46,71,CulturaX,1330.328125,2,134,False,28.92017663043478
14,63,74,CulturaX,1340.484375,2,134,False,21.277529761904763
17,84,112,CulturaX,2189.65625,3,177,False,26.06733630952381
10,48,68,CulturaX,1324.90625,2,134,False,27.602213541666668
36,159,212,CulturaX,4105.75,5,263,False,25.822327044025158
8,39,53,CulturaX,1083.59375,2,134,False,27.784455128205128
11,52,74,CulturaX,1450.171875,2,134,False,27.887920673076923
12,56,83,CulturaX,1576.984375,2,134,False,28.160435267857142
8,42,62,CulturaX,1124.921875,2,134,False,26.783854166666668
12,57,83,CulturaX,1530.765625,2,134,False,26.855537280701753
9,34,46,CulturaX,927.640625,1,91,True,27.28354779411765
17,76,102,CulturaX,2018.984375,3,177,False,26.56558388157895
10,41,59,CulturaX,1099.625,2,134,False,26.820121951219512
9,49,71,CulturaX,1340.5,2,134,False,27.357142857142858
8,34,47,CulturaX,872.6875,1,91,True,25.667279411764707
25,113,154,CulturaX,3029.109375,4,220,False,26.806277654867255
9,38,51,CulturaX,1001.984375,2,134,False,26.36800986842105
23,93,124,CulturaX,2442.03125,3,177,False,26.258400537634408
29,130,190,CulturaX,3432.125,4,220,False,26.400961538461537
18,89,132,CulturaX,2413.046875,3,177,False,27.112886235955056
18,73,105,CulturaX,1999.15625,3,177,False,27.38570205479452
26,128,188,CulturaX,3570.875,4,220,False,27.8974609375
31,128,173,CulturaX,3247.90625,4,220,False,25.374267578125
13,55,73,CulturaX,1426.984375,2,134,False,25.945170454545455
40,157,224,CulturaX,4366.984375,5,263,False,27.815187101910826
31,152,204,CulturaX,3981.546875,5,263,False,26.194387335526315
38,166,235,CulturaX,4358.265625,5,263,False,26.25461219879518
48,232,338,CulturaX,6204.171875,7,349,False,26.742120150862068
25,102,138,CulturaX,2648.5625,3,177,False,25.966299019607842
7,33,46,CulturaX,834.09375,1,91,True,25.275568181818183
8,35,50,CulturaX,930.703125,1,91,True,26.591517857142858
12,54,71,CulturaX,1286.90625,2,134,False,23.83159722222222
9,35,46,CulturaX,887.9375,1,91,True,25.369642857142857
19,86,121,CulturaX,2275.796875,3,177,False,26.462754360465116
8,28,40,CulturaX,808.6875,1,91,True,28.881696428571427
46,222,317,CulturaX,5886.34375,7,349,False,26.515061936936938
65,293,411,CulturaX,7907.359375,9,435,False,26.98757465870307
11,62,86,CulturaX,1570.1875,2,134,False,25.325604838709676
26,128,183,CulturaX,3447.859375,4,220,False,26.9364013671875
10,51,76,CulturaX,1520.125,2,134,False,29.806372549019606
8,27,35,CulturaX,720.46875,1,91,True,26.68402777777778
17,83,112,CulturaX,2171.234375,3,177,False,26.15945030120482
18,72,101,CulturaX,1826.78125,2,134,False,25.371961805555557
10,46,67,CulturaX,1336.578125,2,134,False,29.056046195652176
9,34,49,CulturaX,920.5625,1,91,True,27.075367647058822
14,67,101,CulturaX,1919.484375,3,177,False,28.64902052238806
27,116,164,CulturaX,3189.65625,4,220,False,27.497036637931036
29,135,188,CulturaX,3591.296875,4,220,False,26.602199074074075
15,68,95,CulturaX,1821.703125,2,134,False,26.789751838235293
7,29,43,CulturaX,827.0,1,91,True,28.517241379310345
9,36,53,CulturaX,939.859375,1,91,True,26.10720486111111
13,62,97,CulturaX,1692.78125,2,134,False,27.302923387096776
17,69,96,CulturaX,1806.171875,2,134,False,26.176403985507246
26,132,187,CulturaX,3490.625,4,220,False,26.44412878787879
11,38,54,CulturaX,1003.671875,2,134,False,26.412417763157894
21,95,134,CulturaX,2540.40625,3,177,False,26.741118421052633
8,27,44,CulturaX,703.765625,1,91,True,26.06539351851852
10,41,62,CulturaX,1084.734375,2,134,False,26.456935975609756
14,62,86,CulturaX,1595.90625,2,134,False,25.740423387096776
9,37,53,CulturaX,1021.53125,2,134,False,27.6089527027027
81,400,586,CulturaX,10744.6875,12,564,False,26.86171875
8,32,44,CulturaX,890.25,1,91,True,27.8203125
32,132,200,CulturaX,3554.96875,4,220,False,26.931581439393938
43,197,273,CulturaX,5041.625,6,306,False,25.592005076142133
26,137,196,CulturaX,3793.4375,5,263,False,27.689324817518248
25,111,154,CulturaX,3029.578125,4,220,False,27.29349662162162
11,49,74,CulturaX,1284.953125,2,134,False,26.223533163265305
14,65,91,CulturaX,1812.6875,3,177,False,27.8875
18,88,126,CulturaX,2369.234375,3,177,False,26.923117897727273
12,56,69,CulturaX,1443.4375,2,134,False,25.775669642857142
9,41,54,CulturaX,1144.578125,2,134,False,27.916539634146343
9,34,49,CulturaX,961.59375,2,134,False,28.282169117647058
12,56,83,CulturaX,1549.578125,2,134,False,27.671037946428573
29,128,173,CulturaX,3361.71875,4,220,False,26.263427734375
11,57,84,CulturaX,1625.3125,2,134,False,28.51425438596491
42,182,235,CulturaX,4595.5625,6,306,False,25.250343406593405
16,78,107,CulturaX,2102.078125,3,177,False,26.94971955128205
25,117,164,CulturaX,3144.75,4,220,False,26.878205128205128
12,46,63,CulturaX,1283.65625,2,134,False,27.905570652173914
43,249,371,CulturaX,6865.953125,8,392,False,27.574108935742974
20,79,106,CulturaX,2110.03125,3,177,False,26.709256329113924
10,39,55,CulturaX,1108.546875,2,134,False,28.424278846153847
8,37,58,CulturaX,1054.484375,2,134,False,28.4995777027027
7,19,25,CulturaX,474.515625,1,91,True,24.97450657894737
17,80,115,CulturaX,2047.515625,3,177,False,25.5939453125
11,52,76,CulturaX,1430.65625,2,134,False,27.512620192307693
27,135,192,CulturaX,3724.171875,5,263,False,27.586458333333333
25,105,145,CulturaX,2638.28125,3,177,False,25.126488095238095
39,185,247,CulturaX,4380.015625,5,263,False,23.675760135135135
17,76,104,CulturaX,1869.640625,2,134,False,24.600534539473685
18,72,101,CulturaX,1937.40625,3,177,False,26.90842013888889
9,45,67,CulturaX,1280.171875,2,134,False,28.44826388888889
21,107,152,CulturaX,2842.71875,4,220,False,26.567464953271028
29,119,163,CulturaX,3181.890625,4,220,False,26.73857668067227
11,42,64,CulturaX,1159.671875,2,134,False,27.61123511904762
84,373,532,CulturaX,9753.484375,11,521,False,26.14875167560322
7,26,37,CulturaX,700.9375,1,91,True,26.959134615384617
37,176,246,CulturaX,4562.5625,5,263,False,25.923650568181817
23,102,137,CulturaX,2759.6875,4,220,False,27.055759803921568
9,45,67,CulturaX,1179.609375,2,134,False,26.213541666666668
14,66,100,CulturaX,1930.40625,3,177,False,29.248579545454547
23,104,155,CulturaX,2644.96875,3,177,False,25.432391826923077
14,67,97,CulturaX,1853.921875,2,134,False,27.670475746268657
23,119,167,CulturaX,3200.03125,4,220,False,26.891018907563026
30,134,187,CulturaX,3416.609375,5,263,False,25.497084888059703
15,59,75,CulturaX,1585.734375,2,134,False,26.876853813559322
8,29,40,CulturaX,742.6875,1,91,True,25.60991379310345
27,147,192,CulturaX,3634.984375,4,220,False,24.72778486394558
28,139,193,CulturaX,3791.8125,5,263,False,27.279226618705035
9,40,54,CulturaX,1081.375,2,134,False,27.034375
19,98,145,CulturaX,2435.390625,3,177,False,24.85092474489796
7,27,39,CulturaX,719.390625,1,91,True,26.64409722222222
92,507,696,CulturaX,13263.609375,15,693,False,26.16096523668639
24,96,139,CulturaX,2453.5,3,177,False,25.557291666666668
23,109,163,CulturaX,2919.765625,4,220,False,26.786840596330276
26,122,161,CulturaX,3118.984375,4,220,False,25.565445696721312
19,96,136,CulturaX,2625.625,3,177,False,27.350260416666668
15,71,107,CulturaX,1873.8125,2,134,False,26.391725352112676
33,147,208,CulturaX,3902.796875,5,263,False,26.549638605442176
9,40,58,CulturaX,1123.0,2,134,False,28.075
30,119,163,CulturaX,2989.4375,4,220,False,25.121323529411764
28,115,154,CulturaX,3040.53125,4,220,False,26.439402173913045
11,39,52,CulturaX,1078.171875,2,134,False,27.645432692307693
7,30,39,CulturaX,744.640625,1,91,True,24.821354166666666
17,77,108,CulturaX,2123.765625,3,177,False,27.581371753246753
14,62,89,CulturaX,1644.40625,2,134,False,26.522681451612904
12,59,79,CulturaX,1591.5625,2,134,False,26.97563559322034
21,93,128,CulturaX,2501.75,3,177,False,26.900537634408604
11,41,55,CulturaX,1073.796875,2,134,False,26.19016768292683
10,51,73,CulturaX,1391.96875,2,134,False,27.293504901960784
20,88,126,CulturaX,2398.0625,3,177,False,27.250710227272727
14,70,104,CulturaX,1911.125,3,177,False,27.301785714285714
9,36,51,CulturaX,972.421875,2,134,False,27.01171875
23,95,136,CulturaX,2671.21875,4,220,False,28.11809210526316
38,157,222,CulturaX,4228.21875,5,263,False,26.931329617834393
12,55,75,CulturaX,1523.578125,2,134,False,27.701420454545456
21,99,144,CulturaX,2744.828125,3,177,False,27.725536616161616
16,73,99,CulturaX,2049.484375,3,177,False,28.075128424657535
17,86,117,CulturaX,2270.59375,3,177,False,26.402252906976745
9,42,65,CulturaX,1114.796875,2,134,False,26.542782738095237
12,52,75,CulturaX,1394.53125,2,134,False,26.817908653846153
16,80,117,CulturaX,2087.390625,3,177,False,26.0923828125
7,31,45,CulturaX,909.59375,1,91,True,29.34173387096774
7,26,36,CulturaX,698.96875,1,91,True,26.88341346153846
25,107,146,CulturaX,2887.3125,4,220,False,26.984228971962615
7,30,44,CulturaX,852.015625,1,91,True,28.400520833333335
12,62,84,CulturaX,1579.28125,2,134,False,25.472278225806452
16,69,96,CulturaX,1843.421875,2,134,False,26.716259057971016
43,210,289,CulturaX,5660.8125,7,349,False,26.95625
12,44,60,CulturaX,1093.15625,2,134,False,24.844460227272727
15,75,107,CulturaX,2078.015625,3,177,False,27.706875
16,71,99,CulturaX,1942.234375,3,177,False,27.355413732394368
19,76,106,CulturaX,1909.390625,3,177,False,25.123560855263158
29,134,181,CulturaX,3552.765625,4,220,False,26.51317630597015
8,33,48,CulturaX,853.390625,1,91,True,25.86032196969697
16,77,102,CulturaX,2019.71875,3,177,False,26.230113636363637
15,56,76,CulturaX,1408.890625,2,134,False,25.158761160714285
7,36,49,CulturaX,868.203125,1,91,True,24.11675347222222
13,59,87,CulturaX,1609.9375,2,134,False,27.28707627118644
30,136,214,CulturaX,3869.734375,5,263,False,28.453929227941178
95,432,614,CulturaX,11714.5,13,607,False,27.11689814814815
9,31,45,CulturaX,835.09375,1,91,True,26.938508064516128
9,38,55,CulturaX,1046.34375,2,134,False,27.535361842105264
7,32,46,CulturaX,864.015625,1,91,True,27.00048828125
7,39,52,CulturaX,1049.15625,2,134,False,26.901442307692307
10,38,50,CulturaX,970.703125,2,134,False,25.54481907894737
15,64,88,CulturaX,1736.265625,2,134,False,27.129150390625
13,56,77,CulturaX,1509.96875,2,134,False,26.963727678571427
7,32,45,CulturaX,943.71875,1,91,True,29.4912109375
18,84,119,CulturaX,2216.84375,3,177,False,26.390997023809526
23,94,135,CulturaX,2415.765625,3,177,False,25.69963430851064
8,29,39,CulturaX,740.828125,1,91,True,25.545797413793103
26,115,158,CulturaX,3009.578125,4,220,False,26.17024456521739
8,46,67,CulturaX,1249.484375,2,134,False,27.162703804347824
53,272,386,CulturaX,7184.09375,8,392,False,26.412109375
37,168,249,CulturaX,4686.8125,6,306,False,27.897693452380953
10,48,65,CulturaX,1237.328125,2,134,False,25.777669270833332
27,119,164,CulturaX,3142.53125,4,220,False,26.407825630252102
7,38,48,CulturaX,1021.1875,2,134,False,26.873355263157894
27,107,145,CulturaX,2872.28125,4,220,False,26.84375
28,132,174,CulturaX,3492.6875,4,220,False,26.45975378787879
12,57,75,CulturaX,1402.859375,2,134,False,24.61156798245614
19,94,135,CulturaX,2617.359375,3,177,False,27.844248670212767
9,42,51,CulturaX,972.640625,2,134,False,23.15811011904762
12,80,115,CulturaX,2363.5,3,177,False,29.54375
7,30,47,CulturaX,829.1875,1,91,True,27.639583333333334
8,35,51,CulturaX,849.375,1,91,True,24.267857142857142
8,33,43,CulturaX,694.546875,1,91,True,21.046875
21,97,144,CulturaX,2540.1875,3,177,False,26.1875
13,54,70,CulturaX,1280.953125,2,134,False,23.721354166666668
15,63,96,CulturaX,1746.9375,2,134,False,27.729166666666668
10,49,69,CulturaX,1418.265625,2,134,False,28.944196428571427
13,47,69,CulturaX,1234.8125,2,134,False,26.272606382978722
41,175,233,CulturaX,4606.0625,6,306,False,26.320357142857144
19,83,113,CulturaX,2229.96875,3,177,False,26.867093373493976
27,135,204,CulturaX,3598.109375,4,220,False,26.652662037037036
21,100,146,CulturaX,2733.53125,3,177,False,27.3353125
24,105,149,CulturaX,2784.8125,4,220,False,26.52202380952381
13,64,95,CulturaX,1549.390625,2,134,False,24.209228515625
14,53,77,CulturaX,1414.828125,2,134,False,26.69487028301887
19,86,124,CulturaX,2367.28125,3,177,False,27.5265261627907
29,115,161,CulturaX,3162.078125,4,220,False,27.49633152173913
12,52,73,CulturaX,1421.4375,2,134,False,27.33533653846154
14,64,89,CulturaX,1528.59375,2,134,False,23.88427734375
11,50,70,CulturaX,1385.671875,2,134,False,27.7134375
8,46,73,CulturaX,1204.40625,2,134,False,26.18274456521739
20,86,120,CulturaX,2338.328125,3,177,False,27.189861918604652
19,82,108,CulturaX,2007.15625,3,177,False,24.477515243902438
7,37,56,CulturaX,960.03125,2,134,False,25.94679054054054
11,46,63,CulturaX,1287.9375,2,134,False,27.998641304347824
10,42,59,CulturaX,1145.671875,2,134,False,27.277901785714285
31,147,216,CulturaX,4037.90625,5,263,False,27.46875
8,43,70,CulturaX,1329.765625,2,134,False,30.924781976744185
10,51,78,CulturaX,1472.046875,2,134,False,28.863664215686274
13,62,89,CulturaX,1769.703125,2,134,False,28.54359879032258
7,27,40,CulturaX,795.546875,1,91,True,29.464699074074073
14,52,75,CulturaX,1556.09375,2,134,False,29.924879807692307
9,34,45,CulturaX,920.3125,1,91,True,27.06801470588235
8,33,43,CulturaX,852.28125,1,91,True,25.826704545454547
12,51,70,CulturaX,1347.40625,2,134,False,26.41973039215686
8,39,61,CulturaX,1111.53125,2,134,False,28.50080128205128
11,41,58,CulturaX,1146.0,2,134,False,27.951219512195124
21,91,124,CulturaX,2357.578125,3,177,False,25.907451923076923
35,175,249,CulturaX,4662.859375,6,306,False,26.644910714285714
12,53,79,CulturaX,1430.34375,2,134,False,26.9876179245283
9,37,60,CulturaX,1080.046875,2,134,False,29.19045608108108
9,40,57,CulturaX,1132.296875,2,134,False,28.307421875
20,101,137,CulturaX,2606.53125,3,177,False,25.807240099009903
22,91,125,CulturaX,2456.609375,3,177,False,26.995707417582416
23,88,125,CulturaX,2324.703125,3,177,False,26.41708096590909
13,51,75,CulturaX,1391.96875,2,134,False,27.293504901960784
7,33,47,CulturaX,867.65625,1,91,True,26.292613636363637
23,84,110,CulturaX,2200.75,3,177,False,26.199404761904763
9,37,52,CulturaX,946.296875,1,91,True,25.575591216216218
20,98,139,CulturaX,2582.0,3,177,False,26.346938775510203
21,109,169,CulturaX,2830.78125,4,220,False,25.97047018348624
10,40,46,CulturaX,831.671875,1,91,True,20.791796875
24,122,171,CulturaX,3310.78125,4,220,False,27.137551229508198
14,64,93,CulturaX,1835.5,2,134,False,28.6796875
12,48,62,CulturaX,1305.328125,2,134,False,27.1943359375
21,103,149,CulturaX,2720.53125,3,177,False,26.412924757281555
13,64,94,CulturaX,1698.59375,2,134,False,26.54052734375
10,45,61,CulturaX,1156.53125,2,134,False,25.700694444444444
11,55,82,CulturaX,1415.15625,2,134,False,25.730113636363637
11,41,57,CulturaX,1189.140625,2,134,False,29.00342987804878
13,57,82,CulturaX,1430.375,2,134,False,25.094298245614034
30,154,213,CulturaX,4014.53125,5,263,False,26.06838474025974
15,67,95,CulturaX,1807.125,2,134,False,26.972014925373134
21,92,129,CulturaX,2443.578125,3,177,False,26.56063179347826
13,45,61,CulturaX,1281.875,2,134,False,28.48611111111111
15,71,102,CulturaX,1984.484375,3,177,False,27.950484154929576
9,36,51,CulturaX,982.9375,2,134,False,27.303819444444443
8,40,53,CulturaX,1089.484375,2,134,False,27.237109375
11,47,66,CulturaX,1314.359375,2,134,False,27.965093085106382
8,40,61,CulturaX,1090.1875,2,134,False,27.2546875
23,101,145,CulturaX,2713.4375,3,177,False,26.865717821782177
16,74,102,CulturaX,1842.671875,2,134,False,24.900971283783782
34,178,248,CulturaX,5019.046875,6,306,False,28.196892556179776
30,148,216,CulturaX,3866.921875,5,263,False,26.127850506756758
8,38,51,CulturaX,919.0,1,91,True,24.18421052631579
14,79,111,CulturaX,2199.421875,3,177,False,27.8407832278481
9,32,43,CulturaX,829.03125,1,91,True,25.9072265625
10,56,79,CulturaX,1548.640625,2,134,False,27.654296875
7,24,33,CulturaX,621.640625,1,91,True,25.901692708333332
15,71,107,CulturaX,1960.984375,3,177,False,27.61949823943662
7,35,50,CulturaX,885.90625,1,91,True,25.31160714285714
8,36,50,CulturaX,964.4375,2,134,False,26.789930555555557
23,104,149,CulturaX,2797.859375,4,220,False,26.902493990384617
12,55,80,CulturaX,1525.234375,2,134,False,27.73153409090909
24,115,176,CulturaX,3061.625,4,220,False,26.622826086956522
18,72,95,CulturaX,1849.578125,2,134,False,25.688585069444443
41,184,267,CulturaX,4835.109375,6,306,False,26.277768342391305
8,36,50,CulturaX,1077.0625,2,134,False,29.91840277777778
16,78,115,CulturaX,2130.359375,3,177,False,27.31229967948718
54,264,378,CulturaX,6881.484375,8,392,False,26.066228693181817
79,395,568,CulturaX,10931.453125,13,607,False,27.674564873417722
7,31,42,CulturaX,765.28125,1,91,True,24.686491935483872
25,117,172,CulturaX,3101.4375,4,220,False,26.50801282051282
15,68,84,CulturaX,1620.515625,2,134,False,23.831112132352942
7,37,51,CulturaX,982.390625,2,134,False,26.551097972972972
21,84,117,CulturaX,2098.8125,3,177,False,24.985863095238095
7,27,36,CulturaX,726.578125,1,91,True,26.910300925925927
28,130,181,CulturaX,3448.046875,4,220,False,26.5234375
16,69,92,CulturaX,1922.75,3,177,False,27.865942028985508
15,78,113,CulturaX,1905.8125,2,134,False,24.43349358974359
17,69,100,CulturaX,1820.671875,2,134,False,26.386548913043477
26,120,178,CulturaX,3187.859375,4,220,False,26.565494791666666
12,58,84,CulturaX,1524.453125,2,134,False,26.283674568965516
9,46,64,CulturaX,1238.171875,2,134,False,26.916779891304348
16,67,105,CulturaX,1859.734375,2,134,False,27.75722947761194
10,33,48,CulturaX,937.28125,1,91,True,28.40246212121212
7,26,39,CulturaX,721.390625,1,91,True,27.74579326923077
15,70,100,CulturaX,1817.015625,2,134,False,25.95736607142857
7,30,48,CulturaX,808.5625,1,91,True,26.952083333333334
22,101,139,CulturaX,2661.953125,3,177,False,26.355971534653467
7,30,44,CulturaX,823.96875,1,91,True,27.465625
10,46,69,CulturaX,1330.53125,2,134,False,28.924592391304348
18,72,98,CulturaX,1833.84375,2,134,False,25.470052083333332
14,77,111,CulturaX,1903.421875,3,177,False,24.71976461038961
36,141,208,CulturaX,3665.125,4,220,False,25.993794326241133
14,61,85,CulturaX,1431.609375,2,134,False,23.469006147540984
21,93,131,CulturaX,2517.15625,3,177,False,27.06619623655914
12,49,71,CulturaX,1311.28125,2,134,False,26.760841836734695
9,39,65,CulturaX,1050.046875,2,134,False,26.924278846153847
22,95,122,CulturaX,2458.640625,3,177,False,25.880427631578947
7,31,41,CulturaX,713.09375,1,91,True,23.003024193548388
30,148,217,CulturaX,3872.546875,5,263,False,26.165857263513512
28,135,217,CulturaX,3732.484375,4,220,False,27.648032407407406
10,38,55,CulturaX,1107.53125,2,134,False,29.145559210526315
11,64,95,CulturaX,1638.125,2,134,False,25.595703125
15,69,101,CulturaX,1790.28125,2,134,False,25.94610507246377
20,79,108,CulturaX,2132.5625,3,177,False,26.994462025316455
12,60,89,CulturaX,1831.890625,2,134,False,30.531510416666666
8,34,48,CulturaX,950.59375,1,91,True,27.95863970588235
32,142,200,CulturaX,3901.421875,5,263,False,27.47480193661972
11,38,51,CulturaX,1050.6875,2,134,False,27.64967105263158
10,48,67,CulturaX,1351.328125,2,134,False,28.152669270833332
13,60,81,CulturaX,1504.625,2,134,False,25.077083333333334
15,65,90,CulturaX,1675.5,2,134,False,25.776923076923076
16,80,103,CulturaX,2172.046875,3,177,False,27.1505859375
8,28,35,CulturaX,695.3125,1,91,True,24.832589285714285
11,47,68,CulturaX,1340.65625,2,134,False,28.524601063829788
10,44,63,CulturaX,1198.046875,2,134,False,27.228338068181817
20,83,127,CulturaX,2226.859375,3,177,False,26.829631024096386
11,54,81,CulturaX,1438.109375,2,134,False,26.63165509259259
11,53,72,CulturaX,1341.828125,2,134,False,25.31751179245283
33,158,225,CulturaX,4199.53125,5,263,False,26.57931170886076
9,35,51,CulturaX,1008.25,2,134,False,28.807142857142857
9,47,70,CulturaX,1297.859375,2,134,False,27.61402925531915
15,69,102,CulturaX,1926.796875,3,177,False,27.924592391304348
24,109,161,CulturaX,2959.75,4,220,False,27.15366972477064
63,264,393,CulturaX,7115.484375,8,392,False,26.952592329545453
16,69,107,CulturaX,1954.015625,3,177,False,28.319067028985508
11,54,73,CulturaX,1433.921875,2,134,False,26.554108796296298
7,32,48,CulturaX,902.09375,1,91,True,28.1904296875
33,148,222,CulturaX,3952.296875,5,263,False,26.704708614864863
9,40,56,CulturaX,1004.859375,2,134,False,25.121484375
21,90,126,CulturaX,2305.671875,3,177,False,25.61857638888889
23,109,153,CulturaX,3007.96875,4,220,False,27.59604357798165
27,104,138,CulturaX,2700.90625,3,177,False,25.970252403846153
13,62,93,CulturaX,1729.78125,2,134,False,27.89969758064516
8,41,65,CulturaX,1114.015625,2,134,False,27.17111280487805
10,46,76,CulturaX,1327.53125,2,134,False,28.859375
28,125,172,CulturaX,3357.375,4,220,False,26.859
28,130,190,CulturaX,3452.6875,4,220,False,26.559134615384615
10,39,51,CulturaX,988.03125,2,134,False,25.334134615384617
31,139,194,CulturaX,3697.890625,5,263,False,26.603529676258994
25,106,153,CulturaX,2767.421875,4,220,False,26.10775353773585
21,90,133,CulturaX,2364.890625,3,177,False,26.2765625
17,71,101,CulturaX,1884.921875,3,177,False,26.548195422535212
10,37,52,CulturaX,1021.859375,2,134,False,27.617820945945947
18,93,136,CulturaX,2648.140625,3,177,False,28.474630376344088
55,256,357,CulturaX,6493.515625,7,349,False,25.36529541015625
8,31,43,CulturaX,836.03125,1,91,True,26.96875
12,53,73,CulturaX,1387.0,2,134,False,26.169811320754718
37,188,304,CulturaX,4919.296875,6,306,False,26.1664727393617
13,52,73,CulturaX,1332.390625,2,134,False,25.622896634615383
29,119,166,CulturaX,2998.265625,4,220,False,25.19550945378151
18,77,122,CulturaX,2141.328125,3,177,False,27.80945616883117
27,136,192,CulturaX,3449.171875,4,220,False,25.361557904411764
11,52,80,CulturaX,1451.984375,2,134,False,27.922776442307693
29,131,171,CulturaX,3256.6875,4,220,False,24.860209923664122
18,81,111,CulturaX,2207.25,3,177,False,27.25
9,41,60,CulturaX,1101.640625,2,134,False,26.869283536585368
14,68,96,CulturaX,1753.875,2,134,False,25.792279411764707
21,96,136,CulturaX,2631.125,3,177,False,27.407552083333332
7,27,37,CulturaX,740.53125,1,91,True,27.427083333333332
22,94,130,CulturaX,2438.671875,3,177,False,25.943317819148938
9,41,58,CulturaX,1166.078125,2,134,False,28.44092987804878
22,91,113,CulturaX,2190.328125,3,177,False,24.069539835164836
19,84,118,CulturaX,2199.921875,3,177,False,26.18954613095238
22,93,129,CulturaX,2546.28125,3,177,False,27.379368279569892
7,37,56,CulturaX,978.375,2,134,False,26.44256756756757
49,214,293,CulturaX,5755.703125,7,349,False,26.8958089953271
27,111,158,CulturaX,3014.59375,4,220,False,27.15850225225225
11,62,90,CulturaX,1555.21875,2,134,False,25.084173387096776
31,138,205,CulturaX,3743.609375,5,263,False,27.127604166666668
33,153,221,CulturaX,4117.28125,5,263,False,26.91033496732026
18,82,112,CulturaX,2121.1875,3,177,False,25.868140243902438
9,34,47,CulturaX,945.921875,1,91,True,27.821231617647058
9,35,50,CulturaX,978.5,2,134,False,27.957142857142856
14,70,92,CulturaX,1832.0,2,134,False,26.17142857142857
20,96,145,CulturaX,2592.65625,3,177,False,27.0068359375
41,178,240,CulturaX,4770.390625,6,306,False,26.799947331460675
23,90,126,CulturaX,2416.46875,3,177,False,26.849652777777777
14,63,93,CulturaX,1692.75,2,134,False,26.86904761904762
28,142,213,CulturaX,3770.828125,4,220,False,26.555127640845072
30,125,189,CulturaX,3267.0625,4,220,False,26.1365
11,46,62,CulturaX,1126.90625,2,134,False,24.49796195652174
10,41,57,CulturaX,1147.765625,2,134,False,27.994283536585368
9,40,52,CulturaX,1054.90625,2,134,False,26.37265625
51,242,332,CulturaX,6489.6875,8,392,False,26.816890495867767
17,84,119,CulturaX,2293.65625,3,177,False,27.305431547619047
28,119,158,CulturaX,3152.140625,4,220,False,26.48857668067227
39,157,205,CulturaX,4168.75,5,263,False,26.552547770700638
9,44,65,CulturaX,1206.171875,2,134,False,27.41299715909091
15,67,93,CulturaX,1842.890625,2,134,False,27.505830223880597
18,66,100,CulturaX,1837.234375,2,134,False,27.83688446969697
36,174,250,CulturaX,4644.15625,6,306,False,26.69055316091954
7,36,49,CulturaX,938.390625,1,91,True,26.06640625
8,31,44,CulturaX,844.0,1,91,True,27.225806451612904
33,144,203,CulturaX,3765.3125,5,263,False,26.14800347222222
7,34,54,CulturaX,938.546875,1,91,True,27.604319852941178
35,162,237,CulturaX,4347.734375,5,263,False,26.83786651234568
35,161,227,CulturaX,4137.765625,5,263,False,25.700407608695652
14,64,95,CulturaX,1816.15625,3,177,False,28.37744140625
17,75,103,CulturaX,2010.5,3,177,False,26.80666666666667
9,36,46,CulturaX,997.5625,2,134,False,27.710069444444443
20,93,136,CulturaX,2438.359375,3,177,False,26.218918010752688
21,72,100,CulturaX,1868.3125,3,177,False,25.94878472222222
9,45,66,CulturaX,1188.0625,2,134,False,26.40138888888889
9,43,59,CulturaX,1188.28125,2,134,False,27.634447674418606
9,45,65,CulturaX,1238.59375,2,134,False,27.524305555555557
27,132,192,CulturaX,3787.140625,5,263,False,28.69045928030303
17,71,100,CulturaX,1934.703125,3,177,False,27.249339788732396
7,27,34,CulturaX,702.6875,1,91,True,26.025462962962962
7,29,44,CulturaX,844.875,1,91,True,29.13362068965517
9,37,52,CulturaX,1065.015625,2,134,False,28.78420608108108
17,80,112,CulturaX,2058.15625,3,177,False,25.726953125
34,151,215,CulturaX,3963.5625,5,263,False,26.248758278145694
13,62,91,CulturaX,1627.359375,2,134,False,26.247731854838708
47,202,291,CulturaX,5406.671875,6,306,False,26.76570235148515
7,27,37,CulturaX,674.5625,1,91,True,24.983796296296298
32,147,204,CulturaX,3751.546875,5,263,False,25.520727040816325
11,42,59,CulturaX,1209.140625,2,134,False,28.7890625
11,58,86,CulturaX,1564.953125,2,134,False,26.981950431034484
8,33,46,CulturaX,944.046875,1,91,True,28.607481060606062
15,72,102,CulturaX,1826.5625,2,134,False,25.36892361111111
7,28,40,CulturaX,764.0625,1,91,True,27.287946428571427
8,35,54,CulturaX,993.25,2,134,False,28.37857142857143
8,43,53,CulturaX,1065.46875,2,134,False,24.778343023255815
80,339,458,CulturaX,9097.140625,10,478,False,26.83522308259587
28,130,182,CulturaX,3351.578125,4,220,False,25.78137019230769
16,66,87,CulturaX,1767.015625,2,134,False,26.772964015151516
18,73,103,CulturaX,1988.34375,3,177,False,27.237585616438356
22,91,131,CulturaX,2305.859375,3,177,False,25.33911401098901
14,59,80,CulturaX,1622.84375,2,134,False,27.50582627118644
8,34,45,CulturaX,854.859375,1,91,True,25.14292279411765
10,35,46,CulturaX,912.875,1,91,True,26.082142857142856
27,107,154,CulturaX,2910.578125,4,220,False,27.20166471962617
11,53,74,CulturaX,1468.140625,2,134,False,27.70076650943396
22,100,138,CulturaX,2773.734375,3,177,False,27.73734375
9,34,48,CulturaX,923.65625,1,91,True,27.16636029411765
27,140,206,CulturaX,3654.53125,5,263,False,26.103794642857142
13,54,76,CulturaX,1489.59375,2,134,False,27.585069444444443
37,167,244,CulturaX,4381.84375,5,263,False,26.238585329341316
7,35,49,CulturaX,953.21875,1,91,True,27.23482142857143
8,37,50,CulturaX,994.421875,2,134,False,26.87626689189189
15,63,84,CulturaX,1678.109375,2,134,False,26.636656746031747
28,123,180,CulturaX,3235.890625,4,220,False,26.30805386178862
19,75,100,CulturaX,1894.03125,2,134,False,25.25375
17,99,148,CulturaX,2582.21875,3,177,False,26.08301767676768
17,76,110,CulturaX,2012.53125,3,177,False,26.480674342105264
47,226,323,CulturaX,6072.65625,7,349,False,26.870160398230087
16,69,99,CulturaX,1856.390625,2,134,False,26.90421195652174
10,44,63,CulturaX,1155.984375,2,134,False,26.27237215909091
8,35,48,CulturaX,913.4375,1,91,True,26.098214285714285
17,74,106,CulturaX,2053.109375,3,177,False,27.744721283783782
22,93,126,CulturaX,2338.25,3,177,False,25.142473118279568
26,99,141,CulturaX,2601.234375,3,177,False,26.275094696969695
33,169,236,CulturaX,4419.625,5,263,False,26.151627218934912
9,37,52,CulturaX,961.3125,2,134,False,25.98141891891892
15,64,91,CulturaX,1694.828125,2,134,False,26.481689453125
45,217,296,CulturaX,5571.5625,7,349,False,25.675403225806452
13,72,106,CulturaX,1929.4375,3,177,False,26.797743055555557
9,38,55,CulturaX,1047.90625,2,134,False,27.576480263157894
21,108,155,CulturaX,3040.859375,4,220,False,28.156105324074073
10,40,56,CulturaX,1052.640625,2,134,False,26.316015625
16,62,79,CulturaX,1639.390625,2,134,False,26.441784274193548
44,185,256,CulturaX,4778.71875,6,306,False,25.83091216216216
9,42,58,CulturaX,1179.65625,2,134,False,28.087053571428573
11,53,79,CulturaX,1408.765625,2,134,False,26.58048349056604
47,202,282,CulturaX,5414.03125,6,306,False,26.802134900990097
11,44,62,CulturaX,1275.1875,2,134,False,28.98153409090909
11,38,48,CulturaX,901.515625,1,91,True,23.724095394736842
8,42,64,CulturaX,1292.75,2,134,False,30.779761904761905
13,53,77,CulturaX,1424.296875,2,134,False,26.873525943396228
9,38,58,CulturaX,1036.75,2,134,False,27.282894736842106
22,101,142,CulturaX,2756.96875,4,220,False,27.296720297029704
16,71,98,CulturaX,1818.984375,3,177,False,25.61949823943662
7,23,31,CulturaX,633.15625,1,91,True,27.528532608695652
13,57,85,CulturaX,1576.34375,2,134,False,27.65515350877193
17,79,110,CulturaX,2007.015625,3,177,False,25.405261075949365
22,114,169,CulturaX,2906.125,4,220,False,25.49232456140351
29,146,212,CulturaX,3872.703125,5,263,False,26.525363869863014
20,83,119,CulturaX,2273.890625,3,177,False,27.396272590361445
17,78,114,CulturaX,2174.421875,3,177,False,27.877203525641026
15,63,83,CulturaX,1608.046875,2,134,False,25.524553571428573
7,34,47,CulturaX,925.40625,1,91,True,27.217830882352942
22,98,138,CulturaX,2693.609375,4,220,False,27.485809948979593
15,56,79,CulturaX,1571.046875,2,134,False,28.054408482142858
8,34,54,CulturaX,929.921875,1,91,True,27.350643382352942
13,56,76,CulturaX,1584.921875,2,134,False,28.302176339285715
25,84,110,CulturaX,2112.09375,3,177,False,25.143973214285715
36,141,194,CulturaX,3825.390625,5,263,False,27.130429964539008
25,103,141,CulturaX,2772.734375,4,220,False,26.91975121359223
12,41,55,CulturaX,1061.765625,2,134,False,25.89672256097561
7,32,46,CulturaX,910.0625,1,91,True,28.439453125
12,69,89,CulturaX,1645.96875,2,134,False,23.85461956521739
19,91,136,CulturaX,2410.078125,3,177,False,26.484375
13,67,88,CulturaX,1394.4375,2,134,False,20.8125
23,119,158,CulturaX,2998.40625,4,220,False,25.196691176470587
27,120,172,CulturaX,3196.3125,4,220,False,26.6359375
8,39,58,CulturaX,1023.21875,2,134,False,26.236378205128204
12,48,70,CulturaX,1302.359375,2,134,False,27.132486979166668
19,79,111,CulturaX,2125.078125,3,177,False,26.899723101265824
9,40,60,CulturaX,1049.625,2,134,False,26.240625
8,43,59,CulturaX,1112.203125,2,134,False,25.86518895348837
11,40,56,CulturaX,1114.40625,2,134,False,27.86015625
31,139,189,CulturaX,3773.234375,5,263,False,27.145571043165468
7,31,40,CulturaX,729.703125,1,91,True,23.538810483870968
9,37,50,CulturaX,875.96875,1,91,True,23.67483108108108
16,73,101,CulturaX,2040.5625,3,177,False,27.95291095890411
8,23,30,CulturaX,598.875,1,91,True,26.03804347826087
14,62,88,CulturaX,1573.46875,2,134,False,25.378528225806452
10,42,60,CulturaX,1125.9375,2,134,False,26.808035714285715
50,233,338,CulturaX,6421.515625,8,392,False,27.560152896995707
18,80,109,CulturaX,2141.03125,3,177,False,26.762890625
21,101,153,CulturaX,2668.203125,3,177,False,26.417852722772277
10,44,72,CulturaX,1200.0,2,134,False,27.272727272727273
37,192,265,CulturaX,5204.9375,6,306,False,27.109049479166668
8,38,55,CulturaX,998.75,2,134,False,26.282894736842106
25,138,195,CulturaX,3615.34375,4,220,False,26.198143115942027
11,51,72,CulturaX,1377.765625,2,134,False,27.01501225490196
14,65,92,CulturaX,1736.375,2,134,False,26.713461538461537
7,26,39,CulturaX,825.265625,1,91,True,31.740985576923077
17,75,106,CulturaX,2034.640625,3,177,False,27.128541666666667
7,32,48,CulturaX,860.75,1,91,True,26.8984375
48,223,306,CulturaX,6016.015625,7,349,False,26.977648542600896
25,97,139,CulturaX,2709.25,3,177,False,27.93041237113402
45,190,262,CulturaX,5019.171875,6,306,False,26.41669407894737
28,119,169,CulturaX,3133.1875,4,220,False,26.329306722689076
15,64,93,CulturaX,1699.75,2,134,False,26.55859375
46,205,292,CulturaX,5360.375,6,306,False,26.148170731707317
7,26,38,CulturaX,691.5,1,91,True,26.596153846153847
37,178,254,CulturaX,4746.40625,6,306,False,26.665203651685392
9,43,55,CulturaX,1041.625,2,134,False,24.223837209302324
9,39,55,CulturaX,1060.640625,2,134,False,27.19591346153846
8,45,58,CulturaX,1077.234375,2,134,False,23.938541666666666
45,197,283,CulturaX,5157.890625,6,306,False,26.182185913705585
12,56,86,CulturaX,1555.390625,2,134,False,27.774832589285715
20,77,102,CulturaX,2087.59375,3,177,False,27.111607142857142
27,119,168,CulturaX,3130.375,4,220,False,26.305672268907564
18,78,109,CulturaX,2013.828125,3,177,False,25.818309294871796
13,55,79,CulturaX,1476.046875,2,134,False,26.837215909090908
28,127,184,CulturaX,3342.53125,4,220,False,26.3191437007874
9,41,60,CulturaX,1193.875,2,134,False,29.11890243902439
15,56,78,CulturaX,1540.109375,2,134,False,27.501953125
13,61,88,CulturaX,1678.34375,2,134,False,27.513831967213115
14,56,79,CulturaX,1579.5,2,134,False,28.205357142857142
11,52,75,CulturaX,1340.5625,2,134,False,25.780048076923077
12,41,54,CulturaX,1099.609375,2,134,False,26.819740853658537
28,117,172,CulturaX,3218.59375,4,220,False,27.50934829059829
11,51,65,CulturaX,1079.296875,2,134,False,21.162683823529413
18,75,97,CulturaX,1951.78125,3,177,False,26.02375
9,42,66,CulturaX,1092.6875,2,134,False,26.016369047619047
10,40,56,CulturaX,1016.578125,2,134,False,25.414453125
16,68,103,CulturaX,1908.5625,3,177,False,28.067095588235293
19,88,117,CulturaX,2269.5625,3,177,False,25.790482954545453
19,92,131,CulturaX,2497.75,3,177,False,27.14945652173913
12,47,71,CulturaX,1359.4375,2,134,False,28.924202127659573
26,124,171,CulturaX,3351.234375,4,220,False,27.02608366935484
16,70,89,CulturaX,1792.203125,2,134,False,25.602901785714284
15,65,91,CulturaX,1597.15625,2,134,False,24.571634615384614
10,46,70,CulturaX,1240.328125,2,134,False,26.963654891304348
13,54,72,CulturaX,1476.75,2,134,False,27.34722222222222
15,62,85,CulturaX,1724.140625,2,134,False,27.808719758064516
19,91,126,CulturaX,2481.453125,3,177,False,27.26871565934066
27,113,167,CulturaX,3018.9375,4,220,False,26.716261061946902
7,30,45,CulturaX,875.53125,1,91,True,29.184375
12,59,82,CulturaX,1607.265625,2,134,False,27.241790254237287
20,85,124,CulturaX,2292.609375,3,177,False,26.971875
16,61,86,CulturaX,1661.90625,2,134,False,27.24436475409836
15,59,82,CulturaX,1485.875,2,134,False,25.184322033898304
15,76,104,CulturaX,2032.296875,3,177,False,26.740748355263158
21,98,130,CulturaX,2575.140625,3,177,False,26.276945153061224
19,83,118,CulturaX,2153.421875,3,177,False,25.94484186746988
16,67,93,CulturaX,1790.765625,2,134,False,26.72784514925373
10,49,64,CulturaX,1261.75,2,134,False,25.75
9,44,56,CulturaX,1170.859375,2,134,False,26.61044034090909
7,23,33,CulturaX,623.0,1,91,True,27.08695652173913
7,30,42,CulturaX,817.0625,1,91,True,27.235416666666666
12,58,86,CulturaX,1543.125,2,134,False,26.60560344827586
42,180,268,CulturaX,4764.328125,6,306,False,26.468489583333334
11,50,73,CulturaX,1335.140625,2,134,False,26.7028125
7,38,62,CulturaX,1243.296875,2,134,False,32.71833881578947
15,67,93,CulturaX,1856.859375,3,177,False,27.714319029850746
8,35,49,CulturaX,967.140625,2,134,False,27.632589285714285
17,74,109,CulturaX,1971.484375,3,177,False,26.641680743243242
17,66,91,CulturaX,1796.0,2,134,False,27.21212121212121
8,36,47,CulturaX,927.828125,1,91,True,25.77300347222222
8,34,45,CulturaX,843.53125,1,91,True,24.809742647058822
7,27,39,CulturaX,742.015625,1,91,True,27.482060185185187
11,53,72,CulturaX,1446.0625,2,134,False,27.284198113207548
13,50,68,CulturaX,1307.671875,2,134,False,26.1534375
13,59,84,CulturaX,1554.03125,2,134,False,26.33951271186441
15,58,81,CulturaX,1514.40625,2,134,False,26.110452586206897
9,43,57,CulturaX,1138.25,2,134,False,26.47093023255814
10,47,69,CulturaX,1286.140625,2,134,False,27.36469414893617
9,33,47,CulturaX,850.765625,1,91,True,25.780776515151516
7,25,35,CulturaX,657.546875,1,91,True,26.301875
7,29,43,CulturaX,846.625,1,91,True,29.19396551724138
27,123,173,CulturaX,3399.171875,4,220,False,27.635543699186993
14,67,96,CulturaX,1843.8125,3,177,False,27.519589552238806
44,207,306,CulturaX,5613.53125,7,349,False,27.11850845410628
10,49,69,CulturaX,1278.375,2,134,False,26.089285714285715
20,84,117,CulturaX,2169.265625,3,177,False,25.824590773809526
8,32,46,CulturaX,847.484375,1,91,True,26.48388671875
7,19,28,CulturaX,499.578125,1,91,True,26.29358552631579
24,109,147,CulturaX,3000.203125,4,220,False,27.524799311926607
7,26,32,CulturaX,575.109375,1,91,True,22.119591346153847
14,60,87,CulturaX,1588.6875,2,134,False,26.478125
7,32,42,CulturaX,923.578125,1,91,True,28.86181640625
26,127,188,CulturaX,3456.234375,4,220,False,27.214443897637796
9,35,51,CulturaX,924.796875,1,91,True,26.42276785714286
18,74,105,CulturaX,2043.09375,3,177,False,27.609375
10,46,67,CulturaX,1370.71875,2,134,False,29.798233695652176
16,73,102,CulturaX,1871.21875,2,134,False,25.633133561643834
41,197,284,CulturaX,5344.28125,6,306,False,27.128331218274113
12,51,69,CulturaX,1348.390625,2,134,False,26.439031862745097
16,71,102,CulturaX,1876.078125,2,134,False,26.42363556338028
14,81,108,CulturaX,2041.328125,3,177,False,25.201581790123456
20,72,102,CulturaX,1846.375,3,177,False,25.64409722222222
11,46,68,CulturaX,1264.75,2,134,False,27.494565217391305
18,73,103,CulturaX,1835.96875,2,134,False,25.150256849315067
18,98,138,CulturaX,2669.5625,3,177,False,27.240433673469386
17,64,88,CulturaX,1643.84375,2,134,False,25.68505859375
26,127,188,CulturaX,3131.15625,4,220,False,24.654773622047244
11,46,57,CulturaX,1171.65625,2,134,False,25.47078804347826
10,58,76,CulturaX,1347.234375,2,134,False,23.228178879310345
29,123,167,CulturaX,3237.015625,4,220,False,26.317200203252032
27,127,166,CulturaX,3148.90625,4,220,False,24.794537401574804
18,75,100,CulturaX,2044.453125,3,177,False,27.259375
27,115,162,CulturaX,3133.75,4,220,False,27.25
20,84,118,CulturaX,2215.921875,3,177,False,26.380022321428573
9,40,58,CulturaX,1154.125,2,134,False,28.853125
23,104,150,CulturaX,2802.109375,4,220,False,26.943359375
41,174,247,CulturaX,4766.578125,6,306,False,27.394127155172413
11,45,68,CulturaX,1216.828125,2,134,False,27.040625
15,65,90,CulturaX,1706.078125,2,134,False,26.24735576923077
18,86,117,CulturaX,2321.796875,3,177,False,26.997638081395348
12,52,74,CulturaX,1495.75,2,134,False,28.764423076923077
21,102,145,CulturaX,2662.53125,3,177,False,26.103247549019606
25,109,156,CulturaX,2980.78125,4,220,False,27.346616972477065
14,60,90,CulturaX,1614.046875,2,134,False,26.90078125
10,38,49,CulturaX,1007.375,2,134,False,26.50986842105263
11,56,77,CulturaX,1455.953125,2,134,False,25.999162946428573
13,57,82,CulturaX,1547.15625,2,134,False,27.143092105263158
17,84,106,CulturaX,2072.5625,3,177,False,24.673363095238095
19,95,139,CulturaX,2700.53125,3,177,False,28.426644736842107
29,132,191,CulturaX,3433.078125,4,220,False,26.008167613636363
28,128,187,CulturaX,3515.953125,4,220,False,27.4683837890625
10,40,57,CulturaX,1054.46875,2,134,False,26.36171875
21,89,116,CulturaX,2373.765625,3,177,False,26.671523876404493
7,37,51,CulturaX,1016.046875,2,134,False,27.46072635135135
14,66,90,CulturaX,1905.375,3,177,False,28.869318181818183
14,65,92,CulturaX,1741.046875,2,134,False,26.78533653846154
57,250,358,CulturaX,6737.046875,8,392,False,26.9481875
24,116,170,CulturaX,3180.53125,4,220,False,27.418372844827587
21,99,140,CulturaX,2654.78125,4,220,False,26.81597222222222
16,79,110,CulturaX,2064.53125,3,177,False,26.133306962025316
29,129,196,CulturaX,3465.109375,4,220,False,26.861312984496124
52,249,347,CulturaX,6837.234375,8,392,False,27.458772590361445
8,24,34,CulturaX,669.015625,1,91,True,27.875651041666668
33,130,185,CulturaX,3606.234375,4,220,False,27.740264423076923
29,130,182,CulturaX,3432.921875,4,220,False,26.407091346153845
34,154,209,CulturaX,4063.5,5,263,False,26.386363636363637
11,47,64,CulturaX,1249.390625,2,134,False,26.58277925531915
41,185,257,CulturaX,5077.890625,6,306,False,27.44805743243243
8,30,44,CulturaX,773.5625,1,91,True,25.785416666666666
8,34,41,CulturaX,762.609375,1,91,True,22.4296875
22,118,169,CulturaX,3199.5625,4,220,False,27.114936440677965
18,88,139,CulturaX,2367.5625,3,177,False,26.904119318181817
32,144,199,CulturaX,3508.078125,4,220,False,24.361653645833332
26,119,170,CulturaX,3367.5625,4,220,False,28.298844537815125
8,28,40,CulturaX,765.984375,1,91,True,27.356584821428573
9,33,46,CulturaX,902.609375,1,91,True,27.351799242424242
20,95,131,CulturaX,2547.21875,3,177,False,26.81282894736842
13,58,89,CulturaX,1672.59375,2,134,False,28.837823275862068
13,60,78,CulturaX,1565.828125,2,134,False,26.097135416666667
22,101,147,CulturaX,2849.09375,4,220,False,28.20884900990099
37,172,233,CulturaX,4488.96875,5,263,False,26.098655523255815
7,34,45,CulturaX,849.125,1,91,True,24.97426470588235
13,60,83,CulturaX,1573.78125,2,134,False,26.2296875
18,81,113,CulturaX,1928.1875,3,177,False,23.804783950617285
13,56,76,CulturaX,1525.625,2,134,False,27.243303571428573
28,120,158,CulturaX,3223.75,4,220,False,26.864583333333332
19,62,87,CulturaX,1748.5625,2,134,False,28.202620967741936
10,41,62,CulturaX,1193.734375,2,134,False,29.11547256097561
7,23,33,CulturaX,586.890625,1,91,True,25.516983695652176
7,31,44,CulturaX,841.734375,1,91,True,27.152721774193548
39,157,228,CulturaX,4259.859375,5,263,False,27.132862261146496
11,57,83,CulturaX,1467.0,2,134,False,25.736842105263158
24,103,150,CulturaX,2745.859375,3,177,False,26.658828883495147
15,52,73,CulturaX,1496.71875,2,134,False,28.783052884615383
12,50,72,CulturaX,1386.296875,2,134,False,27.7259375
12,47,70,CulturaX,1249.1875,2,134,False,26.57845744680851
14,62,90,CulturaX,1682.140625,2,134,False,27.131300403225808
12,58,91,CulturaX,1609.6875,2,134,False,27.75323275862069
10,42,59,CulturaX,1135.0625,2,134,False,27.02529761904762
37,184,270,CulturaX,5105.671875,6,306,False,27.748216711956523
43,214,270,CulturaX,5214.96875,6,306,False,24.36901285046729
14,61,84,CulturaX,1720.34375,2,134,False,28.202356557377048
19,85,126,CulturaX,2234.40625,3,177,False,26.28713235294118
10,50,65,CulturaX,1142.171875,2,134,False,22.8434375
8,40,54,CulturaX,951.015625,1,91,True,23.775390625
35,143,197,CulturaX,3837.984375,5,263,False,26.839051573426573
16,72,105,CulturaX,2083.703125,3,177,False,28.940321180555557
7,28,40,CulturaX,760.4375,1,91,True,27.158482142857142
11,45,57,CulturaX,1153.515625,2,134,False,25.633680555555557
14,66,94,CulturaX,1727.40625,2,134,False,26.17282196969697
20,86,125,CulturaX,2244.171875,3,177,False,26.095021802325583
10,34,48,CulturaX,1014.0625,2,134,False,29.825367647058822
24,111,144,CulturaX,2771.90625,3,177,False,24.97212837837838
21,102,144,CulturaX,2581.828125,3,177,False,25.31204044117647
29,141,205,CulturaX,3856.953125,5,263,False,27.354277482269502
21,113,148,CulturaX,2688.625,3,177,False,23.793141592920353
12,54,76,CulturaX,1274.328125,2,134,False,23.59866898148148
7,31,47,CulturaX,852.578125,1,91,True,27.502520161290324
13,51,76,CulturaX,1377.421875,2,134,False,27.00827205882353
20,90,118,CulturaX,2399.046875,3,177,False,26.656076388888888
15,58,76,CulturaX,1553.9375,2,134,False,26.792025862068964
23,99,141,CulturaX,2666.34375,3,177,False,26.932765151515152
16,74,104,CulturaX,1965.078125,3,177,False,26.5551097972973
11,47,65,CulturaX,1206.09375,2,134,False,25.66156914893617
7,34,45,CulturaX,959.375,1,91,True,28.216911764705884
8,28,40,CulturaX,758.484375,1,91,True,27.088727678571427
43,167,240,CulturaX,4701.140625,6,306,False,28.15054266467066
13,64,89,CulturaX,1693.875,2,134,False,26.466796875
18,70,99,CulturaX,1944.109375,3,177,False,27.77299107142857
10,47,70,CulturaX,1252.96875,2,134,False,26.658909574468087
41,184,249,CulturaX,4758.484375,6,306,False,25.861328125
16,79,116,CulturaX,2160.328125,3,177,False,27.345925632911392
14,76,116,CulturaX,1979.46875,3,177,False,26.04564144736842
8,32,53,CulturaX,830.25,1,91,True,25.9453125
10,48,70,CulturaX,1249.125,2,134,False,26.0234375
36,160,221,CulturaX,4197.4375,5,263,False,26.233984375
14,59,82,CulturaX,1508.234375,2,134,False,25.563294491525422
7,31,47,CulturaX,784.390625,1,91,True,25.302923387096776
35,155,206,CulturaX,4041.546875,5,263,False,26.074495967741935
9,32,43,CulturaX,823.1875,1,91,True,25.724609375
8,30,41,CulturaX,761.28125,1,91,True,25.376041666666666
22,90,133,CulturaX,2355.703125,3,177,False,26.174479166666668
13,60,88,CulturaX,1658.921875,2,134,False,27.648697916666666
12,53,74,CulturaX,1392.0625,2,134,False,26.265330188679247
24,113,150,CulturaX,3004.703125,4,220,False,26.59029314159292
15,72,100,CulturaX,1963.203125,3,177,False,27.266710069444443
7,31,43,CulturaX,837.25,1,91,True,27.008064516129032
13,52,71,CulturaX,1310.921875,2,134,False,25.210036057692307
15,62,88,CulturaX,1650.46875,2,134,False,26.62046370967742
26,116,160,CulturaX,2910.484375,4,220,False,25.09038254310345
18,74,107,CulturaX,1980.078125,3,177,False,26.7578125
38,162,221,CulturaX,4273.609375,5,263,False,26.380304783950617
17,66,92,CulturaX,1702.375,2,134,False,25.793560606060606
14,57,77,CulturaX,1490.359375,2,134,False,26.146655701754387
39,169,247,CulturaX,4406.296875,5,263,False,26.072762573964496
16,93,141,CulturaX,2459.65625,3,177,False,26.447916666666668
7,32,45,CulturaX,829.296875,1,91,True,25.91552734375
16,77,108,CulturaX,2081.71875,3,177,False,27.035308441558442
13,54,76,CulturaX,1427.015625,2,134,False,26.42621527777778
15,63,85,CulturaX,1632.4375,2,134,False,25.911706349206348
17,73,110,CulturaX,1867.21875,2,134,False,25.57833904109589
66,286,380,CulturaX,7545.15625,9,435,False,26.38166520979021
8,32,47,CulturaX,885.75,1,91,True,27.6796875
9,36,58,CulturaX,1035.15625,2,134,False,28.75434027777778
8,35,53,CulturaX,1026.90625,2,134,False,29.34017857142857
44,210,298,CulturaX,5487.890625,6,306,False,26.1328125
25,108,154,CulturaX,2861.0625,4,220,False,26.491319444444443
11,42,60,CulturaX,1170.875,2,134,False,27.87797619047619
10,40,59,CulturaX,1061.21875,2,134,False,26.53046875
9,37,48,CulturaX,934.046875,1,91,True,25.244510135135137
26,123,163,CulturaX,3293.5625,4,220,False,26.776930894308943
11,45,66,CulturaX,1244.578125,2,134,False,27.657291666666666
7,35,51,CulturaX,994.640625,2,134,False,28.41830357142857
8,33,49,CulturaX,875.734375,1,91,True,26.537405303030305
15,70,100,CulturaX,1888.75,2,134,False,26.982142857142858
8,38,57,CulturaX,1077.1875,2,134,False,28.34703947368421
9,38,58,CulturaX,1036.078125,2,134,False,27.265213815789473
7,31,42,CulturaX,900.109375,1,91,True,29.03578629032258
46,224,323,CulturaX,6087.3125,7,349,False,27.175502232142858
46,195,266,CulturaX,5015.421875,6,306,False,25.72011217948718
21,88,123,CulturaX,2322.96875,3,177,False,26.39737215909091
12,57,78,CulturaX,1587.984375,2,134,False,27.859375
13,47,66,CulturaX,1292.21875,2,134,False,27.49401595744681
13,64,89,CulturaX,1735.59375,2,134,False,27.11865234375
17,83,120,CulturaX,2274.296875,3,177,False,27.4011671686747
16,64,100,CulturaX,1737.375,2,134,False,27.146484375
13,64,81,CulturaX,1655.390625,2,134,False,25.865478515625
7,32,50,CulturaX,916.28125,1,91,True,28.6337890625
11,47,67,CulturaX,1235.265625,2,134,False,26.28224734042553
12,44,63,CulturaX,1240.1875,2,134,False,28.186079545454547
16,76,102,CulturaX,1970.5,3,177,False,25.92763157894737
23,115,161,CulturaX,2992.4375,4,220,False,26.021195652173912
9,37,53,CulturaX,971.015625,2,134,False,26.24366554054054
18,86,120,CulturaX,2362.125,3,177,False,27.46656976744186
12,50,67,CulturaX,1305.15625,2,134,False,26.103125
17,66,84,CulturaX,1737.609375,2,134,False,26.327414772727273
10,43,61,CulturaX,1238.421875,2,134,False,28.80050872093023
7,25,36,CulturaX,745.5625,1,91,True,29.8225
16,81,122,CulturaX,2083.75,3,177,False,25.72530864197531
11,55,77,CulturaX,1481.171875,2,134,False,26.930397727272727
8,30,41,CulturaX,794.796875,1,91,True,26.493229166666666
15,66,94,CulturaX,1756.890625,2,134,False,26.619554924242426
20,82,113,CulturaX,2160.078125,3,177,False,26.342416158536587
7,40,62,CulturaX,1014.59375,2,134,False,25.36484375
10,48,71,CulturaX,1264.609375,2,134,False,26.346028645833332
15,62,89,CulturaX,1748.328125,2,134,False,28.198840725806452
8,26,34,CulturaX,662.21875,1,91,True,25.469951923076923
14,81,106,CulturaX,1806.734375,2,134,False,22.305362654320987
14,71,93,CulturaX,1740.78125,2,134,False,24.518045774647888
16,59,85,CulturaX,1659.484375,2,134,False,28.126853813559322
16,83,119,CulturaX,2251.03125,3,177,False,27.12085843373494
26,106,139,CulturaX,2749.609375,3,177,False,25.93971108490566
12,43,63,CulturaX,1169.140625,2,134,False,27.189316860465116
16,70,100,CulturaX,1909.453125,3,177,False,27.277901785714285
20,82,114,CulturaX,2328.234375,3,177,False,28.393102134146343
28,135,188,CulturaX,3657.90625,5,263,False,27.095601851851853
8,32,46,CulturaX,908.765625,1,91,True,28.39892578125
11,50,76,CulturaX,1391.84375,2,134,False,27.836875
17,68,102,CulturaX,1784.9375,2,134,False,26.249080882352942
33,154,225,CulturaX,4214.8125,5,263,False,27.368912337662337
11,43,64,CulturaX,1129.09375,2,134,False,26.257994186046513
8,40,58,CulturaX,1100.734375,2,134,False,27.518359375
7,33,45,CulturaX,872.90625,1,91,True,26.451704545454547
9,40,49,CulturaX,943.6875,1,91,True,23.5921875
23,114,153,CulturaX,2944.609375,4,220,False,25.829906798245613
9,38,57,CulturaX,1018.671875,2,134,False,26.807154605263158
17,74,96,CulturaX,1968.5,3,177,False,26.60135135135135
29,157,205,CulturaX,3791.171875,5,263,False,24.147591560509554
17,83,118,CulturaX,2246.609375,3,177,False,27.0675828313253
31,131,178,CulturaX,3400.28125,4,220,False,25.956345419847327
10,48,69,CulturaX,1141.875,2,134,False,23.7890625
10,40,57,CulturaX,1053.359375,2,134,False,26.333984375
29,133,188,CulturaX,3533.515625,4,220,False,26.56778665413534
54,276,374,CulturaX,7345.90625,8,392,False,26.615602355072465
13,67,95,CulturaX,1735.5,2,134,False,25.902985074626866
29,109,153,CulturaX,2865.703125,4,220,False,26.290854357798164
33,155,234,CulturaX,4364.875,5,263,False,28.16048387096774
20,87,125,CulturaX,2420.6875,3,177,False,27.823994252873565
9,33,46,CulturaX,863.140625,1,91,True,26.155776515151516
49,219,307,CulturaX,5801.828125,7,349,False,26.49236586757991
27,120,174,CulturaX,3186.109375,4,220,False,26.550911458333335
43,195,276,CulturaX,5297.0,6,306,False,27.164102564102564
9,38,56,CulturaX,1031.640625,2,134,False,27.1484375
24,92,129,CulturaX,2327.90625,3,177,False,25.303328804347824
34,136,202,CulturaX,3751.140625,5,263,False,27.581916360294116
14,69,84,CulturaX,1702.234375,2,134,False,24.6700634057971
37,166,239,CulturaX,4501.25,5,263,False,27.115963855421686
7,33,47,CulturaX,884.4375,1,91,True,26.801136363636363
9,29,42,CulturaX,832.046875,1,91,True,28.69127155172414
19,94,130,CulturaX,2514.875,3,177,False,26.75398936170213
7,26,35,CulturaX,728.5625,1,91,True,28.021634615384617
8,40,52,CulturaX,1006.109375,2,134,False,25.152734375
35,138,201,CulturaX,3518.125,4,220,False,25.493659420289855
35,153,220,CulturaX,4065.8125,5,263,False,26.57393790849673
34,163,233,CulturaX,4329.875,5,263,False,26.563650306748468
8,43,64,CulturaX,1151.25,2,134,False,26.773255813953487
8,32,39,CulturaX,892.375,1,91,True,27.88671875
11,46,63,CulturaX,1168.453125,2,134,False,25.401154891304348
31,148,204,CulturaX,3965.1875,5,263,False,26.79180743243243
15,65,90,CulturaX,1768.65625,2,134,False,27.210096153846155
15,69,95,CulturaX,1817.34375,2,134,False,26.338315217391305
14,66,93,CulturaX,1756.375,2,134,False,26.611742424242426
22,83,111,CulturaX,2194.953125,3,177,False,26.445218373493976
33,150,215,CulturaX,3974.796875,5,263,False,26.498645833333335
10,49,75,CulturaX,1379.015625,2,134,False,28.143176020408163
8,36,53,CulturaX,1026.78125,2,134,False,28.52170138888889
29,136,185,CulturaX,3681.515625,4,220,False,27.06996783088235
33,150,216,CulturaX,4055.640625,5,263,False,27.037604166666668
11,36,49,CulturaX,922.0625,1,91,True,25.61284722222222
18,75,113,CulturaX,2078.375,3,177,False,27.711666666666666
28,125,170,CulturaX,3380.75,4,220,False,27.046
15,72,103,CulturaX,2006.75,3,177,False,27.87152777777778
7,30,47,CulturaX,768.328125,1,91,True,25.6109375
47,228,326,CulturaX,5997.21875,7,349,False,26.30359100877193
10,50,63,CulturaX,1312.09375,2,134,False,26.241875
7,34,51,CulturaX,849.015625,1,91,True,24.97104779411765
7,28,37,CulturaX,711.703125,1,91,True,25.41796875
43,207,294,CulturaX,5564.359375,7,349,False,26.88096316425121
22,108,150,CulturaX,2787.34375,4,220,False,25.808738425925927
10,46,60,CulturaX,1222.859375,2,134,False,26.58389945652174
7,37,53,CulturaX,1046.484375,2,134,False,28.283361486486488
15,63,84,CulturaX,1638.984375,2,134,False,26.015625
11,41,55,CulturaX,1058.390625,2,134,False,25.814405487804876
20,116,161,CulturaX,2877.625,4,220,False,24.807112068965516
9,48,76,CulturaX,1364.078125,2,134,False,28.418294270833332
8,30,40,CulturaX,785.15625,1,91,True,26.171875
14,59,86,CulturaX,1644.546875,2,134,False,27.873675847457626
14,59,85,CulturaX,1553.84375,2,134,False,26.336334745762713
13,53,72,CulturaX,1380.25,2,134,False,26.04245283018868
7,27,33,CulturaX,595.078125,1,91,True,22.039930555555557
9,31,43,CulturaX,764.765625,1,91,True,24.66985887096774
37,166,224,CulturaX,4342.96875,5,263,False,26.16246234939759
7,29,35,CulturaX,755.5,1,91,True,26.051724137931036
18,65,91,CulturaX,1743.046875,2,134,False,26.81610576923077
18,76,114,CulturaX,2004.34375,3,177,False,26.37294407894737
14,67,89,CulturaX,1640.796875,2,134,False,24.489505597014926
17,89,111,CulturaX,2157.859375,3,177,False,24.24561095505618
10,44,65,CulturaX,1231.84375,2,134,False,27.996448863636363
9,44,60,CulturaX,1229.953125,2,134,False,27.953480113636363
20,87,123,CulturaX,2273.328125,3,177,False,26.130208333333332
11,43,60,CulturaX,1200.203125,2,134,False,27.911700581395348
15,63,92,CulturaX,1836.125,2,134,False,29.14484126984127
11,44,66,CulturaX,1281.703125,2,134,False,29.129616477272727
23,80,107,CulturaX,2030.90625,3,177,False,25.386328125
33,159,209,CulturaX,3970.046875,5,263,False,24.96884827044025
10,37,52,CulturaX,997.515625,2,134,False,26.959881756756758
14,60,85,CulturaX,1675.25,2,134,False,27.920833333333334
14,66,96,CulturaX,1833.640625,3,177,False,27.78243371212121
10,41,59,CulturaX,1066.765625,2,134,False,26.018673780487806
11,52,73,CulturaX,1317.515625,2,134,False,25.336838942307693
27,112,174,CulturaX,2904.28125,4,220,False,25.931082589285715
19,87,107,CulturaX,2104.34375,3,177,False,24.1878591954023
16,70,99,CulturaX,1842.375,2,134,False,26.319642857142856
29,164,211,CulturaX,3847.0625,5,263,False,23.457698170731707
16,87,121,CulturaX,2424.875,3,177,False,27.87212643678161
8,35,52,CulturaX,1067.21875,2,134,False,30.491964285714285
20,107,150,CulturaX,2859.65625,4,220,False,26.725759345794394
27,114,166,CulturaX,2984.359375,4,220,False,26.17859100877193
25,106,149,CulturaX,2893.9375,4,220,False,27.30129716981132
14,65,88,CulturaX,1717.71875,2,134,False,26.42644230769231
9,38,49,CulturaX,967.0,2,134,False,25.44736842105263
10,42,64,CulturaX,1050.5625,2,134,False,25.013392857142858
36,160,227,CulturaX,4255.640625,5,263,False,26.59775390625
23,97,135,CulturaX,2678.46875,3,177,False,27.613079896907216
7,31,48,CulturaX,821.296875,1,91,True,26.49344758064516
22,106,162,CulturaX,2990.90625,4,220,False,28.21609669811321
13,57,76,CulturaX,1561.9375,2,134,False,27.402412280701753
7,32,39,CulturaX,678.265625,1,91,True,21.19580078125
16,63,79,CulturaX,1468.203125,2,134,False,23.30481150793651
20,82,117,CulturaX,2204.046875,3,177,False,26.87862042682927
31,129,185,CulturaX,3527.84375,4,220,False,27.347625968992247
35,181,259,CulturaX,4835.5625,6,306,False,26.715814917127073
18,84,116,CulturaX,2263.0625,3,177,False,26.941220238095237
7,25,32,CulturaX,699.625,1,91,True,27.985
32,128,167,CulturaX,3253.546875,4,220,False,25.4183349609375
10,50,71,CulturaX,1349.8125,2,134,False,26.99625
8,28,41,CulturaX,717.9375,1,91,True,25.640625
17,66,92,CulturaX,1753.921875,2,134,False,26.574573863636363
9,38,53,CulturaX,1064.40625,2,134,False,28.010690789473685
107,505,722,CulturaX,12897.703125,15,693,False,25.540006188118813
19,75,103,CulturaX,1996.140625,3,177,False,26.61520833333333
22,89,125,CulturaX,2501.0,3,177,False,28.10112359550562
46,211,283,CulturaX,5408.765625,6,306,False,25.63396030805687
18,73,109,CulturaX,1776.078125,2,134,False,24.329837328767123
18,77,106,CulturaX,2033.265625,3,177,False,26.40604707792208
9,32,45,CulturaX,853.53125,1,91,True,26.6728515625
25,109,152,CulturaX,2846.921875,3,177,False,26.118549311926607
27,102,142,CulturaX,2659.8125,3,177,False,26.076593137254903
21,97,136,CulturaX,2751.0625,4,220,False,28.361469072164947
49,248,348,CulturaX,6481.296875,8,392,False,26.134261592741936
8,38,58,CulturaX,1089.046875,2,134,False,28.659128289473685
12,59,84,CulturaX,1531.3125,2,134,False,25.954449152542374
69,319,457,CulturaX,8400.8125,10,478,False,26.334835423197493
10,54,74,CulturaX,1372.609375,2,134,False,25.41869212962963
8,56,74,CulturaX,1374.078125,2,134,False,24.537109375
8,39,60,CulturaX,1030.8125,2,134,False,26.431089743589745
16,59,93,CulturaX,1680.3125,2,134,False,28.47987288135593
13,55,78,CulturaX,1432.890625,2,134,False,26.052556818181817
10,39,55,CulturaX,1038.1875,2,134,False,26.620192307692307
10,42,59,CulturaX,1045.3125,2,134,False,24.888392857142858
72,306,417,CulturaX,8215.546875,10,478,False,26.848192401960784
9,39,52,CulturaX,1033.59375,2,134,False,26.502403846153847
17,68,93,CulturaX,1829.984375,2,134,False,26.911534926470587
12,46,60,CulturaX,1203.390625,2,134,False,26.160665760869566
26,128,190,CulturaX,3439.921875,4,220,False,26.8743896484375
10,43,61,CulturaX,1229.3125,2,134,False,28.588662790697676
34,148,211,CulturaX,4066.15625,5,263,False,27.474028716216218
12,52,73,CulturaX,1303.53125,2,134,False,25.067908653846153
7,31,44,CulturaX,839.015625,1,91,True,27.065020161290324
23,99,138,CulturaX,2682.65625,3,177,False,27.09753787878788
49,222,329,CulturaX,5830.140625,7,349,False,26.261894707207208
20,80,114,CulturaX,2138.71875,3,177,False,26.733984375
15,65,91,CulturaX,1727.734375,2,134,False,26.580528846153847
11,47,65,CulturaX,1228.90625,2,134,False,26.1469414893617
9,30,36,CulturaX,762.203125,1,91,True,25.406770833333333
12,51,69,CulturaX,1246.25,2,134,False,24.436274509803923
15,64,86,CulturaX,1583.984375,2,134,False,24.749755859375
8,30,44,CulturaX,840.75,1,91,True,28.025
13,60,82,CulturaX,1613.65625,2,134,False,26.894270833333334
27,150,211,CulturaX,3893.09375,5,263,False,25.953958333333333
45,217,299,CulturaX,5657.8125,7,349,False,26.07286866359447
9,41,55,CulturaX,1041.015625,2,134,False,25.390625
32,149,215,CulturaX,3882.796875,5,263,False,26.059039429530202
58,258,379,CulturaX,6707.59375,8,392,False,25.9984253875969
16,83,126,CulturaX,2264.90625,3,177,False,27.288027108433734
7,28,38,CulturaX,739.5,1,91,True,26.410714285714285
38,199,274,CulturaX,5258.703125,7,349,False,26.425643844221106
16,66,98,CulturaX,1764.875,2,134,False,26.740530303030305
23,94,127,CulturaX,2418.78125,3,177,False,25.731715425531913
19,82,114,CulturaX,2231.40625,3,177,False,27.212271341463413
31,144,206,CulturaX,3833.203125,5,263,False,26.619466145833332
9,45,61,CulturaX,1144.6875,2,134,False,25.4375
12,49,75,CulturaX,1255.03125,2,134,False,25.612882653061224
19,79,102,CulturaX,1943.8125,3,177,False,24.605221518987342
60,274,386,CulturaX,7352.9375,8,392,False,26.835538321167885
90,399,527,CulturaX,10270.640625,11,521,False,25.74095394736842
16,58,82,CulturaX,1438.125,2,134,False,24.795258620689655
17,70,102,CulturaX,1992.671875,3,177,False,28.466741071428572
7,30,45,CulturaX,871.796875,1,91,True,29.059895833333332
17,68,94,CulturaX,1778.484375,2,134,False,26.154181985294116
23,98,144,CulturaX,2630.984375,3,177,False,26.846779336734695
13,62,90,CulturaX,1732.375,2,134,False,27.941532258064516
7,25,31,CulturaX,527.171875,1,91,True,21.086875
38,181,253,CulturaX,5033.484375,6,306,False,27.80930593922652
9,33,46,CulturaX,931.28125,1,91,True,28.220643939393938
26,112,158,CulturaX,3121.078125,4,220,False,27.866768973214285
27,108,151,CulturaX,2820.203125,4,220,False,26.11299189814815
19,89,129,CulturaX,2417.71875,3,177,False,27.165379213483146
7,29,42,CulturaX,678.78125,1,91,True,23.40625
9,39,56,CulturaX,997.78125,2,134,False,25.584134615384617
28,154,229,CulturaX,4155.5,5,263,False,26.983766233766232
12,54,70,CulturaX,1368.71875,2,134,False,25.34664351851852
15,64,88,CulturaX,1642.828125,2,134,False,25.669189453125
11,50,68,CulturaX,1374.515625,2,134,False,27.4903125
16,71,96,CulturaX,1958.015625,3,177,False,27.577684859154928
37,197,270,CulturaX,4804.921875,6,306,False,24.390466370558375
10,40,63,CulturaX,1076.40625,2,134,False,26.91015625
12,50,69,CulturaX,1306.4375,2,134,False,26.12875
7,27,43,CulturaX,718.390625,1,91,True,26.607060185185187
24,114,161,CulturaX,3228.28125,4,220,False,28.31825657894737
29,133,185,CulturaX,3488.46875,4,220,False,26.22908834586466
13,71,104,CulturaX,1948.921875,3,177,False,27.449603873239436
11,48,67,CulturaX,1234.53125,2,134,False,25.719401041666668
11,53,85,CulturaX,1490.296875,2,134,False,28.11880896226415
24,114,174,CulturaX,3129.875,4,220,False,27.455043859649123
12,50,68,CulturaX,1391.203125,2,134,False,27.8240625
10,39,60,CulturaX,1092.90625,2,134,False,28.02323717948718
7,27,37,CulturaX,802.671875,1,91,True,29.728587962962962
31,230,267,CulturaX,4926.359375,6,306,False,21.418953804347826
117,528,716,CulturaX,13975.84375,16,736,False,26.469401041666668
23,102,141,CulturaX,2602.109375,3,177,False,25.510876225490197
17,74,110,CulturaX,1950.953125,3,177,False,26.36423141891892
15,68,103,CulturaX,1963.859375,3,177,False,28.880284926470587
27,132,191,CulturaX,3613.953125,4,220,False,27.378432765151516
13,51,74,CulturaX,1285.375,2,134,False,25.20343137254902
13,67,99,CulturaX,1874.390625,2,134,False,27.97597947761194
13,56,85,CulturaX,1536.453125,2,134,False,27.436662946428573
53,246,366,CulturaX,6459.640625,8,392,False,26.258701727642276
28,105,144,CulturaX,2940.5,4,220,False,28.004761904761907
32,129,189,CulturaX,3348.765625,4,220,False,25.9594234496124
13,65,98,CulturaX,1832.296875,2,134,False,28.189182692307693
16,73,107,CulturaX,1999.265625,3,177,False,27.387200342465754
16,72,96,CulturaX,1890.109375,3,177,False,26.25151909722222
15,70,99,CulturaX,1877.09375,2,134,False,26.815625
12,47,65,CulturaX,1334.984375,2,134,False,28.403922872340427
17,72,98,CulturaX,1863.71875,2,134,False,25.88498263888889
7,27,41,CulturaX,761.40625,1,91,True,28.20023148148148
31,153,228,CulturaX,4120.46875,5,263,False,26.931168300653596
10,42,57,CulturaX,1087.671875,2,134,False,25.896949404761905
7,27,40,CulturaX,709.90625,1,91,True,26.292824074074073
30,150,216,CulturaX,3747.234375,5,263,False,24.9815625
13,59,81,CulturaX,1542.96875,2,134,False,26.15201271186441
16,79,112,CulturaX,2185.171875,3,177,False,27.660403481012658
11,44,58,CulturaX,1052.296875,2,134,False,23.915838068181817
12,48,62,CulturaX,1235.875,2,134,False,25.747395833333332
21,96,132,CulturaX,2640.53125,3,177,False,27.505533854166668
11,51,71,CulturaX,1396.671875,2,134,False,27.385723039215687
10,42,60,CulturaX,1124.34375,2,134,False,26.770089285714285
26,121,171,CulturaX,3387.359375,4,220,False,27.994705578512395
14,72,103,CulturaX,1888.0625,3,177,False,26.22309027777778
7,29,40,CulturaX,850.1875,1,91,True,29.316810344827587
8,36,51,CulturaX,1012.515625,2,134,False,28.12543402777778
26,100,127,CulturaX,2355.640625,3,177,False,23.55640625
11,49,76,CulturaX,1338.484375,2,134,False,27.316007653061224
10,40,55,CulturaX,1061.0,2,134,False,26.525
8,40,59,CulturaX,1007.5,2,134,False,25.1875
18,63,88,CulturaX,1524.546875,2,134,False,24.199156746031747
11,58,79,CulturaX,1521.125,2,134,False,26.226293103448278
8,26,39,CulturaX,747.90625,1,91,True,28.765625
19,85,113,CulturaX,2247.546875,3,177,False,26.44172794117647
32,155,213,CulturaX,3970.25,5,263,False,25.614516129032257
10,41,55,CulturaX,1045.5625,2,134,False,25.5015243902439
14,70,97,CulturaX,1750.40625,2,134,False,25.005803571428572
20,91,138,CulturaX,2619.90625,3,177,False,28.790178571428573
22,106,146,CulturaX,2913.796875,4,220,False,27.488649764150942
8,35,50,CulturaX,916.25,1,91,True,26.178571428571427
20,93,125,CulturaX,2490.046875,3,177,False,26.77469758064516
7,41,61,CulturaX,1046.734375,2,134,False,25.530106707317074
19,76,105,CulturaX,2067.953125,3,177,False,27.209909539473685
39,183,256,CulturaX,4816.484375,6,306,False,26.31958674863388
18,79,108,CulturaX,2189.3125,3,177,False,27.712816455696203
14,57,81,CulturaX,1493.171875,2,134,False,26.195997807017545
24,119,168,CulturaX,3045.625,4,220,False,25.593487394957982
13,53,68,CulturaX,1248.21875,2,134,False,23.55129716981132
26,113,159,CulturaX,3143.625,4,220,False,27.819690265486727
12,52,79,CulturaX,1520.65625,2,134,False,29.243389423076923
20,81,107,CulturaX,2130.75,3,177,False,26.305555555555557
7,25,37,CulturaX,664.5,1,91,True,26.58
17,61,89,CulturaX,1657.828125,2,134,False,27.17751024590164
10,36,55,CulturaX,960.90625,2,134,False,26.69184027777778
12,56,78,CulturaX,1467.125,2,134,False,26.198660714285715
10,38,51,CulturaX,1009.0625,2,134,False,26.554276315789473
9,37,54,CulturaX,1004.921875,2,134,False,27.160050675675677
8,28,41,CulturaX,812.375,1,91,True,29.013392857142858
17,86,121,CulturaX,2329.25,3,177,False,27.084302325581394
11,50,73,CulturaX,1305.796875,2,134,False,26.1159375
7,32,44,CulturaX,852.015625,1,91,True,26.62548828125
15,66,95,CulturaX,1832.671875,3,177,False,27.767755681818183
14,74,89,CulturaX,1777.828125,3,177,False,24.02470439189189
10,43,64,CulturaX,1187.609375,2,134,False,27.618822674418606
7,30,46,CulturaX,748.984375,1,91,True,24.966145833333332
52,230,326,CulturaX,6112.3125,7,349,False,26.575271739130436
61,307,445,CulturaX,8433.6875,10,478,False,27.471294788273617
27,113,161,CulturaX,3016.09375,4,220,False,26.691095132743364
14,60,87,CulturaX,1594.015625,2,134,False,26.566927083333333
15,72,97,CulturaX,2027.15625,3,177,False,28.154947916666668
9,41,60,CulturaX,1089.171875,2,134,False,26.56516768292683
10,56,81,CulturaX,1550.34375,2,134,False,27.684709821428573
21,102,133,CulturaX,2526.4375,3,177,False,24.768995098039216
7,31,44,CulturaX,836.703125,1,91,True,26.990423387096776
11,50,71,CulturaX,1315.09375,2,134,False,26.301875
7,29,43,CulturaX,816.71875,1,91,True,28.16271551724138
7,40,55,CulturaX,971.03125,2,134,False,24.27578125
18,77,112,CulturaX,2083.15625,3,177,False,27.053977272727273
14,62,85,CulturaX,1635.84375,2,134,False,26.384576612903224
12,60,90,CulturaX,1625.5625,2,134,False,27.092708333333334
12,57,83,CulturaX,1537.3125,2,134,False,26.970394736842106
17,87,121,CulturaX,2351.9375,3,177,False,27.033764367816094
8,31,44,CulturaX,831.484375,1,91,True,26.822076612903224
19,76,109,CulturaX,2123.515625,3,177,False,27.940995065789473
13,46,66,CulturaX,1226.515625,2,134,False,26.663383152173914
18,65,87,CulturaX,1694.25,2,134,False,26.065384615384616
26,115,158,CulturaX,2897.984375,4,220,False,25.199864130434783
14,70,87,CulturaX,1662.09375,2,134,False,23.744196428571428
8,32,44,CulturaX,848.40625,1,91,True,26.5126953125
7,24,33,CulturaX,681.765625,1,91,True,28.406901041666668
7,35,52,CulturaX,982.46875,2,134,False,28.070535714285715
14,63,89,CulturaX,1666.34375,2,134,False,26.449900793650794
11,55,80,CulturaX,1425.234375,2,134,False,25.913352272727273
21,86,117,CulturaX,2293.484375,3,177,False,26.668422965116278
23,113,162,CulturaX,3031.890625,4,220,False,26.830890486725664
16,77,108,CulturaX,2003.875,3,177,False,26.024350649350648
11,46,60,CulturaX,1240.421875,2,134,False,26.96569293478261
8,29,39,CulturaX,765.0625,1,91,True,26.38146551724138
11,35,51,CulturaX,1029.390625,2,134,False,29.411160714285714
9,42,59,CulturaX,1220.96875,2,134,False,29.070684523809526
15,62,83,CulturaX,1612.53125,2,134,False,26.008568548387096
26,109,156,CulturaX,2906.28125,4,220,False,26.663130733944953
19,86,124,CulturaX,2338.1875,3,177,False,27.188226744186046
25,105,146,CulturaX,2723.453125,3,177,False,25.93764880952381
7,28,39,CulturaX,780.65625,1,91,True,27.880580357142858
10,40,61,CulturaX,1138.8125,2,134,False,28.4703125
25,123,179,CulturaX,3369.265625,4,220,False,27.39240345528455
12,50,64,CulturaX,1317.40625,2,134,False,26.348125
37,161,234,CulturaX,4297.328125,5,263,False,26.69147903726708
18,72,104,CulturaX,1886.265625,2,134,False,26.198133680555557
29,122,170,CulturaX,3210.46875,4,220,False,26.31531762295082
10,46,63,CulturaX,1265.484375,2,134,False,27.510529891304348
28,124,188,CulturaX,3304.0,4,220,False,26.64516129032258
9,38,51,CulturaX,1024.515625,2,134,False,26.9609375
15,67,94,CulturaX,1837.4375,2,134,False,27.424440298507463
11,42,63,CulturaX,1124.1875,2,134,False,26.766369047619047
10,41,57,CulturaX,1167.15625,2,134,False,28.4672256097561
12,58,81,CulturaX,1570.9375,2,134,False,27.08512931034483
24,115,165,CulturaX,3136.125,4,220,False,27.270652173913042
32,147,206,CulturaX,4088.90625,5,263,False,27.815688775510203
41,189,273,CulturaX,4956.65625,6,306,False,26.225694444444443
8,42,63,CulturaX,1164.09375,2,134,False,27.716517857142858
14,71,107,CulturaX,1876.671875,2,134,False,26.43199823943662
16,59,82,CulturaX,1438.921875,2,134,False,24.388506355932204
28,128,172,CulturaX,3258.296875,4,220,False,25.4554443359375
8,41,59,CulturaX,1088.28125,2,134,False,26.54344512195122
13,58,80,CulturaX,1481.0625,2,134,False,25.535560344827587
7,28,36,CulturaX,756.71875,1,91,True,27.025669642857142
10,46,67,CulturaX,1316.46875,2,134,False,28.61888586956522
12,46,61,CulturaX,1227.75,2,134,False,26.690217391304348
11,50,68,CulturaX,1196.890625,2,134,False,23.9378125
11,51,74,CulturaX,1341.8125,2,134,False,26.310049019607842
19,78,111,CulturaX,1979.65625,3,177,False,25.380208333333332
10,37,55,CulturaX,1080.8125,2,134,False,29.21114864864865
16,76,105,CulturaX,1970.75,3,177,False,25.93092105263158
28,118,156,CulturaX,3068.859375,4,220,False,26.007282838983052
29,121,173,CulturaX,3289.34375,4,220,False,27.18465909090909
8,38,53,CulturaX,1035.828125,2,134,False,27.25863486842105
13,57,88,CulturaX,1689.859375,2,134,False,29.646655701754387
13,56,73,CulturaX,1526.859375,2,134,False,27.265345982142858
13,61,88,CulturaX,1592.328125,2,134,False,26.10373975409836
21,79,112,CulturaX,2150.25,3,177,False,27.218354430379748
13,65,91,CulturaX,1739.0,2,134,False,26.753846153846155
28,124,179,CulturaX,3275.265625,4,220,False,26.41343245967742
15,70,98,CulturaX,1813.546875,2,134,False,25.9078125
26,98,135,CulturaX,2526.1875,3,177,False,25.777423469387756
38,185,268,CulturaX,4863.84375,6,306,False,26.291047297297297
24,115,160,CulturaX,2990.53125,4,220,False,26.004619565217393
9,40,56,CulturaX,1156.40625,2,134,False,28.91015625
19,77,106,CulturaX,2153.5625,3,177,False,27.968344155844157
9,42,72,CulturaX,1186.015625,2,134,False,28.238467261904763
11,51,72,CulturaX,1406.796875,2,134,False,27.584252450980394
10,49,67,CulturaX,1271.9375,2,134,False,25.957908163265305
48,210,292,CulturaX,5636.953125,7,349,False,26.842633928571427
23,107,155,CulturaX,2778.375,4,220,False,25.9661214953271
14,59,79,CulturaX,1608.640625,2,134,False,27.265095338983052
10,38,52,CulturaX,956.15625,1,91,True,25.16200657894737
12,55,76,CulturaX,1452.84375,2,134,False,26.415340909090908
18,71,97,CulturaX,1883.90625,3,177,False,26.533890845070424
16,75,106,CulturaX,2075.640625,3,177,False,27.675208333333334
24,107,149,CulturaX,2866.609375,4,220,False,26.790741822429908
32,147,210,CulturaX,3747.5,4,220,False,25.493197278911566
36,161,228,CulturaX,4356.671875,5,263,False,27.060073757763973
24,110,161,CulturaX,2847.25,4,220,False,25.884090909090908
16,70,88,CulturaX,1745.828125,2,134,False,24.940401785714286
42,209,304,CulturaX,5686.125,7,349,False,27.20633971291866
10,42,56,CulturaX,1105.65625,2,134,False,26.32514880952381
10,45,64,CulturaX,1302.5625,2,134,False,28.945833333333333
8,28,41,CulturaX,698.6875,1,91,True,24.953125
15,57,76,CulturaX,1517.125,2,134,False,26.61622807017544
7,27,36,CulturaX,713.9375,1,91,True,26.44212962962963
28,133,187,CulturaX,3585.390625,4,220,False,26.9578242481203
8,33,49,CulturaX,981.375,2,134,False,29.738636363636363
9,42,58,CulturaX,1083.890625,2,134,False,25.806919642857142
10,50,71,CulturaX,1379.09375,2,134,False,27.581875
13,70,104,CulturaX,1933.40625,3,177,False,27.620089285714286
23,91,126,CulturaX,2279.09375,3,177,False,25.044986263736263
22,93,130,CulturaX,2312.1875,3,177,False,24.8622311827957
15,74,103,CulturaX,1931.265625,3,177,False,26.09818412162162
21,99,143,CulturaX,2664.703125,3,177,False,26.916193181818183
8,36,57,CulturaX,1014.4375,2,134,False,28.178819444444443
12,70,96,CulturaX,1856.71875,2,134,False,26.524553571428573
15,60,80,CulturaX,1633.984375,2,134,False,27.233072916666668
17,73,104,CulturaX,1934.53125,3,177,False,26.50042808219178
7,35,55,CulturaX,989.765625,2,134,False,28.279017857142858
18,85,121,CulturaX,2322.15625,3,177,False,27.319485294117648
16,73,104,CulturaX,1919.703125,3,177,False,26.29730308219178
15,63,86,CulturaX,1671.765625,2,134,False,26.5359623015873
13,46,54,CulturaX,1009.921875,2,134,False,21.95482336956522
9,31,48,CulturaX,853.875,1,91,True,27.544354838709676
20,93,141,CulturaX,2602.984375,3,177,False,27.989079301075268
22,107,155,CulturaX,2926.734375,4,220,False,27.352657710280372
13,64,89,CulturaX,1732.671875,2,134,False,27.072998046875
19,85,122,CulturaX,2274.0625,3,177,False,26.753676470588236
24,110,156,CulturaX,2911.625,4,220,False,26.46931818181818
28,122,162,CulturaX,3101.03125,4,220,False,25.41828893442623
13,56,76,CulturaX,1534.578125,2,134,False,27.403180803571427
23,116,165,CulturaX,3020.578125,4,220,False,26.039466594827587
23,138,187,CulturaX,3525.84375,4,220,False,25.549592391304348
29,128,182,CulturaX,3563.109375,4,220,False,27.8367919921875
35,154,216,CulturaX,4056.53125,5,263,False,26.34111201298701
16,70,97,CulturaX,1840.984375,2,134,False,26.299776785714286
11,42,61,CulturaX,1142.921875,2,134,False,27.212425595238095
11,59,85,CulturaX,1588.53125,2,134,False,26.92425847457627
22,98,140,CulturaX,2784.640625,4,220,False,28.41470025510204
19,88,134,CulturaX,2465.390625,3,177,False,28.015802556818183
23,106,146,CulturaX,2877.125,4,220,False,27.142688679245282
15,70,100,CulturaX,2024.4375,3,177,False,28.920535714285716
51,226,315,CulturaX,6060.15625,7,349,False,26.814850663716815
18,77,111,CulturaX,2135.3125,3,177,False,27.73133116883117
22,108,153,CulturaX,2879.1875,4,220,False,26.65914351851852
14,62,86,CulturaX,1693.28125,2,134,False,27.310987903225808
16,71,103,CulturaX,1879.296875,3,177,False,26.468970070422536
15,64,98,CulturaX,1741.96875,2,134,False,27.21826171875
9,28,40,CulturaX,743.265625,1,91,True,26.545200892857142
33,134,198,CulturaX,3390.90625,4,220,False,25.30527052238806
9,43,59,CulturaX,1090.9375,2,134,False,25.370639534883722
7,23,32,CulturaX,645.71875,1,91,True,28.074728260869566
17,87,123,CulturaX,2285.140625,3,177,False,26.2659841954023
19,81,118,CulturaX,2283.328125,3,177,False,28.18923611111111
12,50,67,CulturaX,1442.578125,2,134,False,28.8515625
28,115,147,CulturaX,2926.84375,4,220,False,25.450815217391305
7,24,31,CulturaX,607.796875,1,91,True,25.324869791666668
22,87,123,CulturaX,2410.65625,3,177,False,27.708692528735632
9,49,64,CulturaX,1187.546875,2,134,False,24.23565051020408
7,31,46,CulturaX,808.984375,1,91,True,26.096270161290324
24,104,152,CulturaX,2811.78125,3,177,False,27.036358173076923
16,73,98,CulturaX,1971.65625,3,177,False,27.008989726027398
34,136,182,CulturaX,3487.421875,4,220,False,25.642807904411764
22,102,150,CulturaX,2769.3125,4,220,False,27.150122549019606
20,95,141,CulturaX,2630.75,3,177,False,27.692105263157895
41,181,259,CulturaX,4729.78125,6,306,False,26.131388121546962
14,56,74,CulturaX,1454.09375,2,134,False,25.965959821428573
8,41,60,CulturaX,1068.390625,2,134,False,26.05830792682927
27,116,162,CulturaX,3092.8125,4,220,False,26.662176724137932
11,42,55,CulturaX,1051.03125,2,134,False,25.024553571428573
7,25,36,CulturaX,715.09375,1,91,True,28.60375
9,48,68,CulturaX,1294.203125,2,134,False,26.962565104166668
15,77,114,CulturaX,2114.03125,3,177,False,27.4549512987013
9,44,64,CulturaX,1257.671875,2,134,False,28.583451704545453
20,94,134,CulturaX,2489.890625,3,177,False,26.48819813829787
15,71,105,CulturaX,1881.328125,3,177,False,26.497579225352112
20,99,148,CulturaX,2576.296875,3,177,False,26.023200757575758
56,258,366,CulturaX,6574.703125,8,392,False,25.483345445736433
17,67,91,CulturaX,1659.234375,2,134,False,24.764692164179106
21,92,128,CulturaX,2458.703125,3,177,False,26.725033967391305
21,86,114,CulturaX,2292.40625,3,177,False,26.655886627906977
8,25,37,CulturaX,721.921875,1,91,True,28.876875
46,200,289,CulturaX,5205.96875,6,306,False,26.02984375
11,49,63,CulturaX,1160.1875,2,134,False,23.677295918367346
28,119,167,CulturaX,3286.890625,4,220,False,27.620929621848738
7,35,47,CulturaX,909.21875,1,91,True,25.977678571428573
17,87,119,CulturaX,2332.59375,3,177,False,26.811422413793103
9,41,56,CulturaX,1078.875,2,134,False,26.3140243902439
8,28,39,CulturaX,710.984375,1,91,True,25.392299107142858
7,24,33,CulturaX,610.953125,1,91,True,25.456380208333332
20,86,123,CulturaX,2314.6875,3,177,False,26.91497093023256
31,143,200,CulturaX,3680.515625,5,263,False,25.737871503496503
21,103,144,CulturaX,2799.390625,4,220,False,27.178549757281555
14,63,92,CulturaX,1759.734375,2,134,False,27.932291666666668
12,60,91,CulturaX,1700.625,2,134,False,28.34375
58,267,361,CulturaX,7259.46875,9,435,False,27.189021535580526
11,50,64,CulturaX,1249.25,2,134,False,24.985
21,101,144,CulturaX,2689.8125,4,220,False,26.63180693069307
7,33,50,CulturaX,817.796875,1,91,True,24.781723484848484
9,46,67,CulturaX,1280.390625,2,134,False,27.834578804347824
18,62,90,CulturaX,1617.765625,2,134,False,26.092993951612904
11,49,73,CulturaX,1371.140625,2,134,False,27.982461734693878
14,70,100,CulturaX,1944.328125,3,177,False,27.77611607142857
36,170,236,CulturaX,4578.28125,6,306,False,26.931066176470587
8,36,52,CulturaX,1001.65625,2,134,False,27.82378472222222
7,34,43,CulturaX,886.421875,1,91,True,26.071231617647058
14,64,91,CulturaX,1734.890625,2,134,False,27.107666015625
9,41,61,CulturaX,1261.78125,2,134,False,30.77515243902439
15,71,99,CulturaX,1982.109375,3,177,False,27.917033450704224
20,100,143,CulturaX,2768.609375,4,220,False,27.68609375
37,188,244,CulturaX,4600.328125,5,263,False,24.46983045212766
11,44,62,CulturaX,1231.03125,2,134,False,27.977982954545453
19,81,112,CulturaX,2188.796875,3,177,False,27.02218364197531
8,50,55,CulturaX,1080.21875,2,134,False,21.604375
10,41,61,CulturaX,1179.953125,2,134,False,28.779344512195124
10,43,59,CulturaX,1223.71875,2,134,False,28.458575581395348
10,44,62,CulturaX,1055.703125,2,134,False,23.99325284090909
20,81,109,CulturaX,2184.359375,3,177,False,26.967399691358025
11,40,54,CulturaX,1070.90625,2,134,False,26.77265625
20,99,150,CulturaX,2782.828125,3,177,False,28.109375
8,41,61,CulturaX,1167.046875,2,134,False,28.46455792682927
17,72,102,CulturaX,1888.46875,3,177,False,26.22873263888889
37,152,202,CulturaX,3824.65625,5,263,False,25.16221217105263
33,163,221,CulturaX,4175.078125,5,263,False,25.613976226993866
13,55,82,CulturaX,1470.078125,2,134,False,26.728693181818183
10,41,57,CulturaX,1083.765625,2,134,False,26.43330792682927
11,43,64,CulturaX,1244.1875,2,134,False,28.934593023255815
17,95,141,CulturaX,2645.4375,3,177,False,27.84671052631579
11,43,64,CulturaX,1194.34375,2,134,False,27.77543604651163
35,154,226,CulturaX,4010.3125,5,263,False,26.04099025974026
10,50,73,CulturaX,1307.328125,2,134,False,26.1465625
8,36,49,CulturaX,917.5,1,91,True,25.48611111111111
8,27,37,CulturaX,698.265625,1,91,True,25.861689814814813
15,64,93,CulturaX,1725.65625,2,134,False,26.96337890625
13,57,81,CulturaX,1526.421875,2,134,False,26.779331140350877
8,35,47,CulturaX,966.6875,2,134,False,27.619642857142857
7,24,31,CulturaX,620.875,1,91,True,25.869791666666668
34,141,203,CulturaX,3930.21875,5,263,False,27.87389184397163
8,36,45,CulturaX,805.625,1,91,True,22.37847222222222
10,40,51,CulturaX,953.078125,1,91,True,23.826953125
12,41,58,CulturaX,1175.171875,2,134,False,28.662728658536587
9,52,66,CulturaX,1215.609375,2,134,False,23.377103365384617
26,116,161,CulturaX,2934.59375,4,220,False,25.29822198275862
17,82,118,CulturaX,2322.359375,3,177,False,28.321455792682926
15,61,90,CulturaX,1724.09375,2,134,False,28.263831967213115
34,160,227,CulturaX,4358.65625,5,263,False,27.2416015625
29,122,162,CulturaX,3326.859375,4,220,False,27.26933913934426
14,57,74,CulturaX,1498.96875,2,134,False,26.29769736842105
18,74,103,CulturaX,1955.953125,3,177,False,26.431798986486488
32,134,179,CulturaX,3314.515625,4,220,False,24.735191231343283
8,39,55,CulturaX,1025.03125,2,134,False,26.282852564102566
44,191,271,CulturaX,5087.1875,6,306,False,26.63448952879581
27,133,191,CulturaX,3584.84375,5,263,False,26.953712406015036
41,198,277,CulturaX,5441.21875,6,306,False,27.48090277777778
17,73,102,CulturaX,2017.703125,3,177,False,27.639768835616437
40,167,229,CulturaX,4352.359375,5,263,False,26.06203218562874
8,33,43,CulturaX,814.25,1,91,True,24.674242424242426
23,98,140,CulturaX,2622.40625,3,177,False,26.759247448979593
21,94,141,CulturaX,2553.203125,3,177,False,27.161735372340427
44,199,277,CulturaX,5048.84375,6,306,False,25.371074120603016
11,48,67,CulturaX,1293.09375,2,134,False,26.939453125
8,42,60,CulturaX,1124.78125,2,134,False,26.780505952380953
18,93,130,CulturaX,2318.59375,3,177,False,24.931115591397848
8,31,43,CulturaX,869.234375,1,91,True,28.039818548387096
9,40,58,CulturaX,1140.109375,2,134,False,28.502734375
11,49,68,CulturaX,1373.046875,2,134,False,28.021364795918366
7,34,51,CulturaX,851.1875,1,91,True,25.034926470588236
30,152,215,CulturaX,3789.265625,5,263,False,24.929379111842106
8,34,47,CulturaX,859.25,1,91,True,25.272058823529413
29,123,183,CulturaX,3220.765625,4,220,False,26.18508638211382
47,225,322,CulturaX,5833.65625,7,349,False,25.92736111111111
29,147,216,CulturaX,4042.171875,5,263,False,27.497767857142858
14,63,91,CulturaX,1581.5,2,134,False,25.103174603174605
21,92,132,CulturaX,2607.640625,3,177,False,28.343919836956523
9,41,55,CulturaX,1085.546875,2,134,False,26.476753048780488
24,100,141,CulturaX,2677.328125,3,177,False,26.77328125
21,86,115,CulturaX,2176.921875,3,177,False,25.313045058139537
10,45,61,CulturaX,1205.578125,2,134,False,26.790625
9,39,53,CulturaX,1023.078125,2,134,False,26.232772435897434
12,49,66,CulturaX,1262.359375,2,134,False,25.762436224489797
8,44,58,CulturaX,1066.953125,2,134,False,24.24893465909091
17,67,93,CulturaX,1757.046875,2,134,False,26.224580223880597
16,72,101,CulturaX,2070.25,3,177,False,28.75347222222222
23,108,162,CulturaX,2908.453125,4,220,False,26.93012152777778
23,101,138,CulturaX,2618.109375,3,177,False,25.921875
26,106,143,CulturaX,2781.8125,3,177,False,26.243514150943398
8,33,47,CulturaX,1045.1875,2,134,False,31.672348484848484
12,51,67,CulturaX,1168.921875,2,134,False,22.920036764705884
7,27,39,CulturaX,701.25,1,91,True,25.97222222222222
18,90,122,CulturaX,2270.390625,3,177,False,25.2265625
18,80,110,CulturaX,2182.09375,3,177,False,27.276171875
18,82,115,CulturaX,2247.40625,3,177,False,27.407393292682926
51,210,310,CulturaX,5589.9375,6,306,False,26.61875
14,61,88,CulturaX,1641.59375,2,134,False,26.911372950819672
8,38,55,CulturaX,1004.5625,2,134,False,26.435855263157894
26,109,144,CulturaX,2936.09375,4,220,False,26.93663990825688
26,102,151,CulturaX,2833.40625,4,220,False,27.778492647058822
9,44,63,CulturaX,1374.890625,2,134,False,31.247514204545453
130,559,798,CulturaX,15167.21875,17,779,False,27.132770572450806
19,84,115,CulturaX,2255.5,3,177,False,26.851190476190474
14,65,84,CulturaX,1635.625,2,134,False,25.16346153846154
39,168,239,CulturaX,4298.171875,5,263,False,25.584356398809526
12,45,61,CulturaX,1182.9375,2,134,False,26.2875
23,116,166,CulturaX,3157.921875,4,220,False,27.22346443965517
20,82,105,CulturaX,2122.515625,3,177,False,25.8843368902439
34,149,216,CulturaX,4090.3125,5,263,False,27.451761744966444
16,67,94,CulturaX,1755.171875,2,134,False,26.19659514925373
9,39,53,CulturaX,945.6875,1,91,True,24.248397435897434
11,45,63,CulturaX,1293.796875,2,134,False,28.751041666666666
33,155,213,CulturaX,4047.109375,5,263,False,26.110383064516128
13,53,69,CulturaX,1407.171875,2,134,False,26.550412735849058
21,83,115,CulturaX,2154.453125,3,177,False,25.95726656626506
13,57,83,CulturaX,1663.59375,2,134,False,29.185855263157894
25,118,153,CulturaX,2976.140625,4,220,False,25.221530720338983
10,42,56,CulturaX,1152.421875,2,134,False,27.438616071428573
9,37,47,CulturaX,932.796875,1,91,True,25.21072635135135
21,118,180,CulturaX,3186.921875,4,220,False,27.0078125
16,75,105,CulturaX,1957.859375,3,177,False,26.104791666666667
10,34,48,CulturaX,740.078125,1,91,True,21.767003676470587
7,28,36,CulturaX,792.6875,1,91,True,28.310267857142858
10,48,69,CulturaX,1369.015625,2,134,False,28.521158854166668
7,31,42,CulturaX,918.6875,1,91,True,29.635080645161292
19,92,134,CulturaX,2496.671875,3,177,False,27.13773777173913
15,62,83,CulturaX,1616.6875,2,134,False,26.075604838709676
10,51,68,CulturaX,1283.71875,2,134,False,25.170955882352942
34,175,239,CulturaX,4793.046875,6,306,False,27.388839285714287
26,111,160,CulturaX,2958.234375,4,220,False,26.650760135135137
43,198,284,CulturaX,5377.265625,6,306,False,27.157907196969695
11,50,72,CulturaX,1389.703125,2,134,False,27.7940625
19,74,104,CulturaX,2017.609375,3,177,False,27.264991554054053
11,45,68,CulturaX,1242.875,2,134,False,27.619444444444444
14,61,88,CulturaX,1742.8125,2,134,False,28.570696721311474
7,27,39,CulturaX,784.453125,1,91,True,29.053819444444443
86,406,573,CulturaX,11190.28125,13,607,False,27.56226908866995
20,87,123,CulturaX,2265.328125,3,177,False,26.03825431034483
10,47,69,CulturaX,1268.0,2,134,False,26.97872340425532
11,49,70,CulturaX,1366.625,2,134,False,27.89030612244898
15,65,93,CulturaX,1845.484375,2,134,False,28.392067307692308
10,44,64,CulturaX,1141.421875,2,134,False,25.94140625
28,123,169,CulturaX,3324.171875,4,220,False,27.025787601626018
21,87,114,CulturaX,2247.40625,3,177,False,25.832255747126435
12,52,73,CulturaX,1457.96875,2,134,False,28.037860576923077
9,41,55,CulturaX,1098.25,2,134,False,26.786585365853657
27,145,217,CulturaX,3652.296875,5,263,False,25.188254310344828
15,60,83,CulturaX,1690.671875,2,134,False,28.177864583333335
37,158,229,CulturaX,4288.796875,5,263,False,27.144284018987342
7,27,40,CulturaX,710.65625,1,91,True,26.32060185185185
22,97,135,CulturaX,2591.84375,3,177,False,26.720038659793815
33,136,195,CulturaX,3597.59375,4,220,False,26.452895220588236
10,46,66,CulturaX,1243.75,2,134,False,27.03804347826087
14,70,105,CulturaX,2040.65625,3,177,False,29.152232142857144
15,63,89,CulturaX,1640.078125,2,134,False,26.03298611111111
9,51,68,CulturaX,1397.40625,2,134,False,27.400122549019606
14,59,79,CulturaX,1664.4375,2,134,False,28.21080508474576
7,32,47,CulturaX,877.09375,1,91,True,27.4091796875
23,114,161,CulturaX,3031.65625,4,220,False,26.593475877192983
12,42,58,CulturaX,1154.5625,2,134,False,27.489583333333332
39,166,227,CulturaX,4431.4375,5,263,False,26.695406626506024
17,71,102,CulturaX,1839.140625,3,177,False,25.903389084507044
16,80,123,CulturaX,2244.21875,3,177,False,28.052734375
17,72,103,CulturaX,1933.5,3,177,False,26.854166666666668
8,37,54,CulturaX,1032.765625,2,134,False,27.91258445945946
27,152,217,CulturaX,4099.484375,5,263,False,26.970291940789473
8,32,40,CulturaX,832.296875,1,91,True,26.00927734375
14,74,107,CulturaX,2116.71875,3,177,False,28.60430743243243
9,45,63,CulturaX,1360.984375,2,134,False,30.244097222222223
10,44,56,CulturaX,1199.5,2,134,False,27.261363636363637
38,207,271,CulturaX,5134.171875,6,306,False,24.80276268115942
7,31,34,CulturaX,642.078125,1,91,True,20.71219758064516
30,135,201,CulturaX,3631.78125,4,220,False,26.902083333333334
31,157,228,CulturaX,4265.625,5,263,False,27.169585987261147
10,31,38,CulturaX,790.15625,1,91,True,25.48891129032258
7,29,44,CulturaX,770.03125,1,91,True,26.552801724137932
11,55,75,CulturaX,1432.515625,2,134,False,26.045738636363637
25,121,175,CulturaX,3139.3125,4,220,False,25.944731404958677
10,37,46,CulturaX,894.015625,1,91,True,24.16258445945946
39,181,254,CulturaX,4771.234375,6,306,False,26.36041091160221
8,34,48,CulturaX,916.34375,1,91,True,26.951286764705884
7,25,37,CulturaX,691.546875,1,91,True,27.661875
11,46,59,CulturaX,1232.21875,2,134,False,26.78736413043478
13,54,77,CulturaX,1468.515625,2,134,False,27.194733796296298
18,89,118,CulturaX,2205.84375,3,177,False,24.784761235955056
31,124,174,CulturaX,3496.6875,4,220,False,28.199092741935484
18,83,119,CulturaX,2406.125,3,177,False,28.9894578313253
7,35,49,CulturaX,928.140625,1,91,True,26.51830357142857
37,208,257,CulturaX,4951.296875,6,306,False,23.80431189903846
15,57,77,CulturaX,1510.09375,2,134,False,26.492872807017545
16,66,98,CulturaX,1963.265625,3,177,False,29.746448863636363
48,217,303,CulturaX,5536.1875,7,349,False,25.51238479262673
8,31,43,CulturaX,823.703125,1,91,True,26.571068548387096
8,31,46,CulturaX,897.4375,1,91,True,28.949596774193548
7,27,37,CulturaX,701.625,1,91,True,25.98611111111111
39,181,255,CulturaX,4902.34375,6,306,False,27.084772099447513
7,31,45,CulturaX,869.1875,1,91,True,28.038306451612904
13,53,77,CulturaX,1458.25,2,134,False,27.514150943396228
15,72,106,CulturaX,2010.921875,3,177,False,27.92947048611111
22,114,171,CulturaX,3207.515625,4,220,False,28.13610197368421
25,109,155,CulturaX,2985.921875,4,220,False,27.39377866972477
17,63,91,CulturaX,1666.75,2,134,False,26.456349206349206
19,76,105,CulturaX,1983.71875,3,177,False,26.1015625
10,46,61,CulturaX,1217.890625,2,134,False,26.475883152173914
7,31,41,CulturaX,838.1875,1,91,True,27.038306451612904
8,32,45,CulturaX,904.671875,1,91,True,28.27099609375
10,35,54,CulturaX,910.453125,1,91,True,26.01294642857143
14,66,96,CulturaX,1692.359375,2,134,False,25.64180871212121
17,68,104,CulturaX,1889.140625,3,177,False,27.781479779411764
9,42,64,CulturaX,1244.171875,2,134,False,29.62313988095238
9,45,56,CulturaX,1060.265625,2,134,False,23.561458333333334
32,136,193,CulturaX,3495.703125,4,220,False,25.703699448529413
10,44,62,CulturaX,1064.125,2,134,False,24.18465909090909
16,74,108,CulturaX,1902.140625,3,177,False,25.70460304054054
21,96,132,CulturaX,2451.5,3,177,False,25.536458333333332
7,39,56,CulturaX,1030.171875,2,134,False,26.41466346153846
24,111,147,CulturaX,2872.0,4,220,False,25.873873873873872
14,64,89,CulturaX,1687.125,2,134,False,26.361328125
14,49,69,CulturaX,1276.84375,2,134,False,26.058035714285715
7,21,27,CulturaX,564.515625,1,91,True,26.881696428571427
8,39,53,CulturaX,1009.390625,2,134,False,25.881810897435898
12,63,80,CulturaX,1405.0,2,134,False,22.3015873015873
7,30,42,CulturaX,778.296875,1,91,True,25.943229166666665
18,73,103,CulturaX,1970.125,3,177,False,26.988013698630137
21,97,138,CulturaX,2569.578125,3,177,False,26.490496134020617
34,165,245,CulturaX,4596.453125,6,306,False,27.857291666666665
7,32,50,CulturaX,881.421875,1,91,True,27.54443359375
22,90,119,CulturaX,2313.015625,3,177,False,25.70017361111111
7,26,38,CulturaX,680.671875,1,91,True,26.1796875
10,45,65,CulturaX,1207.984375,2,134,False,26.84409722222222
20,92,124,CulturaX,2337.234375,3,177,False,25.404721467391305
10,48,65,CulturaX,1295.75,2,134,False,26.994791666666668
15,66,92,CulturaX,1807.390625,2,134,False,27.384706439393938
11,53,66,CulturaX,1190.0625,2,134,False,22.454009433962263
44,181,247,CulturaX,4804.578125,6,306,False,26.54463052486188
28,131,189,CulturaX,3426.578125,4,220,False,26.157084923664122
18,72,93,CulturaX,1819.96875,2,134,False,25.27734375
11,50,77,CulturaX,1473.8125,2,134,False,29.47625
13,61,86,CulturaX,1831.828125,2,134,False,30.029969262295083
11,51,71,CulturaX,1345.578125,2,134,False,26.383884803921568
20,92,137,CulturaX,2513.25,3,177,False,27.317934782608695
11,42,58,CulturaX,1049.09375,2,134,False,24.97842261904762
14,71,104,CulturaX,1858.90625,3,177,False,26.181778169014084
13,59,79,CulturaX,1570.984375,2,134,False,26.626853813559322
14,66,97,CulturaX,1923.125,3,177,False,29.138257575757574
9,35,51,CulturaX,839.90625,1,91,True,23.99732142857143
21,93,129,CulturaX,2206.0625,3,177,False,23.721102150537636
19,89,131,CulturaX,2087.828125,3,177,False,23.45874297752809
8,33,48,CulturaX,895.984375,1,91,True,27.151041666666668
20,101,140,CulturaX,2700.375,4,220,False,26.736386138613863
15,56,79,CulturaX,1476.8125,2,134,False,26.371651785714285
9,42,54,CulturaX,1101.015625,2,134,False,26.214657738095237
12,48,64,CulturaX,1301.34375,2,134,False,27.111328125
41,168,227,CulturaX,4291.328125,5,263,False,25.543619791666668
12,61,88,CulturaX,1696.3125,2,134,False,27.80840163934426
9,38,51,CulturaX,978.859375,2,134,False,25.759457236842106
15,79,115,CulturaX,2056.53125,3,177,False,26.032041139240505
19,88,131,CulturaX,2324.265625,3,177,False,26.412109375
34,155,224,CulturaX,4051.015625,5,263,False,26.135584677419356
9,40,58,CulturaX,1057.46875,2,134,False,26.43671875
7,33,51,CulturaX,899.765625,1,91,True,27.265625
10,35,49,CulturaX,926.78125,1,91,True,26.479464285714286
22,122,158,CulturaX,2975.6875,4,220,False,24.390881147540984
32,128,182,CulturaX,3332.546875,4,220,False,26.0355224609375
19,84,123,CulturaX,2290.515625,3,177,False,27.268043154761905
37,184,263,CulturaX,4994.21875,6,306,False,27.14249320652174
8,32,49,CulturaX,819.96875,1,91,True,25.6240234375
11,53,77,CulturaX,1412.046875,2,134,False,26.64239386792453
18,77,111,CulturaX,2104.84375,3,177,False,27.335633116883116
100,470,682,CulturaX,12570.703125,15,693,False,26.74617686170213
8,41,63,CulturaX,1051.484375,2,134,False,25.645960365853657
27,143,172,CulturaX,3208.46875,4,220,False,22.436844405594407
43,208,289,CulturaX,5485.046875,7,349,False,26.37041766826923
18,78,109,CulturaX,2103.453125,3,177,False,26.967347756410255
8,37,55,CulturaX,1013.03125,2,134,False,27.379222972972972
21,95,131,CulturaX,2383.3125,3,177,False,25.0875
30,134,197,CulturaX,3625.921875,4,220,False,27.059118470149254
10,37,56,CulturaX,1066.125,2,134,False,28.81418918918919
19,85,120,CulturaX,2267.078125,3,177,False,26.671507352941177
15,76,107,CulturaX,2010.453125,3,177,False,26.453330592105264
11,53,72,CulturaX,1366.390625,2,134,False,25.780955188679247
23,107,160,CulturaX,2852.03125,4,220,False,26.654497663551403
42,199,298,CulturaX,5356.8125,6,306,False,26.918655778894472
7,30,44,CulturaX,792.328125,1,91,True,26.4109375
8,30,38,CulturaX,857.28125,1,91,True,28.576041666666665
8,38,58,CulturaX,1083.1875,2,134,False,28.504934210526315
12,54,79,CulturaX,1469.03125,2,134,False,27.20428240740741
25,107,152,CulturaX,2833.859375,4,220,False,26.484667056074766
12,58,78,CulturaX,1599.953125,2,134,False,27.58539870689655
26,96,129,CulturaX,2399.15625,3,177,False,24.9912109375
20,95,131,CulturaX,2479.578125,3,177,False,26.100822368421053
32,138,202,CulturaX,3843.421875,5,263,False,27.850883152173914
14,55,69,CulturaX,1411.28125,2,134,False,25.65965909090909
8,34,50,CulturaX,952.453125,1,91,True,28.01332720588235
8,34,49,CulturaX,944.578125,1,91,True,27.78170955882353
9,32,41,CulturaX,818.78125,1,91,True,25.5869140625
13,57,79,CulturaX,1548.140625,2,134,False,27.160361842105264
21,118,174,CulturaX,3301.71875,4,220,False,27.980667372881356
7,30,43,CulturaX,829.71875,1,91,True,27.657291666666666
17,81,119,CulturaX,2201.671875,3,177,False,27.18113425925926
7,38,60,CulturaX,1011.515625,2,134,False,26.618832236842106
17,79,113,CulturaX,2133.546875,3,177,False,27.006922468354432
12,46,64,CulturaX,1259.765625,2,134,False,27.386209239130434
100,416,603,CulturaX,11006.765625,12,564,False,26.458571213942307
14,60,78,CulturaX,1595.953125,2,134,False,26.59921875
24,109,158,CulturaX,2745.125,3,177,False,25.184633027522935
19,89,123,CulturaX,2484.28125,3,177,False,27.913272471910112
11,64,100,CulturaX,1596.90625,2,134,False,24.95166015625
29,129,186,CulturaX,3421.84375,4,220,False,26.52592054263566
21,99,138,CulturaX,2420.78125,3,177,False,24.452335858585858
22,114,165,CulturaX,2832.609375,4,220,False,24.847450657894736
79,364,517,CulturaX,9698.5625,11,521,False,26.64440247252747
7,24,32,CulturaX,642.28125,1,91,True,26.76171875
14,51,67,CulturaX,1420.953125,2,134,False,27.861825980392158
7,26,38,CulturaX,783.40625,1,91,True,30.131009615384617
33,128,166,CulturaX,3115.234375,4,220,False,24.3377685546875
19,83,120,CulturaX,2368.828125,3,177,False,28.540097891566266
14,58,77,CulturaX,1541.265625,2,134,False,26.57354525862069
35,154,209,CulturaX,3941.140625,5,263,False,25.59182224025974
17,72,105,CulturaX,1927.765625,3,177,False,26.774522569444443
44,239,335,CulturaX,6134.390625,7,349,False,25.666906380753137
13,47,71,CulturaX,1311.921875,2,134,False,27.913231382978722
41,188,253,CulturaX,4941.34375,6,306,False,26.28374335106383
7,33,49,CulturaX,943.078125,1,91,True,28.578125
22,100,143,CulturaX,2735.734375,3,177,False,27.35734375
12,49,69,CulturaX,1297.828125,2,134,False,26.486288265306122
11,45,68,CulturaX,1112.171875,2,134,False,24.714930555555554
14,71,87,CulturaX,1625.984375,2,134,False,22.901188380281692
25,116,175,CulturaX,3229.28125,4,220,False,27.838631465517242
11,58,84,CulturaX,1580.59375,2,134,False,27.251616379310345
13,61,94,CulturaX,1775.15625,2,134,False,29.10092213114754
8,44,69,CulturaX,1218.921875,2,134,False,27.702769886363637
9,37,52,CulturaX,1049.515625,2,134,False,28.36528716216216
15,71,101,CulturaX,1997.515625,3,177,False,28.134022887323944
14,57,72,CulturaX,1504.78125,2,134,False,26.39967105263158
8,28,36,CulturaX,671.8125,1,91,True,23.993303571428573
7,33,52,CulturaX,1064.765625,2,134,False,32.265625
8,36,54,CulturaX,918.609375,1,91,True,25.516927083333332
24,97,137,CulturaX,2539.90625,3,177,False,26.184600515463917
10,43,60,CulturaX,1248.234375,2,134,False,29.028706395348838
22,94,127,CulturaX,2330.125,3,177,False,24.788563829787233
7,36,58,CulturaX,979.375,2,134,False,27.20486111111111
40,186,279,CulturaX,5011.515625,6,306,False,26.94363239247312
27,137,201,CulturaX,3693.71875,5,263,False,26.96145072992701
11,47,65,CulturaX,1219.515625,2,134,False,25.94714095744681
7,28,40,CulturaX,771.984375,1,91,True,27.570870535714285
27,126,186,CulturaX,3308.609375,4,220,False,26.258804563492063
54,258,368,CulturaX,6720.609375,8,392,False,26.04887354651163
11,45,66,CulturaX,1243.109375,2,134,False,27.62465277777778
20,87,111,CulturaX,2177.609375,3,177,False,25.029992816091955
14,48,69,CulturaX,1264.65625,2,134,False,26.347005208333332
21,90,130,CulturaX,2520.375,3,177,False,28.004166666666666
29,112,158,CulturaX,2961.765625,4,220,False,26.4443359375
12,55,76,CulturaX,1527.765625,2,134,False,27.777556818181818
7,29,41,CulturaX,811.921875,1,91,True,27.997306034482758
11,41,58,CulturaX,1066.390625,2,134,False,26.00952743902439
9,38,55,CulturaX,1084.34375,2,134,False,28.535361842105264
9,40,62,CulturaX,1195.828125,2,134,False,29.895703125
22,107,144,CulturaX,2733.921875,3,177,False,25.550671728971963
9,34,47,CulturaX,986.875,2,134,False,29.02573529411765
7,24,31,CulturaX,647.390625,1,91,True,26.974609375
195,985,1441,CulturaX,26622.125,30,1338,False,27.02753807106599
7,31,43,CulturaX,768.6875,1,91,True,24.796370967741936
21,91,123,CulturaX,2462.171875,3,177,False,27.056833791208792
9,42,58,CulturaX,1108.578125,2,134,False,26.394717261904763
8,30,41,CulturaX,738.109375,1,91,True,24.603645833333335
13,76,114,CulturaX,2087.203125,3,177,False,27.463199013157894
8,31,44,CulturaX,908.75,1,91,True,29.31451612903226
15,65,91,CulturaX,1737.28125,2,134,False,26.727403846153845
7,24,32,CulturaX,581.09375,1,91,True,24.212239583333332
17,69,100,CulturaX,1874.1875,2,134,False,27.16213768115942
12,48,67,CulturaX,1269.46875,2,134,False,26.447265625
19,100,134,CulturaX,2650.703125,3,177,False,26.50703125
10,46,66,CulturaX,1231.171875,2,134,False,26.76460597826087
25,104,144,CulturaX,2718.296875,3,177,False,26.137469951923077
7,33,46,CulturaX,832.109375,1,91,True,25.215435606060606
8,30,39,CulturaX,704.015625,1,91,True,23.4671875
37,182,258,CulturaX,4874.546875,6,306,False,26.783224587912088
17,84,106,CulturaX,1927.484375,3,177,False,22.94624255952381
9,46,68,CulturaX,1313.3125,2,134,False,28.550271739130434
48,229,334,CulturaX,6104.84375,7,349,False,26.658706331877728
36,161,215,CulturaX,4071.890625,5,263,False,25.291246118012424
23,109,159,CulturaX,2919.265625,4,220,False,26.782253440366972
9,36,49,CulturaX,998.75,2,134,False,27.743055555555557
21,90,133,CulturaX,2462.109375,3,177,False,27.356770833333332
53,242,358,CulturaX,6520.734375,7,349,False,26.945183367768596
24,101,146,CulturaX,2710.859375,4,220,False,26.840191831683168
8,38,54,CulturaX,1023.46875,2,134,False,26.933388157894736
39,173,241,CulturaX,4569.25,5,263,False,26.411849710982658
12,52,73,CulturaX,1440.390625,2,134,False,27.69981971153846
18,67,88,CulturaX,1767.25,2,134,False,26.37686567164179
21,92,134,CulturaX,2630.359375,3,177,False,28.59086277173913
27,130,162,CulturaX,3044.796875,4,220,False,23.421514423076925
8,29,44,CulturaX,727.9375,1,91,True,25.101293103448278
11,39,60,CulturaX,1077.171875,2,134,False,27.619791666666668
8,33,48,CulturaX,1006.8125,2,134,False,30.509469696969695
8,34,38,CulturaX,787.125,1,91,True,23.15073529411765
14,65,96,CulturaX,1808.015625,2,134,False,27.815625
9,36,51,CulturaX,954.078125,1,91,True,26.50217013888889
27,126,185,CulturaX,3315.546875,4,220,False,26.31386408730159
15,64,90,CulturaX,1716.609375,2,134,False,26.822021484375
22,105,148,CulturaX,2815.734375,4,220,False,26.816517857142856
18,87,127,CulturaX,2457.6875,3,177,False,28.249281609195403
20,93,144,CulturaX,2427.28125,3,177,False,26.099798387096776
14,64,88,CulturaX,1729.203125,2,134,False,27.018798828125
11,49,69,CulturaX,1306.75,2,134,False,26.668367346938776
17,78,117,CulturaX,1963.21875,3,177,False,25.169471153846153
10,48,65,CulturaX,1313.390625,2,134,False,27.3623046875
7,28,40,CulturaX,741.46875,1,91,True,26.481026785714285
13,67,106,CulturaX,1842.515625,2,134,False,27.500233208955223
10,35,48,CulturaX,975.0,2,134,False,27.857142857142858
18,79,111,CulturaX,1890.6875,3,177,False,23.932753164556964
23,126,183,CulturaX,3306.6875,4,220,False,26.24355158730159
12,59,82,CulturaX,1437.359375,2,134,False,24.362023305084747
8,36,55,CulturaX,949.578125,1,91,True,26.37717013888889
27,132,194,CulturaX,3643.703125,5,263,False,27.603811553030305
7,28,37,CulturaX,723.78125,1,91,True,25.849330357142858
19,74,104,CulturaX,1947.71875,3,177,False,26.32052364864865
10,54,71,CulturaX,1400.9375,2,134,False,25.943287037037038
14,47,62,CulturaX,1223.703125,2,134,False,26.03623670212766
16,73,101,CulturaX,1945.078125,3,177,False,26.64490582191781
35,161,226,CulturaX,4541.9375,5,263,False,28.210791925465838
16,64,91,CulturaX,1625.59375,2,134,False,25.39990234375
12,55,76,CulturaX,1472.578125,2,134,False,26.774147727272727
15,52,75,CulturaX,1486.265625,2,134,False,28.58203125
49,239,354,CulturaX,6539.046875,8,392,False,27.360028765690377
33,149,191,CulturaX,3615.8125,4,220,False,24.26719798657718
10,42,61,CulturaX,1136.859375,2,134,False,27.068080357142858
13,59,86,CulturaX,1567.59375,2,134,False,26.56938559322034
11,58,82,CulturaX,1537.71875,2,134,False,26.51239224137931
32,134,191,CulturaX,3634.375,4,220,False,27.122201492537314
8,31,48,CulturaX,835.65625,1,91,True,26.956653225806452
14,62,91,CulturaX,1683.421875,2,134,False,27.151965725806452
9,39,59,CulturaX,1074.109375,2,134,False,27.541266025641026
27,131,178,CulturaX,3578.09375,4,220,False,27.313692748091604
9,37,53,CulturaX,954.828125,1,91,True,25.80616554054054
10,44,59,CulturaX,1233.578125,2,134,False,28.035866477272727
7,26,33,CulturaX,619.515625,1,91,True,23.82752403846154
15,64,88,CulturaX,1755.984375,2,134,False,27.437255859375
10,52,79,CulturaX,1382.09375,2,134,False,26.57872596153846
22,92,127,CulturaX,2488.953125,3,177,False,27.05383831521739
28,121,173,CulturaX,3136.921875,4,220,False,25.924974173553718
18,87,133,CulturaX,2507.6875,3,177,False,28.823994252873565
11,43,65,CulturaX,1176.796875,2,134,False,27.367369186046513
7,26,39,CulturaX,665.8125,1,91,True,25.608173076923077
7,28,36,CulturaX,712.75,1,91,True,25.455357142857142
21,89,118,CulturaX,2370.890625,3,177,False,26.639220505617978
18,80,112,CulturaX,2109.40625,3,177,False,26.367578125
20,86,118,CulturaX,2207.90625,3,177,False,25.673328488372093
15,66,87,CulturaX,1743.078125,2,134,False,26.41027462121212
13,54,79,CulturaX,1501.59375,2,134,False,27.807291666666668
42,181,238,CulturaX,4752.171875,6,306,False,26.2550932320442
19,91,132,CulturaX,2406.25,3,177,False,26.442307692307693
12,49,78,CulturaX,1352.9375,2,134,False,27.6109693877551
14,51,76,CulturaX,1355.203125,2,134,False,26.57261029411765
20,78,111,CulturaX,2220.59375,3,177,False,28.469150641025642
29,133,172,CulturaX,3313.515625,4,220,False,24.913651315789473
26,115,159,CulturaX,2869.84375,4,220,False,24.95516304347826
14,65,86,CulturaX,1817.5625,2,134,False,27.9625
19,78,108,CulturaX,2131.078125,3,177,False,27.321514423076923
32,128,189,CulturaX,3366.1875,4,220,False,26.29833984375
13,53,71,CulturaX,1494.40625,2,134,False,28.19634433962264
13,55,76,CulturaX,1494.671875,2,134,False,27.175852272727273
14,64,87,CulturaX,1758.65625,2,134,False,27.47900390625
22,107,149,CulturaX,2766.921875,3,177,False,25.859082943925234
11,55,77,CulturaX,1357.328125,2,134,False,24.678693181818183
20,92,123,CulturaX,2542.421875,3,177,False,27.63502038043478
25,116,175,CulturaX,3156.125,4,220,False,27.207974137931036
18,90,129,CulturaX,2444.359375,3,177,False,27.159548611111113
7,30,41,CulturaX,819.234375,1,91,True,27.3078125
11,44,62,CulturaX,1275.453125,2,134,False,28.987571022727273
31,140,205,CulturaX,3858.125,5,263,False,27.558035714285715
18,84,119,CulturaX,2134.28125,3,177,False,25.40811011904762
9,41,61,CulturaX,1066.359375,2,134,False,26.008765243902438
12,53,71,CulturaX,1493.40625,2,134,False,28.17747641509434
7,35,51,CulturaX,927.40625,1,91,True,26.49732142857143
16,82,117,CulturaX,2112.84375,3,177,False,25.76638719512195
35,139,190,CulturaX,3707.53125,4,220,False,26.67288669064748
14,56,76,CulturaX,1464.5625,2,134,False,26.152901785714285
13,56,75,CulturaX,1416.984375,2,134,False,25.303292410714285
8,38,54,CulturaX,1049.84375,2,134,False,27.627467105263158
11,49,70,CulturaX,1259.671875,2,134,False,25.707589285714285
13,50,71,CulturaX,1342.078125,2,134,False,26.8415625
18,83,117,CulturaX,2150.515625,3,177,False,25.909826807228917
25,114,168,CulturaX,2864.953125,4,220,False,25.131167763157894
19,94,128,CulturaX,2478.21875,3,177,False,26.36402925531915
13,65,91,CulturaX,1713.25,2,134,False,26.357692307692307
10,47,69,CulturaX,1257.1875,2,134,False,26.74867021276596
13,55,70,CulturaX,1487.265625,2,134,False,27.041193181818183
7,29,39,CulturaX,807.4375,1,91,True,27.842672413793103
13,50,70,CulturaX,1314.8125,2,134,False,26.29625
9,37,54,CulturaX,1019.703125,2,134,False,27.55954391891892
11,40,53,CulturaX,1046.59375,2,134,False,26.16484375
12,57,80,CulturaX,1387.28125,2,134,False,24.33826754385965
30,140,207,CulturaX,3678.40625,4,220,False,26.27433035714286
9,34,46,CulturaX,880.265625,1,91,True,25.89016544117647
25,119,172,CulturaX,3130.15625,4,220,False,26.303834033613445
11,41,58,CulturaX,1149.046875,2,134,False,28.025533536585368
53,224,315,CulturaX,5782.84375,7,349,False,25.816266741071427
10,47,67,CulturaX,1183.65625,2,134,False,25.184175531914892
17,72,101,CulturaX,1904.890625,2,134,False,26.45681423611111
9,37,51,CulturaX,1006.40625,2,134,False,27.20016891891892
13,60,88,CulturaX,1549.0625,2,134,False,25.817708333333332
12,51,79,CulturaX,1342.28125,2,134,False,26.319240196078432
15,60,82,CulturaX,1560.4375,2,134,False,26.007291666666667
18,82,113,CulturaX,2206.671875,3,177,False,26.91063262195122
11,43,62,CulturaX,1161.546875,2,134,False,27.012718023255815
16,76,114,CulturaX,2110.40625,3,177,False,27.768503289473685
20,98,119,CulturaX,2148.984375,3,177,False,21.92841198979592
21,92,138,CulturaX,2530.421875,3,177,False,27.504585597826086
20,90,128,CulturaX,2356.65625,3,177,False,26.185069444444444
21,102,145,CulturaX,2776.296875,4,220,False,27.21859681372549
7,27,41,CulturaX,798.78125,1,91,True,29.58449074074074
10,42,55,CulturaX,1055.375,2,134,False,25.12797619047619
48,222,295,CulturaX,5764.4375,7,349,False,25.965934684684683
27,114,150,CulturaX,2822.09375,4,220,False,24.755208333333332
8,28,39,CulturaX,795.65625,1,91,True,28.416294642857142
28,109,159,CulturaX,2946.875,4,220,False,27.035550458715598
19,87,123,CulturaX,2256.96875,3,177,False,25.942169540229884
10,56,74,CulturaX,1274.59375,2,134,False,22.760602678571427
16,69,101,CulturaX,1958.9375,3,177,False,28.390398550724637
23,97,137,CulturaX,2701.609375,3,177,False,27.851643041237114
7,28,42,CulturaX,805.21875,1,91,True,28.7578125
25,99,125,CulturaX,2451.75,3,177,False,24.765151515151516
9,43,54,CulturaX,1083.015625,2,134,False,25.18640988372093
13,59,82,CulturaX,1671.375,2,134,False,28.328389830508474
9,43,58,CulturaX,1076.546875,2,134,False,25.0359738372093
9,39,58,CulturaX,1166.015625,2,134,False,29.89783653846154
14,53,71,CulturaX,1444.046875,2,134,False,27.24616745283019
18,84,129,CulturaX,2252.375,3,177,False,26.813988095238095
10,54,81,CulturaX,1496.03125,2,134,False,27.70428240740741
37,166,225,CulturaX,4380.5625,5,263,False,26.388930722891565
11,46,69,CulturaX,1248.09375,2,134,False,27.132472826086957
22,98,139,CulturaX,2662.203125,3,177,False,27.16533801020408
62,267,375,CulturaX,7014.796875,8,392,False,26.272647471910112
15,68,100,CulturaX,1753.25,2,134,False,25.783088235294116
10,37,49,CulturaX,964.484375,2,134,False,26.06714527027027
24,103,141,CulturaX,2843.9375,4,220,False,27.61104368932039
38,178,249,CulturaX,4866.65625,6,306,False,27.3407654494382
23,100,141,CulturaX,2586.203125,3,177,False,25.86203125
38,172,232,CulturaX,4727.265625,6,306,False,27.48410247093023
11,51,73,CulturaX,1309.5625,2,134,False,25.67769607843137
26,122,181,CulturaX,3217.125,4,220,False,26.369877049180328
7,32,42,CulturaX,839.453125,1,91,True,26.23291015625
48,242,340,CulturaX,6482.125,7,349,False,26.785640495867767
17,79,111,CulturaX,2119.578125,3,177,False,26.830102848101266
25,104,135,CulturaX,2653.9375,3,177,False,25.518629807692307
17,74,102,CulturaX,1931.796875,3,177,False,26.105363175675677
10,38,50,CulturaX,985.203125,2,134,False,25.92639802631579
11,43,62,CulturaX,1101.09375,2,134,False,25.606831395348838
20,81,105,CulturaX,2126.859375,3,177,False,26.25752314814815
17,76,110,CulturaX,2103.3125,3,177,False,27.67516447368421
7,34,53,CulturaX,963.1875,2,134,False,28.329044117647058
11,37,54,CulturaX,989.421875,2,134,False,26.741131756756758
32,147,217,CulturaX,3957.0625,5,263,False,26.918792517006803
10,39,55,CulturaX,1035.234375,2,134,False,26.544471153846153
7,32,45,CulturaX,911.0625,1,91,True,28.470703125
7,25,35,CulturaX,659.953125,1,91,True,26.398125
25,106,153,CulturaX,2821.203125,4,220,False,26.615123820754718
34,164,230,CulturaX,4305.65625,5,263,False,26.254001524390244
39,180,254,CulturaX,4668.53125,6,306,False,25.936284722222222
23,96,139,CulturaX,2572.859375,3,177,False,26.800618489583332
14,56,77,CulturaX,1526.53125,2,134,False,27.259486607142858
8,32,42,CulturaX,830.84375,1,91,True,25.9638671875
11,41,56,CulturaX,1103.75,2,134,False,26.920731707317074
10,44,63,CulturaX,1019.109375,2,134,False,23.161576704545453
12,53,70,CulturaX,1424.59375,2,134,False,26.879127358490567
39,172,235,CulturaX,4349.15625,5,263,False,25.28579215116279
20,112,139,CulturaX,2581.859375,3,177,False,23.052315848214285
12,48,64,CulturaX,1182.53125,2,134,False,24.636067708333332
28,116,178,CulturaX,3095.8125,4,220,False,26.68803879310345
11,50,72,CulturaX,1459.6875,2,134,False,29.19375
26,119,169,CulturaX,3125.6875,4,220,False,26.26628151260504
7,33,47,CulturaX,969.796875,2,134,False,29.38778409090909
32,142,208,CulturaX,3703.640625,4,220,False,26.081976232394368
20,87,128,CulturaX,2361.03125,3,177,False,27.138290229885058
7,28,41,CulturaX,800.328125,1,91,True,28.583147321428573
10,51,76,CulturaX,1378.8125,2,134,False,27.035539215686274
8,37,52,CulturaX,912.09375,1,91,True,24.65118243243243
12,53,76,CulturaX,1418.6875,2,134,False,26.767688679245282
7,25,32,CulturaX,526.34375,1,91,True,21.05375
13,51,69,CulturaX,1379.28125,2,134,False,27.04473039215686
8,33,45,CulturaX,820.859375,1,91,True,24.874526515151516
15,77,112,CulturaX,2078.71875,3,177,False,26.9963474025974
7,26,33,CulturaX,694.75,1,91,True,26.721153846153847
18,74,103,CulturaX,2060.8125,3,177,False,27.84881756756757
18,83,121,CulturaX,2234.40625,3,177,False,26.920557228915662
13,56,84,CulturaX,1577.53125,2,134,False,28.170200892857142
25,102,143,CulturaX,2740.59375,3,177,False,26.868566176470587
9,34,46,CulturaX,889.21875,1,91,True,26.153492647058822
12,48,63,CulturaX,1222.640625,2,134,False,25.4716796875
18,80,103,CulturaX,2151.15625,3,177,False,26.889453125
15,65,91,CulturaX,1766.953125,2,134,False,27.18389423076923
9,42,68,CulturaX,1225.921875,2,134,False,29.188616071428573
22,90,130,CulturaX,2231.125,3,177,False,24.790277777777778
9,41,57,CulturaX,1087.078125,2,134,False,26.5141006097561
24,127,188,CulturaX,3352.953125,4,220,False,26.40120570866142
9,41,59,CulturaX,1027.203125,2,134,False,25.053734756097562
13,57,83,CulturaX,1460.328125,2,134,False,25.619791666666668
9,39,55,CulturaX,1050.46875,2,134,False,26.935096153846153
16,78,112,CulturaX,2127.703125,3,177,False,27.278245192307693
54,238,331,CulturaX,6315.953125,7,349,False,26.537618172268907
32,140,200,CulturaX,3725.9375,4,220,False,26.613839285714285
45,209,303,CulturaX,5586.15625,7,349,False,26.728020334928228
21,87,124,CulturaX,2416.1875,3,177,False,27.77227011494253
38,153,201,CulturaX,3972.09375,5,263,False,25.96139705882353
62,276,388,CulturaX,7318.90625,8,392,False,26.51777626811594
17,76,109,CulturaX,2176.953125,3,177,False,28.644120065789473
34,161,233,CulturaX,4271.140625,5,263,False,26.528823757763973
8,32,46,CulturaX,811.03125,1,91,True,25.3447265625
31,141,198,CulturaX,3946.890625,5,263,False,27.99213209219858
9,40,53,CulturaX,1019.90625,2,134,False,25.49765625
11,44,64,CulturaX,1263.40625,2,134,False,28.71377840909091
10,49,68,CulturaX,1298.671875,2,134,False,26.503507653061224
16,70,101,CulturaX,1960.734375,3,177,False,28.01049107142857
22,86,122,CulturaX,2200.328125,3,177,False,25.585210755813954
15,55,77,CulturaX,1501.5625,2,134,False,27.301136363636363
10,46,65,CulturaX,1166.640625,2,134,False,25.361752717391305
7,28,37,CulturaX,728.515625,1,91,True,26.018415178571427
28,148,223,CulturaX,4098.46875,5,263,False,27.69235641891892
27,120,161,CulturaX,3049.59375,4,220,False,25.41328125
28,136,189,CulturaX,3634.375,4,220,False,26.723345588235293
7,25,34,CulturaX,649.0,1,91,True,25.96
10,38,51,CulturaX,994.46875,2,134,False,26.170230263157894
16,77,109,CulturaX,2129.1875,3,177,False,27.651785714285715
17,74,95,CulturaX,1924.5,3,177,False,26.006756756756758
15,60,87,CulturaX,1625.40625,2,134,False,27.090104166666666
8,35,49,CulturaX,975.3125,2,134,False,27.866071428571427
16,71,95,CulturaX,1836.296875,2,134,False,25.863336267605632
26,110,144,CulturaX,2750.71875,4,220,False,25.006534090909092
8,36,51,CulturaX,973.375,2,134,False,27.038194444444443
26,130,197,CulturaX,3376.140625,4,220,False,25.9703125
21,119,153,CulturaX,2775.828125,3,177,False,23.326286764705884
7,36,50,CulturaX,988.265625,2,134,False,27.451822916666668
12,53,73,CulturaX,1416.875,2,134,False,26.733490566037737
16,71,103,CulturaX,1956.28125,3,177,False,27.55325704225352
36,150,206,CulturaX,3835.734375,5,263,False,25.5715625
31,153,221,CulturaX,4125.546875,5,263,False,26.96435866013072
14,72,104,CulturaX,2019.890625,3,177,False,28.054036458333332
44,179,262,CulturaX,4716.984375,6,306,False,26.351868016759777
11,47,66,CulturaX,1307.546875,2,134,False,27.820146276595743
12,55,82,CulturaX,1493.875,2,134,False,27.161363636363635
34,159,212,CulturaX,4276.78125,5,263,False,26.89799528301887
9,39,56,CulturaX,1059.9375,2,134,False,27.177884615384617
8,34,49,CulturaX,877.78125,1,91,True,25.817095588235293
10,42,56,CulturaX,1071.75,2,134,False,25.517857142857142
9,36,42,CulturaX,820.140625,1,91,True,22.78168402777778
13,53,72,CulturaX,1417.875,2,134,False,26.75235849056604
10,43,62,CulturaX,1143.03125,2,134,False,26.582122093023255
15,63,88,CulturaX,1632.53125,2,134,False,25.913194444444443
43,210,287,CulturaX,5462.703125,7,349,False,26.012872023809525
15,70,99,CulturaX,1948.375,3,177,False,27.833928571428572
17,74,88,CulturaX,1669.296875,2,134,False,22.55806587837838
14,71,102,CulturaX,1841.515625,2,134,False,25.936839788732396
34,155,218,CulturaX,4051.828125,5,263,False,26.140826612903226
14,54,71,CulturaX,1472.40625,2,134,False,27.26678240740741
18,85,130,CulturaX,2326.828125,3,177,False,27.374448529411765
7,27,38,CulturaX,768.75,1,91,True,28.47222222222222
9,40,57,CulturaX,1009.640625,2,134,False,25.241015625
23,109,154,CulturaX,2977.3125,4,220,False,27.31479357798165
18,99,140,CulturaX,2686.921875,3,177,False,27.140625
18,76,109,CulturaX,2071.515625,3,177,False,27.256784539473685
13,70,97,CulturaX,1899.5625,2,134,False,27.136607142857144
18,83,116,CulturaX,2116.125,3,177,False,25.495481927710845
44,191,273,CulturaX,5065.28125,6,306,False,26.519797120418847
37,169,247,CulturaX,4718.21875,6,306,False,27.918454142011836
17,66,93,CulturaX,1773.328125,2,134,False,26.868607954545453
11,53,81,CulturaX,1359.53125,2,134,False,25.651533018867923
31,131,192,CulturaX,3429.78125,4,220,False,26.181536259541986
19,78,110,CulturaX,2131.515625,3,177,False,27.327123397435898
7,30,39,CulturaX,745.484375,1,91,True,24.849479166666665
18,77,106,CulturaX,2012.703125,3,177,False,26.139001623376622
28,124,173,CulturaX,3310.0625,4,220,False,26.69405241935484
8,30,38,CulturaX,819.171875,1,91,True,27.305729166666666
27,128,187,CulturaX,3356.984375,4,220,False,26.2264404296875
22,96,137,CulturaX,2571.1875,3,177,False,26.783203125
8,37,50,CulturaX,873.90625,1,91,True,23.61908783783784
12,53,72,CulturaX,1363.34375,2,134,False,25.723466981132077
16,69,100,CulturaX,1898.625,2,134,False,27.516304347826086
11,61,92,CulturaX,1639.421875,2,134,False,26.875768442622952
9,41,57,CulturaX,1107.328125,2,134,False,27.008003048780488
10,40,54,CulturaX,1095.421875,2,134,False,27.385546875
14,70,84,CulturaX,1740.171875,2,134,False,24.859598214285715
89,387,545,CulturaX,9985.96875,11,521,False,25.803536821705425
27,130,186,CulturaX,3583.015625,4,220,False,27.561658653846155
11,48,71,CulturaX,1288.96875,2,134,False,26.853515625
15,69,95,CulturaX,1831.140625,2,134,False,26.53826992753623
60,266,376,CulturaX,6816.15625,8,392,False,25.62464755639098
20,92,129,CulturaX,2357.453125,3,177,False,25.624490489130434
15,60,86,CulturaX,1735.125,2,134,False,28.91875
10,37,55,CulturaX,1127.25,2,134,False,30.466216216216218
7,34,52,CulturaX,928.59375,1,91,True,27.311580882352942
7,34,49,CulturaX,938.328125,1,91,True,27.597886029411764
15,71,102,CulturaX,2008.5,3,177,False,28.288732394366196
20,95,114,CulturaX,2121.453125,3,177,False,22.33108552631579
8,29,44,CulturaX,731.3125,1,91,True,25.217672413793103
22,97,130,CulturaX,2634.796875,3,177,False,27.1628543814433
21,118,177,CulturaX,3117.140625,4,220,False,26.41644597457627
54,219,312,CulturaX,6062.734375,7,349,False,27.683718607305938
32,142,206,CulturaX,3808.296875,5,263,False,26.818992077464788
17,83,117,CulturaX,2244.703125,3,177,False,27.04461596385542
19,81,115,CulturaX,2267.5,3,177,False,27.993827160493826
7,25,36,CulturaX,584.109375,1,91,True,23.364375
48,209,293,CulturaX,5626.28125,7,349,False,26.920005980861244
7,25,38,CulturaX,699.875,1,91,True,27.995
12,58,79,CulturaX,1516.71875,2,134,False,26.150323275862068
20,74,97,CulturaX,1797.453125,2,134,False,24.289907094594593
16,66,95,CulturaX,1864.796875,2,134,False,28.254498106060606
7,34,49,CulturaX,929.625,1,91,True,27.341911764705884
22,96,131,CulturaX,2507.65625,3,177,False,26.121419270833332
11,43,63,CulturaX,1201.578125,2,134,False,27.943677325581394
9,36,49,CulturaX,961.21875,2,134,False,26.700520833333332
21,93,130,CulturaX,2504.484375,3,177,False,26.929939516129032
15,60,83,CulturaX,1523.109375,2,134,False,25.38515625
18,71,102,CulturaX,1987.90625,3,177,False,27.998679577464788
21,102,148,CulturaX,2660.390625,3,177,False,26.082261029411764
26,117,175,CulturaX,2916.578125,4,220,False,24.928018162393162
19,98,139,CulturaX,2730.203125,3,177,False,27.859215561224488
14,62,85,CulturaX,1519.296875,2,134,False,24.504788306451612
39,175,243,CulturaX,4627.9375,6,306,False,26.445357142857144
11,43,56,CulturaX,1140.703125,2,134,False,26.52797965116279
7,26,33,CulturaX,613.84375,1,91,True,23.609375
30,140,203,CulturaX,3739.421875,5,263,False,26.71015625
7,28,37,CulturaX,718.90625,1,91,True,25.675223214285715
8,40,61,CulturaX,966.015625,2,134,False,24.150390625
20,100,138,CulturaX,2641.296875,3,177,False,26.41296875
34,163,234,CulturaX,4385.296875,5,263,False,26.90366180981595
13,59,80,CulturaX,1460.03125,2,134,False,24.746292372881356
10,53,80,CulturaX,1384.46875,2,134,False,26.122051886792452
16,63,90,CulturaX,1669.65625,2,134,False,26.502480158730158
14,52,73,CulturaX,1359.234375,2,134,False,26.139122596153847
31,132,184,CulturaX,3241.84375,4,220,False,24.559422348484848
11,50,71,CulturaX,1329.1875,2,134,False,26.58375
50,224,329,CulturaX,5955.296875,7,349,False,26.586146763392858
45,205,275,CulturaX,4989.453125,6,306,False,24.338795731707318
16,62,86,CulturaX,1514.21875,2,134,False,24.422883064516128
12,45,59,CulturaX,1203.046875,2,134,False,26.734375
9,31,40,CulturaX,814.3125,1,91,True,26.268145161290324
9,34,52,CulturaX,997.671875,2,134,False,29.34329044117647
11,44,62,CulturaX,1201.84375,2,134,False,27.314630681818183
9,37,57,CulturaX,996.734375,2,134,False,26.93876689189189
32,154,221,CulturaX,4268.75,6,306,False,27.719155844155843
17,77,111,CulturaX,2165.765625,3,177,False,28.1268262987013
16,80,114,CulturaX,2066.90625,3,177,False,25.836328125
61,316,447,CulturaX,8811.703125,10,478,False,27.885136471518987
14,55,75,CulturaX,1470.53125,2,134,False,26.73693181818182
19,81,112,CulturaX,2188.234375,3,177,False,27.015239197530864
17,84,117,CulturaX,2169.578125,3,177,False,25.828311011904763
24,109,157,CulturaX,2895.953125,4,220,False,26.56837729357798
13,56,80,CulturaX,1575.6875,2,134,False,28.137276785714285
7,30,46,CulturaX,792.78125,1,91,True,26.426041666666666
13,57,77,CulturaX,1486.0,2,134,False,26.07017543859649
52,244,342,CulturaX,6457.125,8,392,False,26.463627049180328
17,84,117,CulturaX,2135.9375,3,177,False,25.42782738095238
12,55,75,CulturaX,1481.453125,2,134,False,26.935511363636362
9,43,56,CulturaX,1155.6875,2,134,False,26.876453488372093
8,32,42,CulturaX,814.546875,1,91,True,25.45458984375
10,36,57,CulturaX,1025.484375,2,134,False,28.485677083333332
19,84,109,CulturaX,2179.34375,3,177,False,25.944568452380953
23,104,148,CulturaX,2803.25,3,177,False,26.954326923076923
17,72,101,CulturaX,1878.09375,2,134,False,26.084635416666668
7,31,44,CulturaX,866.53125,1,91,True,27.952620967741936
40,189,284,CulturaX,5141.1875,6,306,False,27.202050264550266
17,88,118,CulturaX,2103.015625,3,177,False,23.897904829545453
13,49,71,CulturaX,1242.578125,2,134,False,25.35873724489796
14,61,90,CulturaX,1566.453125,2,134,False,25.67955942622951
48,228,331,CulturaX,5958.140625,7,349,False,26.13219572368421
7,29,36,CulturaX,674.078125,1,91,True,23.244073275862068
8,31,39,CulturaX,750.0,1,91,True,24.193548387096776
13,56,73,CulturaX,1464.453125,2,134,False,26.150948660714285
16,76,112,CulturaX,2193.59375,3,177,False,28.863075657894736
14,75,107,CulturaX,2018.1875,3,177,False,26.909166666666668
9,42,55,CulturaX,1076.78125,2,134,False,25.63764880952381
23,95,129,CulturaX,2571.46875,3,177,False,27.06809210526316
45,200,276,CulturaX,5326.234375,6,306,False,26.631171875
18,78,110,CulturaX,2026.25,3,177,False,25.977564102564102
13,57,86,CulturaX,1650.109375,2,134,False,28.949287280701753
8,44,64,CulturaX,1187.53125,2,134,False,26.98934659090909
7,24,33,CulturaX,666.59375,1,91,True,27.774739583333332
18,76,108,CulturaX,2184.40625,3,177,False,28.7421875
18,83,116,CulturaX,2316.265625,3,177,False,27.906814759036145
11,45,61,CulturaX,1247.5,2,134,False,27.72222222222222
18,94,125,CulturaX,2407.328125,3,177,False,25.609873670212767
21,89,128,CulturaX,2392.484375,3,177,False,26.88184691011236
9,40,55,CulturaX,1078.546875,2,134,False,26.963671875
23,92,125,CulturaX,2511.859375,3,177,False,27.30281929347826
13,60,89,CulturaX,1707.984375,2,134,False,28.46640625
15,65,86,CulturaX,1768.703125,2,134,False,27.21081730769231
20,92,125,CulturaX,2421.953125,3,177,False,26.325577445652176
11,50,81,CulturaX,1338.5,2,134,False,26.77
9,45,62,CulturaX,1047.09375,2,134,False,23.26875
9,32,43,CulturaX,856.59375,1,91,True,26.7685546875
32,144,195,CulturaX,3877.0625,5,263,False,26.92404513888889
20,91,127,CulturaX,2319.578125,3,177,False,25.489869505494507
10,45,62,CulturaX,1281.703125,2,134,False,28.482291666666665
19,88,126,CulturaX,2287.109375,3,177,False,25.989879261363637
7,35,48,CulturaX,938.75,1,91,True,26.821428571428573
18,82,119,CulturaX,2286.484375,3,177,False,27.883955792682926
10,38,57,CulturaX,1062.15625,2,134,False,27.951480263157894
13,56,80,CulturaX,1494.046875,2,134,False,26.679408482142858
7,32,44,CulturaX,879.375,1,91,True,27.48046875
12,46,63,CulturaX,1154.390625,2,134,False,25.09544836956522
16,85,113,CulturaX,1975.640625,3,177,False,23.24283088235294
9,37,54,CulturaX,1069.34375,2,134,False,28.90118243243243
8,43,59,CulturaX,1176.34375,2,134,False,27.356831395348838
17,83,114,CulturaX,2248.359375,3,177,False,27.0886671686747
12,54,75,CulturaX,1503.625,2,134,False,27.84490740740741
12,57,66,CulturaX,1249.65625,2,134,False,21.923793859649123
14,53,73,CulturaX,1291.84375,2,134,False,24.37441037735849
8,30,47,CulturaX,770.921875,1,91,True,25.697395833333335
16,66,91,CulturaX,1710.296875,2,134,False,25.913589015151516
7,39,61,CulturaX,1037.109375,2,134,False,26.592548076923077
9,41,60,CulturaX,1176.921875,2,134,False,28.705411585365855
10,40,50,CulturaX,1050.890625,2,134,False,26.272265625
9,40,58,CulturaX,1113.109375,2,134,False,27.827734375
73,325,476,CulturaX,8516.75,10,478,False,26.205384615384617
10,42,59,CulturaX,1118.046875,2,134,False,26.62016369047619
21,88,131,CulturaX,2391.984375,3,177,False,27.181640625
9,39,54,CulturaX,1037.765625,2,134,False,26.609375
8,34,48,CulturaX,946.5,1,91,True,27.83823529411765
12,49,71,CulturaX,1315.234375,2,134,False,26.841517857142858
17,69,97,CulturaX,1864.734375,3,177,False,27.02513586956522
16,60,81,CulturaX,1521.125,2,134,False,25.352083333333333
25,104,146,CulturaX,2735.078125,3,177,False,26.298828125
11,51,73,CulturaX,1457.40625,2,134,False,28.576593137254903
17,76,99,CulturaX,1895.34375,2,134,False,24.93873355263158
8,38,54,CulturaX,1082.640625,2,134,False,28.490542763157894
19,87,121,CulturaX,2426.078125,3,177,False,27.885955459770116
34,133,170,CulturaX,3255.8125,4,220,False,24.479793233082706
21,103,137,CulturaX,2553.875,3,177,False,24.79490291262136
15,64,93,CulturaX,1789.625,2,134,False,27.962890625
11,57,83,CulturaX,1552.40625,2,134,False,27.23519736842105
20,97,147,CulturaX,2626.421875,3,177,False,27.07651417525773
9,38,57,CulturaX,1055.015625,2,134,False,27.76356907894737
65,263,362,CulturaX,7026.875,8,392,False,26.71815589353612
31,127,179,CulturaX,3423.8125,4,220,False,26.959153543307085
22,112,145,CulturaX,2667.125,3,177,False,23.813616071428573
12,42,56,CulturaX,1095.859375,2,134,False,26.09188988095238
11,46,64,CulturaX,1075.703125,2,134,False,23.38485054347826
13,58,78,CulturaX,1534.65625,2,134,False,26.45959051724138
15,83,101,CulturaX,2003.28125,3,177,False,24.135918674698797
9,43,65,CulturaX,1219.765625,2,134,False,28.366642441860463
14,65,93,CulturaX,1753.921875,2,134,False,26.98341346153846
13,62,83,CulturaX,1720.734375,2,134,False,27.753780241935484
9,36,50,CulturaX,1032.328125,2,134,False,28.67578125
12,58,87,CulturaX,1581.21875,2,134,False,27.26239224137931
26,122,185,CulturaX,3347.0,4,220,False,27.434426229508198
28,124,174,CulturaX,3393.984375,4,220,False,27.370841733870968
22,123,153,CulturaX,2910.625,4,220,False,23.663617886178862
7,29,42,CulturaX,846.25,1,91,True,29.18103448275862
7,38,60,CulturaX,1088.46875,2,134,False,28.64391447368421
14,55,79,CulturaX,1400.03125,2,134,False,25.455113636363638
17,73,103,CulturaX,1921.859375,3,177,False,26.32684075342466
17,82,112,CulturaX,2189.953125,3,177,False,26.70674542682927
18,66,104,CulturaX,1757.703125,2,134,False,26.63186553030303
17,70,102,CulturaX,2059.40625,3,177,False,29.420089285714287
17,78,107,CulturaX,2048.078125,3,177,False,26.257411858974358
13,64,92,CulturaX,1720.765625,2,134,False,26.886962890625
11,50,65,CulturaX,1396.296875,2,134,False,27.9259375
24,105,155,CulturaX,2786.703125,3,177,False,26.540029761904762
9,30,39,CulturaX,730.609375,1,91,True,24.353645833333335
38,173,249,CulturaX,4536.484375,5,263,False,26.22245303468208
16,73,101,CulturaX,1840.25,2,134,False,25.208904109589042
24,105,154,CulturaX,2779.65625,3,177,False,26.472916666666666
22,102,152,CulturaX,2699.90625,4,220,False,26.469669117647058
19,94,135,CulturaX,2521.328125,3,177,False,26.822639627659573
9,41,56,CulturaX,1067.765625,2,134,False,26.043064024390244
12,55,79,CulturaX,1423.765625,2,134,False,25.886647727272727
10,41,59,CulturaX,1096.546875,2,134,False,26.745045731707318
26,122,170,CulturaX,3190.546875,4,220,False,26.15202356557377
22,94,130,CulturaX,2612.578125,3,177,False,27.79338430851064
10,53,83,CulturaX,1394.09375,2,134,False,26.30365566037736
29,147,217,CulturaX,3916.234375,5,263,False,26.641050170068027
33,151,212,CulturaX,3852.984375,5,263,False,25.516452814569536
21,91,121,CulturaX,2385.828125,3,177,False,26.217891483516482
12,62,87,CulturaX,1599.9375,2,134,False,25.805443548387096
23,98,136,CulturaX,2592.109375,3,177,False,26.450095663265305
20,75,110,CulturaX,2063.34375,3,177,False,27.51125
12,43,60,CulturaX,1110.03125,2,134,False,25.81468023255814
25,125,191,CulturaX,3337.8125,4,220,False,26.7025
13,60,84,CulturaX,1590.8125,2,134,False,26.513541666666665
9,33,45,CulturaX,883.75,1,91,True,26.78030303030303
33,152,213,CulturaX,4166.578125,5,263,False,27.411698190789473
14,60,87,CulturaX,1676.828125,2,134,False,27.947135416666665
46,205,297,CulturaX,5425.984375,6,306,False,26.468216463414635
7,31,46,CulturaX,810.0625,1,91,True,26.131048387096776
22,87,119,CulturaX,2381.40625,3,177,False,27.372485632183906
8,28,41,CulturaX,800.875,1,91,True,28.602678571428573
34,154,214,CulturaX,3777.546875,4,220,False,24.529525162337663
11,45,60,CulturaX,1161.4375,2,134,False,25.809722222222224
10,29,42,CulturaX,790.953125,1,91,True,27.27424568965517
7,31,40,CulturaX,767.390625,1,91,True,24.75453629032258
10,56,82,CulturaX,1476.09375,2,134,False,26.358816964285715
9,34,46,CulturaX,878.671875,1,91,True,25.84329044117647
14,60,82,CulturaX,1651.359375,2,134,False,27.52265625
14,61,85,CulturaX,1530.171875,2,134,False,25.084784836065573
11,44,57,CulturaX,1151.171875,2,134,False,26.16299715909091
15,68,101,CulturaX,1878.515625,3,177,False,27.625229779411764
22,117,162,CulturaX,3058.15625,4,220,False,26.13808760683761
12,45,62,CulturaX,1099.625,2,134,False,24.43611111111111
23,132,171,CulturaX,3187.859375,5,263,False,24.150449810606062
8,36,48,CulturaX,921.96875,1,91,True,25.610243055555557
22,99,134,CulturaX,2671.90625,4,220,False,26.98895202020202
16,69,100,CulturaX,1859.703125,2,134,False,26.95221920289855
18,87,110,CulturaX,2154.9375,3,177,False,24.76939655172414
10,53,78,CulturaX,1385.828125,2,134,False,26.147700471698112
10,42,57,CulturaX,1182.328125,2,134,False,28.150669642857142
8,36,52,CulturaX,1012.546875,2,134,False,28.126302083333332
14,67,86,CulturaX,1794.390625,2,134,False,26.78194962686567
10,47,63,CulturaX,1264.140625,2,134,False,26.89660904255319
18,79,112,CulturaX,2144.3125,3,177,False,27.143196202531644
26,116,163,CulturaX,3083.515625,4,220,False,26.58203125
27,133,194,CulturaX,3467.0625,4,220,False,26.06813909774436
9,35,49,CulturaX,982.765625,2,134,False,28.07901785714286
23,104,149,CulturaX,2814.84375,4,220,False,27.06580528846154
12,55,79,CulturaX,1528.6875,2,134,False,27.79431818181818
16,77,100,CulturaX,1962.078125,3,177,False,25.48153409090909
23,104,148,CulturaX,2775.734375,4,220,False,26.68975360576923
8,35,50,CulturaX,968.90625,2,134,False,27.683035714285715
13,55,77,CulturaX,1521.546875,2,134,False,27.664488636363636
7,35,44,CulturaX,831.484375,1,91,True,23.756696428571427
30,131,187,CulturaX,3610.25,5,263,False,27.55916030534351
8,46,68,CulturaX,1224.75,2,134,False,26.625
13,53,79,CulturaX,1438.46875,2,134,False,27.140919811320753
14,67,103,CulturaX,1808.53125,2,134,False,26.993003731343283
22,97,132,CulturaX,2608.828125,3,177,False,26.895135309278352
18,69,101,CulturaX,1845.453125,2,134,False,26.745697463768117
10,39,55,CulturaX,1054.9375,2,134,False,27.049679487179485
14,63,96,CulturaX,1845.484375,3,177,False,29.29340277777778
26,111,162,CulturaX,2911.640625,4,220,False,26.23099662162162
32,160,261,CulturaX,4492.4375,5,263,False,28.077734375
10,48,71,CulturaX,1408.1875,2,134,False,29.337239583333332
21,103,148,CulturaX,2740.546875,4,220,False,26.60725121359223
7,33,47,CulturaX,873.328125,1,91,True,26.464488636363637
21,97,130,CulturaX,2678.4375,3,177,False,27.612757731958762
10,43,64,CulturaX,1137.359375,2,134,False,26.450218023255815
14,59,81,CulturaX,1445.21875,2,134,False,24.495233050847457
12,57,85,CulturaX,1585.109375,2,134,False,27.80893640350877
9,37,50,CulturaX,987.375,2,134,False,26.68581081081081
22,100,139,CulturaX,2611.078125,3,177,False,26.11078125
23,91,126,CulturaX,2468.65625,3,177,False,27.12809065934066
28,120,178,CulturaX,3440.203125,4,220,False,28.668359375
24,94,127,CulturaX,2426.03125,3,177,False,25.808843085106382
18,89,131,CulturaX,2402.0,3,177,False,26.98876404494382
20,105,145,CulturaX,2863.5,4,220,False,27.271428571428572
10,51,73,CulturaX,1335.1875,2,134,False,26.18014705882353
20,97,126,CulturaX,2415.484375,3,177,False,24.901900773195877
41,193,277,CulturaX,5086.09375,6,306,False,26.352817357512954
14,56,87,CulturaX,1562.921875,2,134,False,27.909319196428573
9,47,66,CulturaX,1202.609375,2,134,False,25.5874335106383
15,80,123,CulturaX,2217.46875,3,177,False,27.718359375
17,82,116,CulturaX,2332.46875,3,177,False,28.444740853658537
8,33,46,CulturaX,829.65625,1,91,True,25.141098484848484
12,67,88,CulturaX,1582.46875,2,134,False,23.61893656716418
7,26,39,CulturaX,662.09375,1,91,True,25.46514423076923
65,281,402,CulturaX,7583.3125,9,435,False,26.98687722419929
16,67,97,CulturaX,1748.90625,2,134,False,26.103078358208954
42,182,262,CulturaX,4885.5,6,306,False,26.843406593406595
17,82,114,CulturaX,2142.59375,3,177,False,26.12919207317073
7,31,41,CulturaX,826.625,1,91,True,26.66532258064516
9,36,51,CulturaX,945.8125,1,91,True,26.272569444444443
19,82,118,CulturaX,2222.03125,3,177,False,27.09794207317073
13,65,98,CulturaX,1764.09375,2,134,False,27.139903846153846
74,354,495,CulturaX,9229.296875,11,521,False,26.071460098870055
19,94,126,CulturaX,2389.875,3,177,False,25.424202127659573
53,231,337,CulturaX,6019.328125,7,349,False,26.05769751082251
13,59,72,CulturaX,1397.453125,2,134,False,23.685646186440678
20,87,134,CulturaX,2476.875,3,177,False,28.469827586206897
13,52,69,CulturaX,1373.046875,2,134,False,26.404747596153847
8,33,43,CulturaX,857.9375,1,91,True,25.998106060606062
22,87,125,CulturaX,2337.8125,3,177,False,26.871408045977013
11,52,79,CulturaX,1431.0,2,134,False,27.51923076923077
21,98,140,CulturaX,2568.46875,3,177,False,26.208864795918366
11,47,64,CulturaX,1191.125,2,134,False,25.34308510638298
12,50,74,CulturaX,1406.890625,2,134,False,28.1378125
8,35,43,CulturaX,978.6875,2,134,False,27.9625
11,46,69,CulturaX,1233.375,2,134,False,26.8125
10,41,57,CulturaX,1044.578125,2,134,False,25.477515243902438
11,46,67,CulturaX,1191.703125,2,134,False,25.906589673913043
35,162,229,CulturaX,4252.5,5,263,False,26.25
7,29,44,CulturaX,793.015625,1,91,True,27.345366379310345
7,24,33,CulturaX,611.015625,1,91,True,25.458984375
66,312,408,CulturaX,7695.09375,9,435,False,24.66376201923077
9,46,64,CulturaX,1162.09375,2,134,False,25.262907608695652
8,32,45,CulturaX,839.75,1,91,True,26.2421875
7,36,54,CulturaX,982.546875,2,134,False,27.29296875
7,27,38,CulturaX,707.28125,1,91,True,26.19560185185185
13,63,91,CulturaX,1623.078125,2,134,False,25.763144841269842
13,64,94,CulturaX,1741.046875,2,134,False,27.203857421875
19,89,131,CulturaX,2452.734375,3,177,False,27.55881320224719
30,141,206,CulturaX,3862.890625,5,263,False,27.39638741134752
13,65,99,CulturaX,1583.953125,2,134,False,24.368509615384614
32,139,197,CulturaX,3648.171875,4,220,False,26.245840827338128
24,100,133,CulturaX,2440.0625,3,177,False,24.400625
14,56,78,CulturaX,1393.453125,2,134,False,24.883091517857142
29,128,175,CulturaX,3439.96875,4,220,False,26.874755859375
13,50,69,CulturaX,1301.828125,2,134,False,26.0365625
8,31,45,CulturaX,841.921875,1,91,True,27.158770161290324
11,44,59,CulturaX,1029.109375,2,134,False,23.388849431818183
11,51,74,CulturaX,1390.515625,2,134,False,27.26501225490196
25,111,161,CulturaX,3063.515625,4,220,False,27.599239864864863
15,72,102,CulturaX,2050.09375,3,177,False,28.473524305555557
26,122,184,CulturaX,3117.515625,4,220,False,25.553406762295083
17,81,119,CulturaX,2167.796875,3,177,False,26.76292438271605
20,88,130,CulturaX,2300.859375,3,177,False,26.146129261363637
14,68,100,CulturaX,1781.71875,2,134,False,26.201746323529413
36,132,175,CulturaX,3347.625,4,220,False,25.360795454545453
19,91,119,CulturaX,2209.28125,3,177,False,24.277815934065934
19,79,104,CulturaX,1941.359375,3,177,False,24.57416930379747
11,45,66,CulturaX,1399.390625,2,134,False,31.097569444444446
11,46,67,CulturaX,1264.234375,2,134,False,27.48335597826087
13,44,60,CulturaX,1129.421875,2,134,False,25.668678977272727
11,52,72,CulturaX,1504.390625,2,134,False,28.930588942307693
43,179,253,CulturaX,4490.625,5,263,False,25.087290502793294
36,163,233,CulturaX,4339.0625,5,263,False,26.620015337423315
9,39,58,CulturaX,1057.15625,2,134,False,27.106570512820515
28,131,177,CulturaX,3528.03125,5,263,False,26.931536259541986
11,43,59,CulturaX,1164.0625,2,134,False,27.07122093023256
31,134,186,CulturaX,3554.671875,4,220,False,26.527402052238806
14,65,89,CulturaX,1630.125,2,134,False,25.078846153846154
8,37,55,CulturaX,948.953125,1,91,True,25.647381756756758
28,133,200,CulturaX,3794.34375,4,220,False,28.52890037593985
28,124,180,CulturaX,3493.75,4,220,False,28.175403225806452
28,130,181,CulturaX,3189.515625,4,220,False,24.534735576923076
8,41,65,CulturaX,1077.71875,2,134,False,26.285823170731707
21,88,122,CulturaX,2360.625,3,177,False,26.82528409090909
8,28,41,CulturaX,755.953125,1,91,True,26.998325892857142
18,84,116,CulturaX,2142.28125,3,177,False,25.503348214285715
15,69,97,CulturaX,1850.484375,3,177,False,26.81861413043478
15,72,107,CulturaX,1972.25,3,177,False,27.39236111111111
25,124,177,CulturaX,3180.34375,4,220,False,25.647933467741936
29,140,191,CulturaX,3667.28125,5,263,False,26.19486607142857
10,40,61,CulturaX,1071.703125,2,134,False,26.792578125
9,38,53,CulturaX,1062.265625,2,134,False,27.95435855263158
10,46,68,CulturaX,1179.546875,2,134,False,25.64232336956522
13,60,78,CulturaX,1525.09375,2,134,False,25.418229166666666
11,48,63,CulturaX,1344.53125,2,134,False,28.011067708333332
13,49,73,CulturaX,1350.6875,2,134,False,27.565051020408163
14,67,101,CulturaX,1861.859375,3,177,False,27.78894589552239
8,32,46,CulturaX,906.78125,1,91,True,28.3369140625
10,37,49,CulturaX,945.71875,1,91,True,25.559966216216218
18,77,105,CulturaX,2108.1875,3,177,False,27.379058441558442
30,125,174,CulturaX,3263.5625,4,220,False,26.1085
13,53,73,CulturaX,1341.859375,2,134,False,25.31810141509434
11,37,53,CulturaX,1044.890625,2,134,False,28.24028716216216
13,56,77,CulturaX,1599.796875,2,134,False,28.567801339285715
12,50,71,CulturaX,1147.328125,2,134,False,22.9465625
20,109,156,CulturaX,2729.296875,4,220,False,25.03942087155963
7,30,45,CulturaX,797.90625,1,91,True,26.596875
23,110,157,CulturaX,3042.421875,4,220,False,27.658380681818183
18,74,102,CulturaX,1904.328125,3,177,False,25.73416385135135
11,42,62,CulturaX,1158.8125,2,134,False,27.59077380952381
7,25,34,CulturaX,664.703125,1,91,True,26.588125
25,129,186,CulturaX,3179.375,4,220,False,24.646317829457363
19,91,134,CulturaX,2440.296875,3,177,False,26.816449175824175
12,47,64,CulturaX,1149.3125,2,134,False,24.45345744680851
8,34,48,CulturaX,957.359375,1,91,True,28.157628676470587
10,48,73,CulturaX,1283.9375,2,134,False,26.748697916666668
9,42,62,CulturaX,1108.6875,2,134,False,26.397321428571427
37,175,249,CulturaX,4468.09375,5,263,False,25.531964285714285
7,27,36,CulturaX,746.265625,1,91,True,27.63946759259259
49,198,270,CulturaX,5021.84375,6,306,False,25.36284722222222
10,44,61,CulturaX,1153.28125,2,134,False,26.2109375
22,119,169,CulturaX,3106.4375,4,220,False,26.10451680672269
7,25,33,CulturaX,715.609375,1,91,True,28.624375
14,62,81,CulturaX,1640.703125,2,134,False,26.46295362903226
10,43,57,CulturaX,1151.78125,2,134,False,26.785610465116278
25,127,185,CulturaX,3345.71875,4,220,False,26.344242125984252
14,74,107,CulturaX,1993.890625,3,177,False,26.944467905405407
13,65,97,CulturaX,1860.765625,3,177,False,28.627163461538462
13,70,91,CulturaX,1688.53125,2,134,False,24.121875
14,66,90,CulturaX,1762.84375,2,134,False,26.70975378787879
28,131,188,CulturaX,3414.71875,4,220,False,26.06655534351145
21,96,138,CulturaX,2753.671875,4,220,False,28.68408203125
10,55,81,CulturaX,1488.546875,2,134,False,27.064488636363638
7,29,42,CulturaX,805.8125,1,91,True,27.786637931034484
7,33,49,CulturaX,902.90625,1,91,True,27.360795454545453
9,42,61,CulturaX,1111.3125,2,134,False,26.459821428571427
24,111,162,CulturaX,3072.359375,4,220,False,27.67891328828829
15,84,106,CulturaX,1975.9375,3,177,False,23.523065476190474
76,337,472,CulturaX,8598.3125,10,478,False,25.514280415430267
12,53,73,CulturaX,1316.703125,2,134,False,24.843455188679247
17,81,121,CulturaX,2035.984375,3,177,False,25.135609567901234
21,94,135,CulturaX,2546.140625,3,177,False,27.08660239361702
26,114,166,CulturaX,3222.875,4,220,False,28.270833333333332
15,68,94,CulturaX,1810.15625,2,134,False,26.619944852941178
13,61,88,CulturaX,1553.296875,2,134,False,25.463883196721312
52,259,362,CulturaX,6839.671875,8,392,False,26.407999517374517
9,45,63,CulturaX,1144.59375,2,134,False,25.435416666666665
27,127,179,CulturaX,3405.28125,4,220,False,26.813238188976378
34,156,225,CulturaX,4159.3125,5,263,False,26.662259615384617
16,76,109,CulturaX,2002.34375,3,177,False,26.346628289473685
10,40,56,CulturaX,1065.46875,2,134,False,26.63671875
35,160,230,CulturaX,4232.125,5,263,False,26.45078125
7,29,37,CulturaX,737.9375,1,91,True,25.44612068965517
9,36,50,CulturaX,1028.15625,2,134,False,28.559895833333332
7,36,49,CulturaX,915.5625,1,91,True,25.432291666666668
11,44,62,CulturaX,1196.515625,2,134,False,27.193536931818183
9,49,70,CulturaX,1351.140625,2,134,False,27.574298469387756
88,392,546,CulturaX,10897.359375,13,607,False,27.799386160714285
9,52,75,CulturaX,1378.0625,2,134,False,26.501201923076923
11,48,71,CulturaX,1266.796875,2,134,False,26.3916015625
30,137,191,CulturaX,3694.765625,5,263,False,26.96909215328467
19,81,121,CulturaX,2192.875,3,177,False,27.07253086419753
9,30,42,CulturaX,805.359375,1,91,True,26.8453125
7,37,51,CulturaX,898.078125,1,91,True,24.272381756756758
24,108,145,CulturaX,2807.390625,4,220,False,25.99435763888889
8,39,56,CulturaX,1085.984375,2,134,False,27.845753205128204
12,56,79,CulturaX,1466.75,2,134,False,26.191964285714285
9,44,54,CulturaX,1092.484375,2,134,False,24.82919034090909
20,78,107,CulturaX,2182.0,3,177,False,27.974358974358974
13,52,75,CulturaX,1352.609375,2,134,False,26.01171875
13,48,62,CulturaX,1191.125,2,134,False,24.815104166666668
7,26,41,CulturaX,714.203125,1,91,True,27.46935096153846
19,79,110,CulturaX,2124.765625,3,177,False,26.895767405063292
8,51,70,CulturaX,1264.359375,2,134,False,24.79136029411765
35,158,217,CulturaX,3923.1875,5,263,False,24.830300632911392
8,29,42,CulturaX,728.953125,1,91,True,25.136314655172413
22,98,136,CulturaX,2596.421875,3,177,False,26.494100765306122
14,80,117,CulturaX,2167.421875,3,177,False,27.0927734375
20,97,136,CulturaX,2457.75,3,177,False,25.337628865979383
9,41,63,CulturaX,1080.890625,2,134,False,26.363185975609756
11,59,90,CulturaX,1565.78125,2,134,False,26.538665254237287
39,152,211,CulturaX,3867.046875,5,263,False,25.441097861842106
7,30,40,CulturaX,798.1875,1,91,True,26.60625
24,114,168,CulturaX,3136.6875,4,220,False,27.51480263157895
12,48,70,CulturaX,1267.53125,2,134,False,26.406901041666668
22,88,114,CulturaX,2258.140625,3,177,False,25.660688920454547
25,141,191,CulturaX,3618.90625,5,263,False,25.666001773049647
22,100,145,CulturaX,2484.890625,3,177,False,24.84890625
34,137,192,CulturaX,3759.828125,4,220,False,27.444000912408757
14,70,98,CulturaX,1867.84375,3,177,False,26.683482142857144
23,117,161,CulturaX,3077.484375,4,220,False,26.303285256410255
16,83,102,CulturaX,1882.453125,2,134,False,22.68015813253012
36,174,253,CulturaX,4854.4375,6,306,False,27.899066091954023
13,68,97,CulturaX,1761.015625,2,134,False,25.897288602941178
11,44,60,CulturaX,1177.234375,2,134,False,26.755326704545453
27,106,145,CulturaX,2859.703125,4,220,False,26.97833136792453
31,143,210,CulturaX,3904.265625,5,263,False,27.302556818181817
13,63,95,CulturaX,1677.390625,2,134,False,26.625248015873016
9,44,63,CulturaX,1254.953125,2,134,False,28.521661931818183
8,31,39,CulturaX,705.671875,1,91,True,22.76360887096774
8,40,53,CulturaX,1142.0625,2,134,False,28.5515625
25,102,146,CulturaX,2659.171875,3,177,False,26.0703125
15,72,101,CulturaX,1863.734375,3,177,False,25.88519965277778
11,55,69,CulturaX,1280.53125,2,134,False,23.282386363636363
17,72,102,CulturaX,1895.28125,2,134,False,26.323350694444443
8,29,42,CulturaX,743.125,1,91,True,25.625
36,151,211,CulturaX,4120.578125,5,263,False,27.288596854304636
10,44,64,CulturaX,1225.296875,2,134,False,27.84765625
10,48,71,CulturaX,1271.3125,2,134,False,26.485677083333332
35,159,212,CulturaX,4281.59375,5,263,False,26.92826257861635
20,77,113,CulturaX,2111.453125,3,177,False,27.421469155844157
42,199,291,CulturaX,5277.75,6,306,False,26.521356783919597
7,27,39,CulturaX,744.796875,1,91,True,27.585069444444443
17,83,117,CulturaX,2065.734375,3,177,False,24.88836596385542
21,92,131,CulturaX,2440.828125,3,177,False,26.530740489130434
14,59,84,CulturaX,1589.046875,2,134,False,26.93299788135593
8,32,45,CulturaX,870.671875,1,91,True,27.20849609375
9,35,46,CulturaX,989.875,2,134,False,28.28214285714286
22,110,147,CulturaX,2892.640625,4,220,False,26.296732954545455
14,53,68,CulturaX,1349.4375,2,134,False,25.46108490566038
34,157,218,CulturaX,4170.84375,5,263,False,26.56588375796178
10,37,56,CulturaX,930.015625,1,91,True,25.13555743243243
41,218,306,CulturaX,5607.109375,7,349,False,25.72068520642202
13,52,74,CulturaX,1374.578125,2,134,False,26.43419471153846
11,54,74,CulturaX,1323.265625,2,134,False,24.50491898148148
11,49,70,CulturaX,1317.4375,2,134,False,26.886479591836736
8,33,48,CulturaX,884.515625,1,91,True,26.80350378787879
10,44,63,CulturaX,1157.75,2,134,False,26.3125
8,38,54,CulturaX,1007.953125,2,134,False,26.525082236842106
11,45,65,CulturaX,1218.5,2,134,False,27.07777777777778
37,173,261,CulturaX,4672.09375,6,306,False,27.00632225433526
7,33,49,CulturaX,923.734375,1,91,True,27.991950757575758
18,75,102,CulturaX,1966.546875,3,177,False,26.220625
10,48,65,CulturaX,1269.546875,2,134,False,26.448893229166668
11,47,67,CulturaX,1263.0625,2,134,False,26.87367021276596
31,150,235,CulturaX,3888.90625,5,263,False,25.926041666666666
20,96,154,CulturaX,2509.890625,3,177,False,26.144694010416668
27,137,200,CulturaX,3706.109375,5,263,False,27.051893248175183
24,119,172,CulturaX,3314.296875,4,220,False,27.85123424369748
32,133,177,CulturaX,3549.671875,4,220,False,26.689262218045112
18,94,137,CulturaX,2529.484375,3,177,False,26.90940824468085
21,83,122,CulturaX,2323.765625,3,177,False,27.997176204819276
35,159,235,CulturaX,4391.421875,5,263,False,27.619005503144653
11,45,62,CulturaX,1230.546875,2,134,False,27.34548611111111
13,56,78,CulturaX,1531.21875,2,134,False,27.343191964285715
18,80,107,CulturaX,2172.75,3,177,False,27.159375
11,51,71,CulturaX,1314.921875,2,134,False,25.782781862745097
13,50,71,CulturaX,1317.078125,2,134,False,26.3415625
7,25,35,CulturaX,685.921875,1,91,True,27.436875
14,63,90,CulturaX,1656.765625,2,134,False,26.297867063492063
21,106,149,CulturaX,2837.84375,4,220,False,26.772110849056602
20,92,130,CulturaX,2371.796875,3,177,False,25.78040081521739
14,56,80,CulturaX,1579.703125,2,134,False,28.208984375
18,75,104,CulturaX,2068.0,3,177,False,27.573333333333334
9,27,38,CulturaX,772.28125,1,91,True,28.60300925925926
29,139,192,CulturaX,3653.265625,4,220,False,26.282486510791365
14,57,75,CulturaX,1503.375,2,134,False,26.375
15,70,103,CulturaX,1757.546875,2,134,False,25.1078125
9,39,62,CulturaX,994.390625,2,134,False,25.497195512820515
8,36,53,CulturaX,1002.296875,2,134,False,27.84157986111111
10,42,58,CulturaX,1111.84375,2,134,False,26.472470238095237
9,39,55,CulturaX,1048.8125,2,134,False,26.892628205128204
34,146,209,CulturaX,3977.875,5,263,False,27.24571917808219
19,81,118,CulturaX,2125.484375,3,177,False,26.240547839506174
21,85,127,CulturaX,2323.265625,3,177,False,27.332536764705882
7,31,41,CulturaX,818.90625,1,91,True,26.416330645161292
7,33,46,CulturaX,850.03125,1,91,True,25.758522727272727
8,46,62,CulturaX,1118.140625,2,134,False,24.307404891304348
9,39,58,CulturaX,1068.0,2,134,False,27.384615384615383
14,56,76,CulturaX,1516.5,2,134,False,27.080357142857142
42,175,254,CulturaX,4701.15625,5,263,False,26.86375
11,45,67,CulturaX,1235.03125,2,134,False,27.445138888888888
27,116,158,CulturaX,3195.546875,4,220,False,27.547817887931036
28,152,225,CulturaX,4120.546875,5,263,False,27.108861019736842
21,85,120,CulturaX,2191.984375,3,177,False,25.788051470588236
16,81,114,CulturaX,2153.6875,3,177,False,26.588734567901234
21,88,122,CulturaX,2269.765625,3,177,False,25.792791193181817
20,82,118,CulturaX,2155.984375,3,177,False,26.29249237804878
17,69,93,CulturaX,1766.390625,2,134,False,25.59986413043478
10,38,53,CulturaX,992.546875,2,134,False,26.119654605263158
14,57,78,CulturaX,1445.953125,2,134,False,25.367598684210527
7,32,53,CulturaX,851.453125,1,91,True,26.60791015625
34,151,219,CulturaX,4022.046875,5,263,False,26.636072019867548
15,61,85,CulturaX,1650.25,2,134,False,27.05327868852459
12,57,79,CulturaX,1532.9375,2,134,False,26.89364035087719
21,90,124,CulturaX,2245.46875,3,177,False,24.94965277777778
18,70,92,CulturaX,1869.625,3,177,False,26.708928571428572
8,39,56,CulturaX,989.140625,2,134,False,25.362580128205128
23,112,163,CulturaX,3043.40625,4,220,False,27.173270089285715
24,101,135,CulturaX,2670.984375,3,177,False,26.44538985148515
10,48,68,CulturaX,1294.859375,2,134,False,26.976236979166668
18,76,118,CulturaX,2092.328125,3,177,False,27.53063322368421
12,52,77,CulturaX,1585.609375,2,134,False,30.49248798076923
8,34,47,CulturaX,812.046875,1,91,True,23.883731617647058
7,28,41,CulturaX,788.765625,1,91,True,28.170200892857142
17,73,103,CulturaX,1940.453125,3,177,False,26.581549657534246
16,64,89,CulturaX,1715.0,2,134,False,26.796875
11,53,72,CulturaX,1431.0625,2,134,False,27.00117924528302
18,75,110,CulturaX,2078.6875,3,177,False,27.715833333333332
14,63,84,CulturaX,1676.265625,2,134,False,26.607390873015873
37,138,183,CulturaX,3549.40625,4,220,False,25.720335144927535
12,58,80,CulturaX,1627.546875,2,134,False,28.06115301724138
28,140,199,CulturaX,3768.90625,5,263,False,26.920758928571427
10,41,54,CulturaX,981.453125,2,134,False,23.937881097560975
10,40,58,CulturaX,1114.71875,2,134,False,27.86796875
9,37,51,CulturaX,964.765625,2,134,False,26.07474662162162
9,32,45,CulturaX,860.0625,1,91,True,26.876953125
18,70,98,CulturaX,1782.828125,2,134,False,25.468973214285715
8,28,39,CulturaX,761.9375,1,91,True,27.212053571428573
23,96,140,CulturaX,2734.609375,4,220,False,28.485514322916668
21,82,116,CulturaX,2152.078125,3,177,False,26.24485518292683
8,33,46,CulturaX,868.609375,1,91,True,26.32149621212121
18,79,112,CulturaX,2129.234375,3,177,False,26.952333860759495
14,65,91,CulturaX,1680.296875,2,134,False,25.850721153846155
13,55,80,CulturaX,1519.125,2,134,False,27.620454545454546
7,29,44,CulturaX,742.46875,1,91,True,25.60237068965517
7,38,54,CulturaX,1004.671875,2,134,False,26.43873355263158
9,44,55,CulturaX,1084.796875,2,134,False,24.654474431818183
7,25,36,CulturaX,687.59375,1,91,True,27.50375
17,72,99,CulturaX,1975.890625,3,177,False,27.44292534722222
33,153,212,CulturaX,4158.25,5,263,False,27.1781045751634
11,61,83,CulturaX,1648.171875,2,134,False,27.01921106557377
60,307,448,CulturaX,8101.53125,10,478,False,26.38935260586319
13,67,88,CulturaX,1626.609375,2,134,False,24.277751865671643
19,73,99,CulturaX,1836.328125,3,177,False,25.15517979452055
28,111,156,CulturaX,2815.4375,3,177,False,25.3643018018018
35,150,212,CulturaX,3823.890625,5,263,False,25.492604166666666
13,48,65,CulturaX,1298.171875,2,134,False,27.045247395833332
7,33,43,CulturaX,799.125,1,91,True,24.21590909090909
22,85,117,CulturaX,2295.609375,3,177,False,27.00716911764706
8,41,63,CulturaX,1247.8125,2,134,False,30.434451219512194
14,98,124,CulturaX,2471.578125,3,177,False,25.220184948979593
17,78,112,CulturaX,2018.453125,3,177,False,25.877604166666668
8,36,50,CulturaX,907.546875,1,91,True,25.209635416666668
14,63,85,CulturaX,1689.671875,2,134,False,26.82018849206349
13,60,90,CulturaX,1580.5,2,134,False,26.341666666666665
15,62,91,CulturaX,1763.96875,2,134,False,28.45110887096774
8,39,61,CulturaX,1091.3125,2,134,False,27.982371794871796
7,34,49,CulturaX,984.734375,2,134,False,28.962775735294116
30,135,189,CulturaX,3645.296875,5,263,False,27.002199074074074
21,101,150,CulturaX,2719.375,3,177,False,26.92450495049505
8,29,41,CulturaX,766.25,1,91,True,26.42241379310345
14,66,89,CulturaX,1785.734375,2,134,False,27.056581439393938
14,71,100,CulturaX,1983.0625,3,177,False,27.930457746478872
19,86,122,CulturaX,2276.03125,3,177,False,26.46547965116279
20,91,126,CulturaX,2494.921875,3,177,False,27.4167239010989
8,33,47,CulturaX,913.4375,1,91,True,27.679924242424242
32,134,188,CulturaX,3501.6875,4,220,False,26.131996268656717
18,79,113,CulturaX,2006.671875,3,177,False,25.40090981012658
13,61,93,CulturaX,1702.828125,2,134,False,27.915215163934427
41,198,291,CulturaX,5089.71875,6,306,False,25.705650252525253
12,56,81,CulturaX,1500.609375,2,134,False,26.796595982142858
12,62,90,CulturaX,1760.703125,3,177,False,28.3984375
18,91,133,CulturaX,2370.84375,3,177,False,26.053228021978022
10,58,87,CulturaX,1437.0625,2,134,False,24.776939655172413
17,63,80,CulturaX,1551.953125,2,134,False,24.63417658730159
16,66,93,CulturaX,1748.03125,2,134,False,26.48532196969697
38,156,212,CulturaX,4089.640625,5,263,False,26.21564503205128
14,58,84,CulturaX,1605.453125,2,134,False,27.68022629310345
21,94,134,CulturaX,2537.484375,3,177,False,26.994514627659573
37,191,251,CulturaX,4965.75,6,306,False,25.99869109947644
7,30,42,CulturaX,807.390625,1,91,True,26.913020833333334
26,125,173,CulturaX,3353.46875,4,220,False,26.82775
14,68,95,CulturaX,1784.9375,2,134,False,26.249080882352942
26,111,169,CulturaX,2926.328125,4,220,False,26.36331644144144
13,46,67,CulturaX,1245.25,2,134,False,27.070652173913043
11,51,75,CulturaX,1495.59375,2,134,False,29.325367647058822
7,28,41,CulturaX,781.140625,1,91,True,27.897879464285715
12,59,92,CulturaX,1576.359375,2,134,False,26.717955508474578
14,60,83,CulturaX,1627.703125,2,134,False,27.128385416666667
12,53,79,CulturaX,1449.0,2,134,False,27.339622641509433
12,56,82,CulturaX,1525.296875,2,134,False,27.237444196428573
27,133,190,CulturaX,3592.296875,5,263,False,27.009750939849624
7,25,36,CulturaX,665.671875,1,91,True,26.626875
10,43,67,CulturaX,1162.59375,2,134,False,27.03706395348837
7,27,42,CulturaX,682.25,1,91,True,25.26851851851852
35,169,244,CulturaX,4486.34375,5,263,False,26.546412721893493
11,46,65,CulturaX,1238.6875,2,134,False,26.92798913043478
33,155,217,CulturaX,4115.90625,5,263,False,26.554233870967742
7,26,39,CulturaX,713.15625,1,91,True,27.42908653846154
23,93,126,CulturaX,2470.6875,3,177,False,26.566532258064516
30,145,215,CulturaX,4107.78125,5,263,False,28.329525862068966
49,229,327,CulturaX,6192.46875,7,349,False,27.04134825327511
28,134,185,CulturaX,3388.015625,4,220,False,25.28369869402985
8,37,53,CulturaX,1046.53125,2,134,False,28.28462837837838
7,35,53,CulturaX,1065.65625,2,134,False,30.447321428571428
11,48,61,CulturaX,1056.203125,2,134,False,22.004231770833332
7,28,39,CulturaX,732.84375,1,91,True,26.172991071428573
30,143,199,CulturaX,3736.328125,5,263,False,26.128168706293707
22,88,124,CulturaX,2361.703125,3,177,False,26.837535511363637
9,35,45,CulturaX,919.59375,1,91,True,26.274107142857144
9,42,57,CulturaX,1123.46875,2,134,False,26.749255952380953
9,37,54,CulturaX,1070.953125,2,134,False,28.944679054054053
38,195,279,CulturaX,5282.5625,7,349,False,27.090064102564103
16,76,99,CulturaX,1799.046875,2,134,False,23.671669407894736
19,93,132,CulturaX,2399.59375,3,177,False,25.802083333333332
10,31,40,CulturaX,773.6875,1,91,True,24.95766129032258
25,110,161,CulturaX,2955.953125,4,220,False,26.872301136363635
19,76,107,CulturaX,2072.515625,3,177,False,27.269942434210527
9,47,59,CulturaX,1119.78125,2,134,False,23.825132978723403
15,71,102,CulturaX,1888.515625,2,134,False,26.598811619718308
9,47,75,CulturaX,1263.390625,2,134,False,26.88065159574468
25,115,164,CulturaX,2956.703125,4,220,False,25.71046195652174
28,130,178,CulturaX,3368.84375,4,220,False,25.91418269230769
7,36,49,CulturaX,938.203125,1,91,True,26.061197916666668
20,96,130,CulturaX,2645.65625,3,177,False,27.558919270833332
17,69,95,CulturaX,1727.5,2,134,False,25.036231884057973
40,184,254,CulturaX,4904.40625,6,306,False,26.65438179347826
26,108,151,CulturaX,2768.046875,4,220,False,25.63006365740741
9,42,61,CulturaX,1126.90625,2,134,False,26.83110119047619
11,54,77,CulturaX,1433.515625,2,134,False,26.54658564814815
24,103,153,CulturaX,2695.21875,3,177,False,26.167172330097088
19,78,108,CulturaX,2039.953125,3,177,False,26.153245192307693
49,235,336,CulturaX,6217.921875,7,349,False,26.459242021276594
8,29,42,CulturaX,774.28125,1,91,True,26.69935344827586
32,150,212,CulturaX,4121.96875,5,263,False,27.479791666666667
22,93,132,CulturaX,2558.53125,3,177,False,27.51108870967742
12,58,84,CulturaX,1602.375,2,134,False,27.627155172413794
13,55,80,CulturaX,1575.890625,2,134,False,28.652556818181818
7,27,39,CulturaX,736.53125,1,91,True,27.278935185185187
8,27,32,CulturaX,652.53125,1,91,True,24.167824074074073
18,82,110,CulturaX,2176.40625,3,177,False,26.541539634146343
19,85,121,CulturaX,2399.5,3,177,False,28.229411764705883
21,92,126,CulturaX,2388.03125,3,177,False,25.956861413043477
10,47,72,CulturaX,1448.6875,2,134,False,30.82313829787234
33,158,228,CulturaX,4267.875,5,263,False,27.011867088607595
16,81,120,CulturaX,2184.09375,3,177,False,26.96412037037037
39,169,231,CulturaX,4524.921875,5,263,False,26.774685650887573
21,89,130,CulturaX,2365.703125,3,177,False,26.580933988764045
18,68,93,CulturaX,1749.1875,2,134,False,25.723345588235293
26,113,164,CulturaX,3078.71875,4,220,False,27.24529867256637
26,103,148,CulturaX,2785.1875,4,220,False,27.040655339805824
8,48,73,CulturaX,1375.125,2,134,False,28.6484375
28,108,150,CulturaX,2943.34375,4,220,False,27.25318287037037
26,108,151,CulturaX,2833.59375,4,220,False,26.236979166666668
9,40,50,CulturaX,1034.359375,2,134,False,25.858984375
9,33,49,CulturaX,912.234375,1,91,True,27.64346590909091
7,24,37,CulturaX,623.078125,1,91,True,25.961588541666668
21,82,116,CulturaX,2085.703125,3,177,False,25.435403963414632
8,33,49,CulturaX,890.171875,1,91,True,26.974905303030305
7,31,42,CulturaX,853.0625,1,91,True,27.518145161290324
26,132,193,CulturaX,3488.609375,4,220,False,26.428858901515152
13,68,100,CulturaX,1792.6875,3,177,False,26.363051470588236
20,79,104,CulturaX,2113.375,3,177,False,26.751582278481013
12,62,77,CulturaX,1388.96875,2,134,False,22.402721774193548
37,149,208,CulturaX,3964.578125,5,263,False,26.60790687919463
33,150,209,CulturaX,3908.46875,5,263,False,26.05645833333333
7,34,46,CulturaX,914.140625,1,91,True,26.886488970588236
16,80,95,CulturaX,1880.40625,2,134,False,23.505078125
13,62,84,CulturaX,1599.671875,2,134,False,25.801159274193548
57,293,429,CulturaX,8003.75,9,435,False,27.31655290102389
17,68,90,CulturaX,1783.703125,2,134,False,26.23092830882353
15,59,81,CulturaX,1552.453125,2,134,False,26.312764830508474
8,43,56,CulturaX,1073.296875,2,134,False,24.960392441860463
7,32,51,CulturaX,845.984375,1,91,True,26.43701171875
12,68,93,CulturaX,1588.734375,2,134,False,23.36374080882353
28,112,151,CulturaX,2888.609375,4,220,False,25.791155133928573
21,96,133,CulturaX,2503.171875,3,177,False,26.07470703125
7,26,38,CulturaX,627.0,1,91,True,24.115384615384617
22,101,140,CulturaX,2730.796875,3,177,False,27.037592821782177
17,84,130,CulturaX,2286.3125,3,177,False,27.218005952380953
20,87,128,CulturaX,2401.890625,3,177,False,27.607938218390803
21,90,124,CulturaX,2409.84375,3,177,False,26.776041666666668
15,69,103,CulturaX,1888.296875,3,177,False,27.366621376811594
13,56,86,CulturaX,1641.890625,2,134,False,29.319475446428573
10,47,71,CulturaX,1319.671875,2,134,False,28.078125
9,45,65,CulturaX,1121.640625,2,134,False,24.92534722222222
53,258,366,CulturaX,6868.015625,8,392,False,26.620215600775193
9,43,60,CulturaX,1172.53125,2,134,False,27.268168604651162
11,54,74,CulturaX,1347.65625,2,134,False,24.95659722222222
8,33,51,CulturaX,997.203125,2,134,False,30.218276515151516
25,109,157,CulturaX,2858.578125,4,220,False,26.225487385321102
38,165,236,CulturaX,4447.765625,5,263,False,26.956155303030304
17,76,108,CulturaX,2068.203125,3,177,False,27.213199013157894
23,113,164,CulturaX,2953.734375,4,220,False,26.139242256637168
34,159,225,CulturaX,4198.5,5,263,False,26.40566037735849
18,83,117,CulturaX,2224.296875,3,177,False,26.798757530120483
18,76,100,CulturaX,1981.21875,3,177,False,26.068667763157894
15,80,114,CulturaX,1976.140625,3,177,False,24.7017578125
9,35,51,CulturaX,968.9375,2,134,False,27.68392857142857
26,134,197,CulturaX,3658.484375,4,220,False,27.302122201492537
12,52,70,CulturaX,1434.796875,2,134,False,27.592247596153847
17,72,105,CulturaX,1999.984375,3,177,False,27.77756076388889
7,30,36,CulturaX,747.953125,1,91,True,24.931770833333335
13,66,91,CulturaX,1804.84375,2,134,False,27.346117424242426
17,76,108,CulturaX,2080.53125,3,177,False,27.375411184210527
10,50,67,CulturaX,1446.84375,2,134,False,28.936875
11,50,75,CulturaX,1232.5,2,134,False,24.65
7,25,36,CulturaX,606.65625,1,91,True,24.26625
9,39,52,CulturaX,1004.546875,2,134,False,25.75761217948718
10,59,86,CulturaX,1526.4375,2,134,False,25.871822033898304
9,34,47,CulturaX,865.515625,1,91,True,25.456341911764707
23,102,147,CulturaX,2708.109375,3,177,False,26.550091911764707
24,102,140,CulturaX,2549.03125,3,177,False,24.990502450980394
13,55,74,CulturaX,1456.828125,2,134,False,26.48778409090909
13,64,91,CulturaX,1856.265625,2,134,False,29.004150390625
28,110,162,CulturaX,3051.421875,4,220,False,27.740198863636362
28,116,166,CulturaX,3055.09375,4,220,False,26.337015086206897
31,155,221,CulturaX,4247.75,5,263,False,27.40483870967742
18,77,112,CulturaX,1976.625,3,177,False,25.670454545454547
8,36,56,CulturaX,1040.015625,2,134,False,28.889322916666668
10,44,59,CulturaX,1135.140625,2,134,False,25.798650568181817
37,170,242,CulturaX,4464.109375,5,263,False,26.259466911764704
10,41,58,CulturaX,1150.65625,2,134,False,28.064786585365855
21,96,140,CulturaX,2662.875,3,177,False,27.73828125
15,67,93,CulturaX,1812.96875,2,134,False,27.059235074626866
13,60,82,CulturaX,1599.15625,2,134,False,26.652604166666666
26,129,182,CulturaX,3248.796875,4,220,False,25.184471899224807
23,94,118,CulturaX,2441.84375,3,177,False,25.977061170212767
11,52,77,CulturaX,1453.828125,2,134,False,27.958233173076923
13,61,83,CulturaX,1580.125,2,134,False,25.903688524590162
26,106,143,CulturaX,2713.140625,3,177,False,25.595666273584907
11,41,53,CulturaX,1006.484375,2,134,False,24.5483993902439
36,176,254,CulturaX,4687.140625,6,306,False,26.631480823863637
28,105,141,CulturaX,2758.140625,3,177,False,26.268005952380953
30,129,171,CulturaX,3288.53125,4,220,False,25.49249031007752
7,29,37,CulturaX,703.03125,1,91,True,24.242456896551722
33,169,240,CulturaX,4579.453125,5,263,False,27.09735576923077
9,35,53,CulturaX,885.703125,1,91,True,25.305803571428573
9,42,62,CulturaX,1165.765625,2,134,False,27.756324404761905
43,210,284,CulturaX,5329.34375,6,306,False,25.377827380952382
52,252,346,CulturaX,6526.671875,8,392,False,25.899491567460316
9,47,63,CulturaX,1148.125,2,134,False,24.4281914893617
26,135,199,CulturaX,3679.234375,5,263,False,27.253587962962964
11,40,57,CulturaX,1097.21875,2,134,False,27.43046875
21,92,125,CulturaX,2344.640625,3,177,False,25.48522418478261
11,53,73,CulturaX,1428.75,2,134,False,26.95754716981132
30,149,222,CulturaX,3993.640625,5,263,False,26.8029572147651
30,145,209,CulturaX,3976.203125,5,263,False,27.42209051724138
14,58,86,CulturaX,1444.3125,2,134,False,24.901939655172413
33,137,202,CulturaX,3589.390625,4,220,False,26.199931569343065
19,71,104,CulturaX,1963.359375,3,177,False,27.652948943661972
37,170,249,CulturaX,4574.78125,6,306,False,26.91047794117647
30,143,202,CulturaX,3745.65625,5,263,False,26.19340034965035
13,61,89,CulturaX,1635.21875,2,134,False,26.80686475409836
14,61,87,CulturaX,1584.71875,2,134,False,25.978995901639344
7,32,44,CulturaX,878.90625,1,91,True,27.4658203125
21,85,122,CulturaX,2298.140625,3,177,False,27.036948529411763
12,53,71,CulturaX,1256.8125,2,134,False,23.713443396226417
8,29,38,CulturaX,790.96875,1,91,True,27.27478448275862
11,56,69,CulturaX,1424.03125,2,134,False,25.429129464285715
9,42,58,CulturaX,1050.1875,2,134,False,25.004464285714285
25,106,158,CulturaX,2635.53125,3,177,False,24.863502358490567
9,43,59,CulturaX,1120.765625,2,134,False,26.064316860465116
24,109,157,CulturaX,2858.375,4,220,False,26.22362385321101
16,81,115,CulturaX,2260.03125,3,177,False,27.90162037037037
9,37,51,CulturaX,952.90625,1,91,True,25.754222972972972
7,33,46,CulturaX,733.265625,1,91,True,22.220170454545453
27,124,165,CulturaX,3163.3125,4,220,False,25.510584677419356
12,58,83,CulturaX,1673.421875,2,134,False,28.85210129310345
11,55,73,CulturaX,1470.71875,2,134,False,26.74034090909091
12,49,68,CulturaX,1295.796875,2,134,False,26.444834183673468
6,28,34,CulturaX,591.28125,1,91,True,21.1171875
17,93,137,CulturaX,2531.703125,3,177,False,27.222614247311828
11,44,61,CulturaX,1217.078125,2,134,False,27.660866477272727
32,153,227,CulturaX,4119.0625,5,263,False,26.921977124183005
32,138,198,CulturaX,3721.078125,4,220,False,26.964334239130434
19,74,99,CulturaX,1921.046875,3,177,False,25.960092905405407
7,30,42,CulturaX,861.421875,1,91,True,28.7140625
17,74,109,CulturaX,1941.40625,3,177,False,26.235219594594593
13,60,82,CulturaX,1551.5,2,134,False,25.858333333333334
9,41,58,CulturaX,1183.5625,2,134,False,28.867378048780488
7,27,39,CulturaX,789.046875,1,91,True,29.223958333333332
9,47,67,CulturaX,1348.390625,2,134,False,28.689162234042552
8,33,49,CulturaX,891.3125,1,91,True,27.009469696969695
34,171,241,CulturaX,4505.640625,5,263,False,26.348775584795323
10,45,57,CulturaX,1183.40625,2,134,False,26.297916666666666
7,28,38,CulturaX,733.34375,1,91,True,26.190848214285715
8,33,46,CulturaX,916.390625,1,91,True,27.76941287878788
26,119,165,CulturaX,3155.09375,4,220,False,26.513392857142858
12,47,64,CulturaX,1199.59375,2,134,False,25.523271276595743
13,53,72,CulturaX,1399.53125,2,134,False,26.40625
11,47,68,CulturaX,1255.375,2,134,False,26.710106382978722
21,98,141,CulturaX,2610.40625,3,177,False,26.636798469387756
31,160,229,CulturaX,4254.765625,5,263,False,26.59228515625
22,101,143,CulturaX,2511.84375,3,177,False,24.869740099009903
7,29,41,CulturaX,867.046875,1,91,True,29.898168103448278
34,148,215,CulturaX,3920.25,5,263,False,26.488175675675677
47,199,286,CulturaX,5317.796875,6,306,False,26.722597361809044
15,63,92,CulturaX,1715.34375,2,134,False,27.227678571428573
51,227,326,CulturaX,5885.390625,7,349,False,25.926830947136565
17,74,109,CulturaX,1997.96875,3,177,False,26.9995777027027
9,45,62,CulturaX,1223.09375,2,134,False,27.179861111111112
23,103,153,CulturaX,2821.8125,4,220,False,27.39623786407767
14,57,81,CulturaX,1548.546875,2,134,False,27.16748903508772
43,212,310,CulturaX,5798.59375,7,349,False,27.351857311320753
21,104,143,CulturaX,2828.984375,4,220,False,27.20177283653846
43,189,252,CulturaX,4967.671875,6,306,False,26.283978174603174
23,99,130,CulturaX,2608.171875,3,177,False,26.345170454545453
12,55,79,CulturaX,1502.03125,2,134,False,27.30965909090909
19,92,130,CulturaX,2429.375,3,177,False,26.40625
49,246,354,CulturaX,6737.84375,8,392,False,27.3896087398374
33,151,205,CulturaX,4049.796875,5,263,False,26.819846854304636
15,59,90,CulturaX,1571.375,2,134,False,26.633474576271187
15,70,101,CulturaX,1867.171875,3,177,False,26.673883928571428
9,40,58,CulturaX,1131.6875,2,134,False,28.2921875
10,52,75,CulturaX,1369.40625,2,134,False,26.334735576923077
12,49,68,CulturaX,1325.15625,2,134,False,27.044005102040817
7,31,43,CulturaX,779.046875,1,91,True,25.130544354838708
27,124,181,CulturaX,3315.15625,4,220,False,26.735131048387096
17,77,100,CulturaX,2052.625,3,177,False,26.657467532467532
18,85,116,CulturaX,2116.265625,3,177,False,24.897242647058825
10,44,61,CulturaX,1221.421875,2,134,False,27.759588068181817
34,150,213,CulturaX,3996.203125,5,263,False,26.641354166666666
16,70,96,CulturaX,1875.390625,3,177,False,26.791294642857142
9,38,58,CulturaX,1063.78125,2,134,False,27.99424342105263
20,95,128,CulturaX,2417.609375,3,177,False,25.448519736842105
10,51,66,CulturaX,1429.140625,2,134,False,28.022365196078432
34,152,203,CulturaX,3946.453125,5,263,False,25.96350740131579
37,184,263,CulturaX,4886.53125,6,306,False,26.557235054347824
9,45,67,CulturaX,1257.71875,2,134,False,27.949305555555554
13,56,77,CulturaX,1553.65625,2,134,False,27.743861607142858
19,77,95,CulturaX,1682.28125,2,134,False,21.847808441558442
18,83,105,CulturaX,1908.4375,3,177,False,22.993222891566266
22,99,150,CulturaX,2756.625,4,220,False,27.84469696969697
32,133,183,CulturaX,3521.3125,4,220,False,26.476033834586467
23,107,148,CulturaX,2893.734375,4,220,False,27.0442464953271
10,39,52,CulturaX,1030.421875,2,134,False,26.42107371794872
11,50,76,CulturaX,1368.296875,2,134,False,27.3659375
17,82,126,CulturaX,2126.734375,3,177,False,25.93578506097561
16,68,99,CulturaX,1738.90625,2,134,False,25.572150735294116
20,88,120,CulturaX,2427.984375,3,177,False,27.59073153409091
14,62,88,CulturaX,1591.640625,2,134,False,25.671622983870968
16,63,80,CulturaX,1624.53125,2,134,False,25.786210317460316
24,124,175,CulturaX,3236.859375,4,220,False,26.103704637096776
11,46,65,CulturaX,1301.828125,2,134,False,28.300611413043477
31,141,201,CulturaX,3835.609375,5,263,False,27.202903368794328
8,34,51,CulturaX,860.296875,1,91,True,25.302849264705884
32,134,186,CulturaX,3440.671875,4,220,False,25.67665578358209
16,76,111,CulturaX,1990.203125,3,177,False,26.18688322368421
10,44,58,CulturaX,1212.0625,2,134,False,27.546875
10,50,68,CulturaX,1310.640625,2,134,False,26.2128125
7,32,51,CulturaX,951.96875,1,91,True,29.7490234375
13,60,79,CulturaX,1516.78125,2,134,False,25.2796875
23,113,161,CulturaX,2611.3125,3,177,False,23.10896017699115
32,166,240,CulturaX,4477.296875,5,263,False,26.97166792168675
17,70,96,CulturaX,1772.984375,2,134,False,25.328348214285715
7,28,40,CulturaX,699.84375,1,91,True,24.994419642857142
18,78,108,CulturaX,2103.109375,3,177,False,26.962940705128204
35,155,223,CulturaX,4165.4375,5,263,False,26.873790322580646
40,198,278,CulturaX,5283.171875,6,306,False,26.682686237373737
15,62,87,CulturaX,1634.78125,2,134,False,26.367439516129032
9,45,69,CulturaX,1164.328125,2,134,False,25.873958333333334
8,36,50,CulturaX,883.984375,1,91,True,24.55512152777778
28,124,169,CulturaX,3245.875,4,220,False,26.17641129032258
10,43,63,CulturaX,1239.4375,2,134,False,28.824127906976745
36,173,259,CulturaX,4787.34375,6,306,False,27.672507225433527
9,36,46,CulturaX,829.90625,1,91,True,23.05295138888889
17,69,88,CulturaX,1747.84375,2,134,False,25.33106884057971
15,52,74,CulturaX,1348.953125,2,134,False,25.94140625
30,132,193,CulturaX,3399.4375,4,220,False,25.753314393939394
7,33,48,CulturaX,925.515625,1,91,True,28.04592803030303
23,101,141,CulturaX,2709.0,3,177,False,26.821782178217823
7,29,40,CulturaX,769.453125,1,91,True,26.532866379310345
11,56,77,CulturaX,1480.34375,2,134,False,26.434709821428573
12,61,95,CulturaX,1642.203125,2,134,False,26.92136270491803
41,187,258,CulturaX,5012.171875,6,306,False,26.803058155080215
28,111,154,CulturaX,2948.140625,4,220,False,26.55982545045045
16,78,107,CulturaX,2008.40625,3,177,False,25.748798076923077
7,29,47,CulturaX,767.3125,1,91,True,26.459051724137932
7,25,37,CulturaX,732.09375,1,91,True,29.28375
21,103,145,CulturaX,2794.21875,4,220,False,27.128337378640776
9,34,47,CulturaX,947.140625,1,91,True,27.85707720588235
14,72,100,CulturaX,1947.015625,3,177,False,27.041883680555557
7,34,48,CulturaX,950.796875,1,91,True,27.964613970588236
15,57,82,CulturaX,1647.453125,2,134,False,28.90268640350877
14,68,95,CulturaX,1823.515625,2,134,False,26.81640625
39,169,250,CulturaX,4567.859375,6,306,False,27.02875369822485
44,208,304,CulturaX,5301.46875,6,306,False,25.487830528846153
8,31,47,CulturaX,846.75,1,91,True,27.31451612903226
10,37,54,CulturaX,1066.84375,2,134,False,28.833614864864863
51,234,322,CulturaX,5980.984375,7,349,False,25.559762286324787
29,132,190,CulturaX,3552.265625,4,220,False,26.91110321969697
7,35,55,CulturaX,1042.90625,2,134,False,29.79732142857143
25,115,165,CulturaX,3309.4375,4,220,False,28.777717391304346
28,130,181,CulturaX,3453.09375,4,220,False,26.562259615384615
28,116,173,CulturaX,3089.375,4,220,False,26.632543103448278
22,96,134,CulturaX,2632.875,3,177,False,27.42578125
16,82,121,CulturaX,2256.203125,3,177,False,27.514672256097562
16,76,110,CulturaX,2063.890625,3,177,False,27.156455592105264
13,62,93,CulturaX,1547.84375,2,134,False,24.965221774193548
20,102,142,CulturaX,2761.703125,3,177,False,27.075520833333332
9,32,46,CulturaX,842.4375,1,91,True,26.326171875
15,60,81,CulturaX,1666.765625,2,134,False,27.779427083333335
9,51,73,CulturaX,1430.375,2,134,False,28.04656862745098
7,31,43,CulturaX,875.53125,1,91,True,28.242943548387096
12,52,72,CulturaX,1234.21875,2,134,False,23.73497596153846
10,51,77,CulturaX,1458.4375,2,134,False,28.596813725490197
39,168,230,CulturaX,4340.984375,5,263,False,25.839192708333332
20,79,116,CulturaX,2074.421875,3,177,False,26.258504746835442
10,42,61,CulturaX,1217.203125,2,134,False,28.981026785714285
13,57,86,CulturaX,1592.296875,2,134,False,27.935032894736842
20,92,125,CulturaX,2495.265625,3,177,False,27.122452445652176
13,55,73,CulturaX,1426.421875,2,134,False,25.93494318181818
20,88,128,CulturaX,2355.3125,3,177,False,26.764914772727273
10,36,46,CulturaX,944.046875,1,91,True,26.223524305555557
11,48,68,CulturaX,1357.5625,2,134,False,28.282552083333332
10,43,57,CulturaX,1028.21875,2,134,False,23.91206395348837
14,77,115,CulturaX,2076.953125,3,177,False,26.973417207792206
21,84,110,CulturaX,2169.40625,3,177,False,25.82626488095238
15,64,86,CulturaX,1650.25,2,134,False,25.78515625
24,109,141,CulturaX,2592.421875,3,177,False,23.783686926605505
9,38,54,CulturaX,994.890625,2,134,False,26.181332236842106
16,67,89,CulturaX,1757.78125,2,134,False,26.23554104477612
8,33,45,CulturaX,882.515625,1,91,True,26.742897727272727
32,141,202,CulturaX,3725.109375,4,220,False,26.419215425531913
25,101,144,CulturaX,2633.296875,3,177,False,26.072246287128714
18,80,110,CulturaX,2006.609375,3,177,False,25.0826171875
28,118,156,CulturaX,2665.46875,3,177,False,22.588718220338983
31,139,201,CulturaX,3657.015625,5,263,False,26.309464928057555
22,113,157,CulturaX,3006.796875,4,220,False,26.608821902654867
8,37,53,CulturaX,951.09375,1,91,True,25.705236486486488
12,54,76,CulturaX,1544.46875,2,134,False,28.60127314814815
20,92,127,CulturaX,2530.84375,3,177,False,27.509171195652176
10,39,53,CulturaX,1022.21875,2,134,False,26.21073717948718
10,47,66,CulturaX,1283.96875,2,134,False,27.31848404255319
8,36,50,CulturaX,1001.953125,2,134,False,27.83203125
43,214,335,CulturaX,5369.4375,6,306,False,25.090829439252335
21,107,151,CulturaX,2720.96875,4,220,False,25.429614485981308
14,57,88,CulturaX,1641.09375,2,134,False,28.79111842105263
17,72,101,CulturaX,1897.890625,2,134,False,26.35959201388889
13,52,73,CulturaX,1418.546875,2,134,False,27.279747596153847
20,76,110,CulturaX,2063.578125,3,177,False,27.15234375
8,36,50,CulturaX,988.390625,2,134,False,27.45529513888889
36,155,221,CulturaX,4144.625,5,263,False,26.739516129032257
14,67,100,CulturaX,1793.859375,2,134,False,26.77402052238806
37,168,230,CulturaX,4353.171875,5,263,False,25.911737351190474
21,101,149,CulturaX,2717.171875,3,177,False,26.902691831683168
22,99,129,CulturaX,2648.078125,3,177,False,26.74826388888889
15,64,81,CulturaX,1608.921875,2,134,False,25.139404296875
7,26,39,CulturaX,736.828125,1,91,True,28.33954326923077
34,159,221,CulturaX,4141.03125,5,263,False,26.04422169811321
42,187,258,CulturaX,4952.875,6,306,False,26.48596256684492
10,49,76,CulturaX,1262.609375,2,134,False,25.767538265306122
16,72,102,CulturaX,2037.265625,3,177,False,28.29535590277778
13,60,88,CulturaX,1779.96875,2,134,False,29.666145833333335
11,59,81,CulturaX,1608.109375,2,134,False,27.256091101694917
26,122,170,CulturaX,3213.71875,4,220,False,26.341956967213115
24,111,160,CulturaX,3017.84375,4,220,False,27.18778153153153
30,127,173,CulturaX,3217.828125,4,220,False,25.337229330708663
13,56,80,CulturaX,1480.53125,2,134,False,26.438058035714285
28,158,201,CulturaX,3893.453125,5,263,False,24.64210838607595
12,57,81,CulturaX,1604.484375,2,134,False,28.148848684210527
8,31,47,CulturaX,911.234375,1,91,True,29.394657258064516
8,38,53,CulturaX,1039.9375,2,134,False,27.366776315789473
30,123,170,CulturaX,3344.5,4,220,False,27.191056910569106
8,37,55,CulturaX,990.421875,2,134,False,26.768158783783782
20,74,106,CulturaX,1938.796875,3,177,False,26.19995777027027
30,127,186,CulturaX,3256.734375,4,220,False,25.64357775590551
9,38,53,CulturaX,1028.125,2,134,False,27.05592105263158
11,47,65,CulturaX,1236.890625,2,134,False,26.31682180851064
11,53,75,CulturaX,1392.71875,2,134,False,26.277712264150942
7,31,41,CulturaX,826.1875,1,91,True,26.651209677419356
21,86,121,CulturaX,2304.8125,3,177,False,26.80014534883721
16,76,104,CulturaX,2073.09375,3,177,False,27.277549342105264
17,77,105,CulturaX,1987.234375,3,177,False,25.808238636363637
7,30,43,CulturaX,817.6875,1,91,True,27.25625
14,59,84,CulturaX,1498.625,2,134,False,25.40042372881356
26,108,151,CulturaX,2872.609375,3,177,False,26.598234953703702
16,70,103,CulturaX,1908.765625,3,177,False,27.268080357142857
12,43,58,CulturaX,1034.96875,2,134,False,24.069040697674417
17,83,117,CulturaX,2215.34375,3,177,False,26.69088855421687
11,51,70,CulturaX,1401.0,2,134,False,27.470588235294116
11,50,66,CulturaX,1255.125,2,134,False,25.1025
22,103,149,CulturaX,2737.875,3,177,False,26.58131067961165
13,55,74,CulturaX,1395.625,2,134,False,25.375
9,36,50,CulturaX,960.703125,2,134,False,26.686197916666668
9,36,48,CulturaX,944.078125,1,91,True,26.22439236111111
9,42,59,CulturaX,1138.3125,2,134,False,27.102678571428573
23,109,164,CulturaX,2857.828125,4,220,False,26.218606651376145
14,59,80,CulturaX,1552.4375,2,134,False,26.3125
24,119,169,CulturaX,3177.765625,4,220,False,26.70391281512605
8,31,41,CulturaX,810.15625,1,91,True,26.13407258064516
18,98,128,CulturaX,2529.53125,3,177,False,25.81154336734694
15,60,90,CulturaX,1711.25,2,134,False,28.520833333333332
7,28,38,CulturaX,788.25,1,91,True,28.151785714285715
27,125,175,CulturaX,3601.109375,4,220,False,28.808875
9,40,55,CulturaX,1084.609375,2,134,False,27.115234375
8,32,47,CulturaX,842.390625,1,91,True,26.32470703125
19,82,111,CulturaX,2099.453125,3,177,False,25.6030868902439
11,49,66,CulturaX,1254.8125,2,134,False,25.60841836734694
12,51,68,CulturaX,1333.671875,2,134,False,26.15042892156863
9,32,48,CulturaX,930.328125,1,91,True,29.07275390625
8,40,59,CulturaX,1101.03125,2,134,False,27.52578125
15,50,69,CulturaX,1333.703125,2,134,False,26.6740625
10,41,51,CulturaX,995.65625,2,134,False,24.284298780487806
24,105,147,CulturaX,2730.421875,3,177,False,26.004017857142856
9,41,57,CulturaX,1092.671875,2,134,False,26.650533536585368
8,27,35,CulturaX,721.28125,1,91,True,26.71412037037037
10,46,60,CulturaX,1265.265625,2,134,False,27.50577445652174
33,154,215,CulturaX,4066.359375,5,263,False,26.404931006493506
8,41,58,CulturaX,1058.671875,2,134,False,25.821265243902438
18,75,100,CulturaX,1890.875,3,177,False,25.211666666666666
10,37,54,CulturaX,996.515625,2,134,False,26.93285472972973
8,29,39,CulturaX,783.109375,1,91,True,27.00377155172414
18,82,122,CulturaX,2160.546875,3,177,False,26.34813262195122
10,44,59,CulturaX,1176.578125,2,134,False,26.740411931818183
18,77,116,CulturaX,1993.875,3,177,False,25.89448051948052
11,51,82,CulturaX,1399.703125,2,134,False,27.44515931372549
19,79,104,CulturaX,2002.65625,3,177,False,25.35007911392405
13,53,69,CulturaX,1332.953125,2,134,False,25.15005896226415
26,112,159,CulturaX,2959.515625,4,220,False,26.424246651785715
26,99,135,CulturaX,2631.609375,3,177,False,26.58191287878788
15,65,91,CulturaX,1773.15625,2,134,False,27.279326923076923
15,63,92,CulturaX,1694.640625,2,134,False,26.89905753968254
23,108,152,CulturaX,2844.171875,4,220,False,26.33492476851852
8,36,54,CulturaX,946.578125,1,91,True,26.293836805555557
11,56,87,CulturaX,1458.078125,2,134,False,26.037109375
7,34,49,CulturaX,974.875,2,134,False,28.672794117647058
17,70,102,CulturaX,1900.953125,3,177,False,27.156473214285715
25,112,164,CulturaX,3146.9375,4,220,False,28.09765625
7,31,46,CulturaX,845.125,1,91,True,27.262096774193548
7,38,54,CulturaX,1061.546875,2,134,False,27.93544407894737
16,70,97,CulturaX,1881.359375,2,134,False,26.8765625
13,61,84,CulturaX,1629.296875,2,134,False,26.709784836065573
13,58,77,CulturaX,1498.09375,2,134,False,25.829202586206897
31,136,187,CulturaX,3509.1875,5,263,False,25.802849264705884
19,108,155,CulturaX,2693.796875,3,177,False,24.94256365740741
9,40,62,CulturaX,1108.390625,2,134,False,27.709765625
20,83,108,CulturaX,2229.25,3,177,False,26.85843373493976
14,62,88,CulturaX,1630.125,2,134,False,26.29233870967742
9,29,40,CulturaX,743.703125,1,91,True,25.644935344827587
22,111,152,CulturaX,2695.796875,3,177,False,24.286458333333332
31,133,182,CulturaX,3595.84375,4,220,False,27.03641917293233
54,232,316,CulturaX,5893.578125,7,349,False,25.403353987068964
17,65,95,CulturaX,1904.0625,3,177,False,29.29326923076923
19,82,101,CulturaX,2076.71875,3,177,False,25.325838414634145
52,269,370,CulturaX,7035.796875,8,392,False,26.155378717472118
7,22,32,CulturaX,632.78125,1,91,True,28.76278409090909
10,50,70,CulturaX,1368.765625,2,134,False,27.3753125
12,53,73,CulturaX,1421.0,2,134,False,26.81132075471698
14,67,88,CulturaX,1612.671875,2,134,False,24.06972947761194
17,73,95,CulturaX,1838.25,2,134,False,25.181506849315067
14,64,95,CulturaX,1782.28125,2,134,False,27.84814453125
24,104,158,CulturaX,2893.546875,4,220,False,27.82256610576923
27,116,163,CulturaX,2996.828125,4,220,False,25.834725215517242
13,47,64,CulturaX,1281.0,2,134,False,27.25531914893617
7,34,40,CulturaX,800.390625,1,91,True,23.540900735294116
43,200,279,CulturaX,5125.453125,6,306,False,25.627265625
8,30,41,CulturaX,818.65625,1,91,True,27.288541666666667
16,72,103,CulturaX,2129.890625,3,177,False,29.58181423611111
11,49,71,CulturaX,1331.90625,2,134,False,27.181760204081634
7,26,40,CulturaX,760.609375,1,91,True,29.25420673076923
8,44,70,CulturaX,1185.53125,2,134,False,26.943892045454547
23,106,152,CulturaX,2657.296875,3,177,False,25.068838443396228
7,28,38,CulturaX,838.0625,1,91,True,29.930803571428573
32,138,204,CulturaX,3684.21875,5,263,False,26.69723731884058
13,60,81,CulturaX,1596.5625,2,134,False,26.609375
11,46,67,CulturaX,1302.203125,2,134,False,28.308763586956523
19,79,115,CulturaX,2219.3125,3,177,False,28.09256329113924
29,128,171,CulturaX,3339.21875,4,220,False,26.087646484375
9,42,62,CulturaX,1067.703125,2,134,False,25.421502976190474
10,40,52,CulturaX,1109.21875,2,134,False,27.73046875
16,73,101,CulturaX,1901.453125,3,177,False,26.04730308219178
9,39,51,CulturaX,960.515625,2,134,False,24.62860576923077
16,67,93,CulturaX,1731.65625,2,134,False,25.84561567164179
9,35,52,CulturaX,946.390625,1,91,True,27.039732142857144
45,215,301,CulturaX,5753.5,7,349,False,26.760465116279068
14,80,117,CulturaX,2120.046875,3,177,False,26.5005859375
16,74,99,CulturaX,2096.53125,3,177,False,28.33150337837838
7,22,34,CulturaX,635.140625,1,91,True,28.87002840909091
11,45,66,CulturaX,1225.90625,2,134,False,27.242361111111112
13,66,90,CulturaX,1783.71875,3,177,False,27.026041666666668
19,82,106,CulturaX,1999.125,3,177,False,24.379573170731707
12,47,61,CulturaX,1210.984375,2,134,False,25.765625
8,34,49,CulturaX,930.75,1,91,True,27.375
29,132,176,CulturaX,3374.84375,4,220,False,25.566998106060606
9,36,50,CulturaX,1002.125,2,134,False,27.836805555555557
38,158,223,CulturaX,4039.5625,5,263,False,25.566851265822784
41,165,218,CulturaX,4414.765625,5,263,False,26.756155303030305
8,31,43,CulturaX,852.140625,1,91,True,27.488407258064516
8,39,53,CulturaX,1101.53125,2,134,False,28.244391025641026
11,41,60,CulturaX,1133.28125,2,134,False,27.641006097560975
20,101,126,CulturaX,2409.5625,3,177,False,23.857054455445546
21,95,138,CulturaX,2591.53125,3,177,False,27.279276315789474
10,36,53,CulturaX,938.859375,1,91,True,26.079427083333332
26,126,182,CulturaX,3368.671875,4,220,False,26.735491071428573
10,50,71,CulturaX,1344.34375,2,134,False,26.886875
12,56,75,CulturaX,1451.71875,2,134,False,25.923549107142858
24,111,159,CulturaX,2923.59375,4,220,False,26.33868243243243
18,70,99,CulturaX,1865.8125,2,134,False,26.654464285714287
7,25,32,CulturaX,645.3125,1,91,True,25.8125
12,63,91,CulturaX,1747.09375,2,134,False,27.731646825396826
13,51,70,CulturaX,1371.5625,2,134,False,26.893382352941178
19,83,119,CulturaX,2375.5625,3,177,False,28.621234939759034
18,66,90,CulturaX,1802.5,2,134,False,27.310606060606062
14,62,86,CulturaX,1591.953125,2,134,False,25.676663306451612
18,80,116,CulturaX,2101.0,3,177,False,26.2625
11,42,50,CulturaX,996.328125,2,134,False,23.722098214285715
7,29,41,CulturaX,783.21875,1,91,True,27.007543103448278
30,142,201,CulturaX,3791.859375,5,263,False,26.703235035211268
18,71,99,CulturaX,1905.203125,3,177,False,26.833846830985916
9,36,49,CulturaX,968.25,2,134,False,26.895833333333332
15,59,81,CulturaX,1600.265625,2,134,False,27.123146186440678
22,95,130,CulturaX,2461.015625,3,177,False,25.90542763157895
31,146,205,CulturaX,3996.75,5,263,False,27.375
10,47,71,CulturaX,1264.625,2,134,False,26.90691489361702
18,79,110,CulturaX,2085.84375,3,177,False,26.403085443037973
30,141,197,CulturaX,3636.125,4,220,False,25.788120567375888
16,73,101,CulturaX,1907.46875,3,177,False,26.129708904109588
7,24,33,CulturaX,682.703125,1,91,True,28.445963541666668
42,208,253,CulturaX,4854.953125,6,306,False,23.34112079326923
7,24,28,CulturaX,618.875,1,91,True,25.786458333333332
37,198,269,CulturaX,5082.15625,6,306,False,25.66745580808081
11,43,62,CulturaX,1175.046875,2,134,False,27.326671511627907
28,142,202,CulturaX,3792.234375,5,263,False,26.705875880281692
29,133,195,CulturaX,3672.75,4,220,False,27.61466165413534
17,70,104,CulturaX,2054.421875,3,177,False,29.34888392857143
11,49,66,CulturaX,1351.203125,2,134,False,27.575573979591837
11,48,68,CulturaX,1347.984375,2,134,False,28.0830078125
25,122,171,CulturaX,3431.953125,4,220,False,28.13076331967213
11,47,55,CulturaX,1088.21875,2,134,False,23.153590425531913
10,55,76,CulturaX,1531.34375,2,134,False,27.842613636363637
18,84,122,CulturaX,2227.203125,3,177,False,26.514322916666668
9,40,56,CulturaX,1112.296875,2,134,False,27.807421875
30,143,197,CulturaX,3712.25,5,263,False,25.95979020979021
32,140,194,CulturaX,3648.03125,5,263,False,26.05736607142857
8,29,45,CulturaX,845.921875,1,91,True,29.169719827586206
19,90,123,CulturaX,2344.203125,3,177,False,26.046701388888888
17,84,113,CulturaX,2141.734375,3,177,False,25.496837797619047
38,167,234,CulturaX,4533.515625,5,263,False,27.1468001497006
9,34,47,CulturaX,955.15625,1,91,True,28.092830882352942
9,47,73,CulturaX,1247.328125,2,134,False,26.538896276595743
8,34,46,CulturaX,903.28125,1,91,True,26.567095588235293
11,46,60,CulturaX,1187.6875,2,134,False,25.81929347826087
15,69,102,CulturaX,1839.484375,2,134,False,26.65919384057971
33,137,192,CulturaX,3665.640625,5,263,False,26.756500912408757
21,89,122,CulturaX,2453.015625,3,177,False,27.561973314606742
7,33,48,CulturaX,858.453125,1,91,True,26.013731060606062
29,116,157,CulturaX,2917.078125,4,220,False,25.147225215517242
10,36,50,CulturaX,923.75,1,91,True,25.65972222222222
14,57,80,CulturaX,1503.84375,2,134,False,26.383223684210527
11,40,56,CulturaX,1002.71875,2,134,False,25.06796875
10,42,59,CulturaX,1111.921875,2,134,False,26.474330357142858
8,35,49,CulturaX,865.0,1,91,True,24.714285714285715
7,28,41,CulturaX,770.359375,1,91,True,27.512834821428573
10,36,53,CulturaX,982.046875,2,134,False,27.27907986111111
44,197,273,CulturaX,5269.734375,6,306,False,26.74992068527919
15,69,97,CulturaX,1780.390625,3,177,False,25.80276268115942
15,72,99,CulturaX,1818.125,2,134,False,25.25173611111111
7,32,44,CulturaX,798.8125,1,91,True,24.962890625
14,54,74,CulturaX,1440.15625,2,134,False,26.669560185185187
19,82,117,CulturaX,2222.9375,3,177,False,27.108993902439025
7,24,37,CulturaX,654.703125,1,91,True,27.279296875
13,57,80,CulturaX,1398.328125,2,134,False,24.53207236842105
21,85,123,CulturaX,2365.46875,3,177,False,27.829044117647058
15,70,101,CulturaX,1838.875,2,134,False,26.269642857142856
22,112,163,CulturaX,2997.265625,4,220,False,26.761300223214285
33,113,165,CulturaX,3189.703125,4,220,False,28.22746128318584
17,85,113,CulturaX,2318.171875,3,177,False,27.272610294117648
12,55,80,CulturaX,1470.375,2,134,False,26.73409090909091
9,44,66,CulturaX,1095.59375,2,134,False,24.899857954545453
10,38,51,CulturaX,986.75,2,134,False,25.967105263157894
12,52,67,CulturaX,1404.5,2,134,False,27.009615384615383
19,95,137,CulturaX,2495.59375,3,177,False,26.26940789473684
7,28,34,CulturaX,641.9375,1,91,True,22.926339285714285
31,134,186,CulturaX,3353.15625,4,220,False,25.02355410447761
9,39,52,CulturaX,973.390625,2,134,False,24.958733974358974
11,38,54,CulturaX,1066.09375,2,134,False,28.055098684210527
17,70,96,CulturaX,1863.28125,2,134,False,26.618303571428573
22,96,127,CulturaX,2413.90625,3,177,False,25.144856770833332
17,86,113,CulturaX,2167.625,3,177,False,25.204941860465116
30,143,209,CulturaX,3734.5,4,220,False,26.115384615384617
9,44,56,CulturaX,1064.59375,2,134,False,24.1953125
36,161,210,CulturaX,4019.328125,5,263,False,24.96477096273292
16,71,97,CulturaX,1932.28125,3,177,False,27.215228873239436
17,67,96,CulturaX,1926.015625,3,177,False,28.746501865671643
7,24,35,CulturaX,635.859375,1,91,True,26.494140625
28,120,169,CulturaX,3385.234375,4,220,False,28.210286458333332
47,220,314,CulturaX,5787.359375,7,349,False,26.306178977272726
42,197,284,CulturaX,5318.546875,6,306,False,26.997699873096447
12,59,81,CulturaX,1540.890625,2,134,False,26.116790254237287
10,62,88,CulturaX,1682.265625,2,134,False,27.133316532258064
13,55,79,CulturaX,1453.203125,2,134,False,26.421875
9,49,70,CulturaX,1341.546875,2,134,False,27.378507653061224
10,44,59,CulturaX,1118.765625,2,134,False,25.426491477272727
19,82,119,CulturaX,2119.5,3,177,False,25.847560975609756
30,132,185,CulturaX,3693.515625,4,220,False,27.981178977272727
27,112,164,CulturaX,3025.984375,4,220,False,27.017717633928573
18,86,112,CulturaX,1989.515625,3,177,False,23.13390261627907
25,102,149,CulturaX,2647.046875,3,177,False,25.951439950980394
15,69,102,CulturaX,1909.5,3,177,False,27.67391304347826
12,55,81,CulturaX,1463.34375,2,134,False,26.60625
39,175,244,CulturaX,4611.25,6,306,False,26.35
14,49,65,CulturaX,1287.296875,2,134,False,26.271364795918366
14,62,90,CulturaX,1677.0625,2,134,False,27.049395161290324
7,29,38,CulturaX,700.78125,1,91,True,24.16487068965517
20,92,129,CulturaX,2391.046875,3,177,False,25.989639945652176
15,65,95,CulturaX,1707.4375,2,134,False,26.26826923076923
26,125,183,CulturaX,3141.984375,4,220,False,25.135875
8,40,62,CulturaX,1004.671875,2,134,False,25.116796875
16,68,97,CulturaX,1846.15625,2,134,False,27.149356617647058
29,139,193,CulturaX,3745.921875,5,263,False,26.94907823741007
7,29,41,CulturaX,821.109375,1,91,True,28.314116379310345
22,93,135,CulturaX,2524.125,3,177,False,27.141129032258064
10,36,43,CulturaX,945.859375,1,91,True,26.27387152777778
24,104,143,CulturaX,2669.09375,3,177,False,25.66436298076923
18,79,115,CulturaX,2142.5,3,177,False,27.120253164556964
10,46,63,CulturaX,1237.640625,2,134,False,26.90523097826087
12,48,65,CulturaX,1325.25,2,134,False,27.609375
13,60,93,CulturaX,1737.0,2,134,False,28.95
13,64,92,CulturaX,1665.96875,2,134,False,26.03076171875
19,94,128,CulturaX,2516.046875,3,177,False,26.766456117021278
12,55,72,CulturaX,1435.609375,2,134,False,26.101988636363636
17,72,101,CulturaX,2021.71875,3,177,False,28.079427083333332
10,58,77,CulturaX,1381.78125,2,134,False,23.823814655172413
20,94,135,CulturaX,2301.96875,3,177,False,24.48902925531915
15,64,93,CulturaX,1622.890625,2,134,False,25.357666015625
19,81,116,CulturaX,2134.34375,3,177,False,26.349922839506174
8,32,45,CulturaX,892.640625,1,91,True,27.89501953125
52,227,322,CulturaX,5882.71875,7,349,False,25.915060572687224
35,165,238,CulturaX,4414.25,5,263,False,26.753030303030304
14,57,82,CulturaX,1606.34375,2,134,False,28.181469298245613
16,64,88,CulturaX,1669.875,2,134,False,26.091796875
8,36,48,CulturaX,851.03125,1,91,True,23.639756944444443
16,68,90,CulturaX,1857.765625,3,177,False,27.320082720588236
7,26,34,CulturaX,698.40625,1,91,True,26.861778846153847
14,55,75,CulturaX,1329.390625,2,134,False,24.170738636363637
10,35,44,CulturaX,839.125,1,91,True,23.975
23,103,147,CulturaX,2819.421875,3,177,False,27.37302791262136
23,91,124,CulturaX,2563.53125,3,177,False,28.170673076923077
9,38,57,CulturaX,1098.609375,2,134,False,28.91077302631579
11,50,70,CulturaX,1343.1875,2,134,False,26.86375
17,72,97,CulturaX,1882.28125,3,177,False,26.14279513888889
13,52,76,CulturaX,1455.546875,2,134,False,27.991286057692307
34,149,199,CulturaX,3823.5,5,263,False,25.661073825503355
25,125,179,CulturaX,3450.25,5,263,False,27.602
145,724,1021,CulturaX,18159.34375,21,951,False,25.08196650552486
14,54,80,CulturaX,1558.109375,2,134,False,28.853877314814813
7,29,44,CulturaX,869.03125,1,91,True,29.966594827586206
22,101,137,CulturaX,2760.78125,4,220,False,27.334467821782177
20,97,123,CulturaX,2270.078125,3,177,False,23.402867268041238
42,203,293,CulturaX,5219.125,6,306,False,25.709975369458128
8,32,47,CulturaX,897.234375,1,91,True,28.03857421875
19,92,129,CulturaX,2501.546875,3,177,False,27.190726902173914
47,225,312,CulturaX,5935.359375,8,392,False,26.379375
16,71,101,CulturaX,1787.65625,2,134,False,25.17825704225352
9,38,52,CulturaX,1058.0,2,134,False,27.842105263157894
26,130,183,CulturaX,3405.46875,4,220,False,26.19591346153846
31,130,178,CulturaX,3388.78125,4,220,False,26.067548076923078
13,61,89,CulturaX,1585.1875,2,134,False,25.986680327868854
10,43,62,CulturaX,1211.859375,2,134,False,28.1827761627907
34,170,233,CulturaX,4285.046875,5,263,False,25.206158088235295
10,46,63,CulturaX,1198.0,2,134,False,26.043478260869566
7,33,52,CulturaX,888.34375,1,91,True,26.919507575757574
14,78,122,CulturaX,2108.53125,3,177,False,27.032451923076923
12,46,63,CulturaX,1203.0,2,134,False,26.152173913043477
11,44,62,CulturaX,1214.546875,2,134,False,27.603338068181817
12,58,83,CulturaX,1707.234375,2,134,False,29.435075431034484
9,33,48,CulturaX,818.796875,1,91,True,24.812026515151516
35,147,201,CulturaX,3723.453125,4,220,False,25.329613095238095
11,55,74,CulturaX,1373.390625,2,134,False,24.970738636363638
18,81,112,CulturaX,2116.921875,3,177,False,26.134837962962962
22,92,131,CulturaX,2641.875,3,177,False,28.716032608695652
23,109,149,CulturaX,2890.640625,4,220,False,26.51963876146789
11,40,59,CulturaX,1125.265625,2,134,False,28.131640625
23,104,143,CulturaX,2705.640625,3,177,False,26.015775240384617
21,95,132,CulturaX,2584.9375,3,177,False,27.209868421052633
30,130,171,CulturaX,3430.90625,4,220,False,26.39158653846154
7,24,35,CulturaX,584.8125,1,91,True,24.3671875
14,57,80,CulturaX,1471.5625,2,134,False,25.81688596491228
29,135,209,CulturaX,3601.890625,4,220,False,26.680671296296296
29,147,188,CulturaX,3693.9375,5,263,False,25.128826530612244
8,25,30,CulturaX,597.828125,1,91,True,23.913125
10,46,66,CulturaX,1323.65625,2,134,False,28.77513586956522
58,269,388,CulturaX,7252.40625,9,435,False,26.960618029739777
8,42,54,CulturaX,1111.859375,2,134,False,26.472842261904763
9,37,54,CulturaX,1054.828125,2,134,False,28.508868243243242
8,31,43,CulturaX,830.796875,1,91,True,26.799899193548388
12,60,82,CulturaX,1548.625,2,134,False,25.810416666666665
25,109,158,CulturaX,2929.328125,4,220,False,26.87456995412844
33,151,217,CulturaX,4057.609375,5,263,False,26.871585264900663
35,175,208,CulturaX,3639.46875,4,220,False,20.796964285714285
17,76,105,CulturaX,2093.109375,3,177,False,27.54091282894737
35,148,207,CulturaX,3903.109375,5,263,False,26.37236064189189
7,32,44,CulturaX,813.078125,1,91,True,25.40869140625
8,31,40,CulturaX,754.203125,1,91,True,24.329133064516128
11,43,62,CulturaX,1075.96875,2,134,False,25.02252906976744
114,524,727,CulturaX,14205.28125,16,736,False,27.10931536259542
9,43,58,CulturaX,1142.875,2,134,False,26.578488372093023
12,59,85,CulturaX,1659.265625,2,134,False,28.123146186440678
30,133,194,CulturaX,3594.71875,4,220,False,27.02796052631579
12,65,95,CulturaX,1747.046875,2,134,False,26.87764423076923
27,122,176,CulturaX,3377.421875,4,220,False,27.68378586065574
39,151,216,CulturaX,4009.65625,5,263,False,26.554014900662253
9,31,43,CulturaX,797.578125,1,91,True,25.728326612903224
12,49,68,CulturaX,1366.21875,2,134,False,27.882015306122447
12,48,65,CulturaX,1309.828125,2,134,False,27.2880859375
9,36,49,CulturaX,962.421875,2,134,False,26.73394097222222
8,37,52,CulturaX,924.734375,1,91,True,24.992820945945947
9,44,61,CulturaX,1076.953125,2,134,False,24.476207386363637
8,33,49,CulturaX,897.859375,1,91,True,27.207859848484848
8,37,51,CulturaX,972.765625,2,134,False,26.29096283783784
13,52,69,CulturaX,1436.078125,2,134,False,27.61688701923077
30,129,163,CulturaX,3242.625,4,220,False,25.136627906976745
28,121,163,CulturaX,3109.59375,4,220,False,25.699121900826448
43,216,307,CulturaX,5756.40625,7,349,False,26.650028935185187
29,165,216,CulturaX,4094.40625,5,263,False,24.814583333333335
8,36,51,CulturaX,995.734375,2,134,False,27.659288194444443
19,79,113,CulturaX,2223.9375,3,177,False,28.151107594936708
8,33,49,CulturaX,838.671875,1,91,True,25.414299242424242
9,38,58,CulturaX,1039.359375,2,134,False,27.3515625
8,35,48,CulturaX,942.359375,1,91,True,26.92455357142857
20,102,150,CulturaX,2859.59375,4,220,False,28.035232843137255
19,94,111,CulturaX,2205.53125,3,177,False,23.46309840425532
19,87,123,CulturaX,2277.34375,3,177,False,26.176364942528735
15,65,99,CulturaX,1860.5625,3,177,False,28.62403846153846
16,66,96,CulturaX,1808.921875,2,134,False,27.407907196969695
15,57,80,CulturaX,1449.53125,2,134,False,25.430372807017545
9,43,65,CulturaX,1186.984375,2,134,False,27.604287790697676
9,35,43,CulturaX,875.109375,1,91,True,25.003125
9,43,63,CulturaX,1159.78125,2,134,False,26.971656976744185
18,75,111,CulturaX,1989.375,3,177,False,26.525
28,118,162,CulturaX,3031.359375,4,220,False,25.68948622881356
7,36,50,CulturaX,949.96875,1,91,True,26.388020833333332
8,33,51,CulturaX,864.71875,1,91,True,26.203598484848484
22,102,140,CulturaX,2668.421875,3,177,False,26.160998774509803
16,68,101,CulturaX,1885.890625,3,177,False,27.733685661764707
28,103,145,CulturaX,2685.65625,3,177,False,26.074332524271846
12,59,80,CulturaX,1516.234375,2,134,False,25.69888771186441
20,95,140,CulturaX,2806.28125,4,220,False,29.539802631578947
15,58,77,CulturaX,1523.109375,2,134,False,26.260506465517242
22,89,132,CulturaX,2434.109375,3,177,False,27.349543539325843
13,50,72,CulturaX,1268.84375,2,134,False,25.376875
11,44,55,CulturaX,1101.90625,2,134,False,25.043323863636363
14,72,102,CulturaX,1926.109375,3,177,False,26.75151909722222
9,39,54,CulturaX,950.125,1,91,True,24.362179487179485
9,41,53,CulturaX,1062.75,2,134,False,25.920731707317074
7,32,43,CulturaX,850.6875,1,91,True,26.583984375
8,42,65,CulturaX,1158.296875,2,134,False,27.578497023809526
11,55,83,CulturaX,1566.328125,2,134,False,28.478693181818183
14,57,78,CulturaX,1540.984375,2,134,False,27.03481359649123
13,64,88,CulturaX,1691.953125,2,134,False,26.436767578125
20,90,134,CulturaX,2540.3125,3,177,False,28.225694444444443
12,49,71,CulturaX,1378.96875,2,134,False,28.1422193877551
8,37,54,CulturaX,938.0,1,91,True,25.35135135135135
29,129,185,CulturaX,3488.15625,4,220,False,27.03997093023256
7,35,49,CulturaX,902.671875,1,91,True,25.790625
8,32,50,CulturaX,803.90625,1,91,True,25.1220703125
14,52,69,CulturaX,1282.53125,2,134,False,24.6640625
19,86,128,CulturaX,2374.234375,3,177,False,27.60737645348837
17,71,96,CulturaX,1930.25,3,177,False,27.18661971830986
37,154,214,CulturaX,4246.234375,5,263,False,27.57295048701299
27,123,168,CulturaX,3320.625,4,220,False,26.996951219512194
17,78,119,CulturaX,2246.34375,3,177,False,28.799278846153847
80,388,568,CulturaX,10304.046875,12,564,False,26.556821842783506
17,78,112,CulturaX,2145.15625,3,177,False,27.502003205128204
7,29,42,CulturaX,649.140625,1,91,True,22.38415948275862
19,73,106,CulturaX,2073.90625,3,177,False,28.409674657534246
49,224,307,CulturaX,5833.53125,7,349,False,26.042550223214285
22,107,133,CulturaX,2341.8125,3,177,False,21.88609813084112
8,29,44,CulturaX,758.40625,1,91,True,26.151939655172413
29,123,175,CulturaX,3308.0625,4,220,False,26.89481707317073
19,79,117,CulturaX,2242.421875,3,177,False,28.385087025316455
12,58,85,CulturaX,1559.0,2,134,False,26.879310344827587
11,53,73,CulturaX,1376.609375,2,134,False,25.97376179245283
13,52,73,CulturaX,1413.765625,2,134,False,27.18780048076923
9,38,50,CulturaX,910.25,1,91,True,23.95394736842105
33,131,181,CulturaX,3348.5625,4,220,False,25.561545801526716
10,43,63,CulturaX,1185.125,2,134,False,27.561046511627907
16,70,101,CulturaX,2012.75,3,177,False,28.75357142857143
27,122,173,CulturaX,3304.421875,4,220,False,27.08542520491803
11,51,77,CulturaX,1395.765625,2,134,False,27.36795343137255
23,103,140,CulturaX,2601.59375,3,177,False,25.258191747572816
7,27,36,CulturaX,763.296875,1,91,True,28.27025462962963
31,129,185,CulturaX,3550.265625,5,263,False,27.52143895348837
12,45,59,CulturaX,1170.28125,2,134,False,26.00625
13,60,83,CulturaX,1606.046875,2,134,False,26.767447916666665
10,46,68,CulturaX,1293.046875,2,134,False,28.109714673913043
22,119,176,CulturaX,3082.65625,4,220,False,25.904674369747898
30,153,216,CulturaX,4178.90625,5,263,False,27.31311274509804
15,59,77,CulturaX,1622.71875,2,134,False,27.503707627118644
41,182,274,CulturaX,5009.5625,6,306,False,27.525068681318682
35,154,200,CulturaX,3820.6875,5,263,False,24.80965909090909
23,99,132,CulturaX,2645.484375,3,177,False,26.722064393939394
14,64,91,CulturaX,1860.28125,3,177,False,29.06689453125
20,102,147,CulturaX,2715.421875,3,177,False,26.621783088235293
33,138,199,CulturaX,3508.703125,4,220,False,25.425384963768117
15,74,105,CulturaX,1960.265625,3,177,False,26.490076013513512
17,81,113,CulturaX,2094.5,3,177,False,25.858024691358025
8,30,45,CulturaX,841.796875,1,91,True,28.059895833333332
33,155,222,CulturaX,4243.75,5,263,False,27.379032258064516
21,100,141,CulturaX,2672.5625,3,177,False,26.725625
29,128,164,CulturaX,3091.9375,4,220,False,24.15576171875
20,90,136,CulturaX,2509.984375,3,177,False,27.888715277777777
17,83,106,CulturaX,1941.453125,3,177,False,23.391001506024097
10,38,56,CulturaX,1030.390625,2,134,False,27.115542763157894
9,47,75,CulturaX,1356.328125,2,134,False,28.85804521276596
15,71,105,CulturaX,1947.328125,3,177,False,27.427156690140844
10,68,85,CulturaX,1526.484375,2,134,False,22.448299632352942
20,98,145,CulturaX,2622.40625,3,177,False,26.759247448979593
72,339,474,CulturaX,8865.828125,10,478,False,26.152885324483776
10,48,62,CulturaX,1236.96875,2,134,False,25.770182291666668
7,29,42,CulturaX,780.609375,1,91,True,26.917564655172413
23,95,136,CulturaX,2598.171875,3,177,False,27.349177631578947
7,26,37,CulturaX,730.28125,1,91,True,28.087740384615383
24,111,158,CulturaX,3106.484375,4,220,False,27.98634572072072
35,154,211,CulturaX,3949.765625,5,263,False,25.647828733766232
11,48,70,CulturaX,1318.625,2,134,False,27.471354166666668
14,64,86,CulturaX,1715.125,2,134,False,26.798828125
7,33,51,CulturaX,892.15625,1,91,True,27.03503787878788
13,62,88,CulturaX,1773.484375,3,177,False,28.604586693548388
32,142,201,CulturaX,3734.125,5,263,False,26.296654929577464
15,59,86,CulturaX,1669.71875,2,134,False,28.30031779661017
8,36,52,CulturaX,1020.59375,2,134,False,28.34982638888889
30,142,205,CulturaX,3816.0625,5,263,False,26.873679577464788
17,79,113,CulturaX,2132.4375,3,177,False,26.992879746835442
16,62,92,CulturaX,1656.671875,2,134,False,26.720514112903224
19,77,103,CulturaX,1944.109375,3,177,False,25.2481737012987
22,114,159,CulturaX,2977.6875,4,220,False,26.120065789473685
12,59,85,CulturaX,1516.03125,2,134,False,25.69544491525424
7,33,44,CulturaX,879.09375,1,91,True,26.639204545454547
39,162,228,CulturaX,4402.75,5,263,False,27.17746913580247
14,53,75,CulturaX,1450.953125,2,134,False,27.376474056603772
11,56,71,CulturaX,1465.671875,2,134,False,26.172712053571427
17,74,105,CulturaX,2092.921875,3,177,False,28.28272804054054
16,57,87,CulturaX,1527.53125,2,134,False,26.798793859649123
29,130,193,CulturaX,3526.5,4,220,False,27.126923076923077
42,170,240,CulturaX,4393.796875,5,263,False,25.845863970588237
25,114,160,CulturaX,2890.234375,4,220,False,25.35293311403509
33,142,210,CulturaX,3812.25,5,263,False,26.846830985915492
8,36,49,CulturaX,911.25,1,91,True,25.3125
8,32,45,CulturaX,872.65625,1,91,True,27.2705078125
12,60,83,CulturaX,1667.796875,2,134,False,27.796614583333334
7,37,46,CulturaX,836.1875,1,91,True,22.59966216216216
9,40,59,CulturaX,1076.8125,2,134,False,26.9203125
30,137,197,CulturaX,3645.203125,5,263,False,26.607322080291972
7,27,37,CulturaX,796.8125,1,91,True,29.511574074074073
42,224,305,CulturaX,5534.203125,6,306,False,24.706263950892858
7,22,29,CulturaX,532.9375,1,91,True,24.224431818181817
11,53,70,CulturaX,1071.0625,2,134,False,20.20872641509434
22,94,121,CulturaX,2390.453125,3,177,False,25.43035239361702
38,162,229,CulturaX,4681.734375,5,263,False,28.89959490740741
15,81,116,CulturaX,2245.9375,3,177,False,27.727623456790123
13,79,103,CulturaX,1768.421875,2,134,False,22.385087025316455
8,27,38,CulturaX,787.59375,1,91,True,29.17013888888889
15,68,96,CulturaX,1792.5,2,134,False,26.360294117647058
28,120,171,CulturaX,3255.984375,4,220,False,27.133203125
25,128,173,CulturaX,3223.03125,4,220,False,25.179931640625
17,76,109,CulturaX,2114.171875,3,177,False,27.818050986842106
12,59,89,CulturaX,1622.921875,2,134,False,27.507150423728813
10,44,61,CulturaX,1207.875,2,134,False,27.451704545454547
8,30,41,CulturaX,845.1875,1,91,True,28.172916666666666
7,31,45,CulturaX,879.375,1,91,True,28.366935483870968
28,116,156,CulturaX,3207.125,4,220,False,27.64762931034483
17,72,101,CulturaX,1899.65625,3,177,False,26.384114583333332
33,130,164,CulturaX,3290.984375,4,220,False,25.315264423076922
28,138,165,CulturaX,3304.609375,4,220,False,23.946444746376812
12,61,92,CulturaX,1649.546875,2,134,False,27.041752049180328
14,63,87,CulturaX,1694.09375,2,134,False,26.890376984126984
17,78,106,CulturaX,2174.375,3,177,False,27.876602564102566
16,68,103,CulturaX,1775.875,2,134,False,26.115808823529413
10,41,57,CulturaX,1122.125,2,134,False,27.36890243902439
18,99,157,CulturaX,2602.828125,3,177,False,26.291193181818183
22,96,137,CulturaX,2571.71875,3,177,False,26.788736979166668
20,79,111,CulturaX,2222.71875,3,177,False,28.135680379746834
9,41,61,CulturaX,1134.984375,2,134,False,27.682545731707318
13,64,92,CulturaX,1741.171875,2,134,False,27.205810546875
154,670,991,CulturaX,17985.984375,20,908,False,26.844752798507464
7,26,36,CulturaX,691.109375,1,91,True,26.581129807692307
14,54,76,CulturaX,1493.171875,2,134,False,27.65133101851852
33,159,219,CulturaX,4181.609375,5,263,False,26.29943003144654
20,82,114,CulturaX,2047.65625,3,177,False,24.97141768292683
18,78,106,CulturaX,1947.6875,3,177,False,24.970352564102566
16,58,83,CulturaX,1553.25,2,134,False,26.780172413793103
8,32,46,CulturaX,961.09375,2,134,False,30.0341796875
39,201,281,CulturaX,5492.640625,6,306,False,27.32657027363184
12,60,88,CulturaX,1595.515625,2,134,False,26.591927083333335
14,62,91,CulturaX,1598.859375,2,134,False,25.788054435483872
32,159,232,CulturaX,4400.984375,6,306,False,27.679147012578618
25,107,165,CulturaX,2835.859375,3,177,False,26.503358644859812
22,97,134,CulturaX,2621.75,3,177,False,27.028350515463917
22,84,116,CulturaX,2216.953125,3,177,False,26.392299107142858
21,97,144,CulturaX,2660.625,3,177,False,27.429123711340207
31,145,206,CulturaX,3729.609375,5,263,False,25.721443965517242
28,135,194,CulturaX,3663.46875,5,263,False,27.136805555555554
8,33,44,CulturaX,886.015625,1,91,True,26.848958333333332
9,37,49,CulturaX,957.21875,1,91,True,25.870777027027028
7,37,54,CulturaX,1045.1875,2,134,False,28.24831081081081
16,68,95,CulturaX,1849.1875,2,134,False,27.193933823529413
39,183,253,CulturaX,4899.78125,6,306,False,26.774760928961747
10,45,64,CulturaX,1157.6875,2,134,False,25.726388888888888
7,31,44,CulturaX,811.734375,1,91,True,26.184979838709676
9,36,50,CulturaX,960.984375,2,134,False,26.694010416666668
9,36,57,CulturaX,976.34375,2,134,False,27.12065972222222
16,65,89,CulturaX,1761.65625,2,134,False,27.102403846153845
8,35,51,CulturaX,948.84375,1,91,True,27.10982142857143
14,70,100,CulturaX,1736.375,2,134,False,24.805357142857144
15,74,103,CulturaX,1859.46875,3,177,False,25.12795608108108
12,54,78,CulturaX,1449.234375,2,134,False,26.83767361111111
45,201,283,CulturaX,5536.09375,7,349,False,27.542754975124378
12,51,72,CulturaX,1344.609375,2,134,False,26.36488970588235
51,248,350,CulturaX,6304.0625,7,349,False,25.419606854838708
26,130,171,CulturaX,3331.9375,4,220,False,25.630288461538463
9,36,54,CulturaX,947.484375,1,91,True,26.319010416666668
11,51,70,CulturaX,1358.765625,2,134,False,26.642463235294116
14,63,86,CulturaX,1703.515625,2,134,False,27.039930555555557
21,97,148,CulturaX,2615.40625,3,177,False,26.962951030927837
18,79,115,CulturaX,2225.28125,3,177,False,28.168117088607595
7,31,43,CulturaX,822.109375,1,91,True,26.519657258064516
11,57,79,CulturaX,1512.25,2,134,False,26.530701754385966
30,158,240,CulturaX,4157.671875,5,263,False,26.314378955696203
13,73,107,CulturaX,1961.953125,3,177,False,26.87607020547945
10,36,53,CulturaX,991.5,2,134,False,27.541666666666668
42,192,270,CulturaX,5247.296875,6,306,False,27.329671223958332
16,64,89,CulturaX,1626.0625,2,134,False,25.4072265625
14,61,81,CulturaX,1654.84375,2,134,False,27.12858606557377
16,76,108,CulturaX,2024.484375,3,177,False,26.63795230263158
52,229,318,CulturaX,6373.453125,8,392,False,27.831673034934497
14,54,79,CulturaX,1539.4375,2,134,False,28.50810185185185
30,160,222,CulturaX,4163.109375,5,263,False,26.01943359375
13,46,65,CulturaX,1233.0625,2,134,False,26.80570652173913
12,53,71,CulturaX,1393.75,2,134,False,26.297169811320753
56,275,404,CulturaX,7232.03125,9,435,False,26.298295454545453
7,22,25,CulturaX,536.390625,1,91,True,24.381392045454547
14,55,74,CulturaX,1475.90625,2,134,False,26.834659090909092
8,47,71,CulturaX,1349.625,2,134,False,28.715425531914892
7,23,32,CulturaX,651.53125,1,91,True,28.327445652173914
9,37,50,CulturaX,1002.78125,2,134,False,27.102195945945947
11,44,62,CulturaX,1174.453125,2,134,False,26.692116477272727
7,37,45,CulturaX,903.828125,1,91,True,24.42778716216216
27,108,145,CulturaX,2897.921875,4,220,False,26.832609953703702
11,55,82,CulturaX,1575.03125,2,134,False,28.636931818181818
19,91,118,CulturaX,2284.078125,3,177,False,25.099759615384617
26,116,159,CulturaX,3160.625,4,220,False,27.24676724137931
12,51,71,CulturaX,1352.625,2,134,False,26.522058823529413
13,53,79,CulturaX,1411.46875,2,134,False,26.631485849056602
15,60,88,CulturaX,1765.359375,2,134,False,29.42265625
10,38,53,CulturaX,981.71875,2,134,False,25.83470394736842
20,80,109,CulturaX,2244.734375,3,177,False,28.0591796875
16,67,97,CulturaX,1899.0625,3,177,False,28.34421641791045
20,88,129,CulturaX,2410.140625,3,177,False,27.387961647727273
15,75,109,CulturaX,2037.0625,3,177,False,27.160833333333333
21,118,141,CulturaX,2644.90625,4,220,False,22.414459745762713
54,241,341,CulturaX,6444.125,7,349,False,26.73910788381743
11,44,59,CulturaX,1191.6875,2,134,False,27.083806818181817
19,79,115,CulturaX,2220.546875,3,177,False,28.10818829113924
12,53,74,CulturaX,1475.390625,2,134,False,27.83755896226415
30,137,190,CulturaX,3776.265625,5,263,False,27.563982664233578
15,72,95,CulturaX,1908.21875,3,177,False,26.503038194444443
19,77,104,CulturaX,2026.59375,3,177,False,26.319399350649352
10,49,73,CulturaX,1380.546875,2,134,False,28.174426020408163
17,68,96,CulturaX,1795.984375,2,134,False,26.411534926470587
8,35,53,CulturaX,995.796875,2,134,False,28.451339285714287
15,62,87,CulturaX,1667.953125,2,134,False,26.902469758064516
7,23,30,CulturaX,636.4375,1,91,True,27.671195652173914
11,52,70,CulturaX,1351.109375,2,134,False,25.982872596153847
33,141,207,CulturaX,3661.59375,5,263,False,25.96875
12,48,63,CulturaX,1291.375,2,134,False,26.903645833333332
16,70,92,CulturaX,1762.078125,2,134,False,25.172544642857144
8,32,43,CulturaX,836.75,1,91,True,26.1484375
16,58,73,CulturaX,1455.953125,2,134,False,25.102640086206897
7,24,32,CulturaX,649.296875,1,91,True,27.054036458333332
11,42,62,CulturaX,1167.203125,2,134,False,27.790550595238095
12,48,66,CulturaX,1372.671875,2,134,False,28.597330729166668
25,109,157,CulturaX,3000.9375,4,220,False,27.531536697247706
24,116,153,CulturaX,3139.609375,4,220,False,27.06559806034483
21,88,127,CulturaX,2399.203125,3,177,False,27.263671875
35,154,215,CulturaX,4369.03125,5,263,False,28.370332792207794
8,33,48,CulturaX,859.09375,1,91,True,26.033143939393938
34,154,221,CulturaX,4188.390625,5,263,False,27.19734172077922
11,46,64,CulturaX,1215.890625,2,134,False,26.432404891304348
7,31,44,CulturaX,896.15625,1,91,True,28.90826612903226
11,49,70,CulturaX,1280.015625,2,134,False,26.122767857142858
28,127,183,CulturaX,3426.140625,4,220,False,26.977485236220474
20,84,115,CulturaX,2154.9375,3,177,False,25.654017857142858
35,156,221,CulturaX,4155.53125,5,263,False,26.638020833333332
20,99,139,CulturaX,2816.203125,4,220,False,28.44649621212121
18,76,103,CulturaX,1907.25,2,134,False,25.095394736842106
11,60,88,CulturaX,1657.5,2,134,False,27.625
21,88,128,CulturaX,2336.65625,3,177,False,26.552911931818183
7,33,50,CulturaX,873.015625,1,91,True,26.455018939393938
9,37,56,CulturaX,999.078125,2,134,False,27.002111486486488
48,207,297,CulturaX,5508.0625,6,306,False,26.60899758454106
23,97,133,CulturaX,2506.125,3,177,False,25.836340206185568
9,33,45,CulturaX,815.90625,1,91,True,24.724431818181817
17,94,135,CulturaX,2619.359375,3,177,False,27.865525265957448
17,61,85,CulturaX,1573.921875,2,134,False,25.801997950819672
24,99,142,CulturaX,2698.34375,4,220,False,27.255997474747474
14,59,84,CulturaX,1600.96875,2,134,False,27.135063559322035
7,27,30,CulturaX,557.859375,1,91,True,20.661458333333332
14,58,84,CulturaX,1534.96875,2,134,False,26.46497844827586
11,56,80,CulturaX,1518.15625,2,134,False,27.109933035714285
9,40,55,CulturaX,1016.265625,2,134,False,25.406640625
12,46,71,CulturaX,1351.140625,2,134,False,29.372622282608695
24,93,121,CulturaX,2314.734375,3,177,False,24.889616935483872
7,28,40,CulturaX,768.34375,1,91,True,27.440848214285715
17,79,112,CulturaX,2190.40625,3,177,False,27.726661392405063
38,165,226,CulturaX,4329.140625,5,263,False,26.23721590909091
15,72,93,CulturaX,1865.40625,2,134,False,25.90842013888889
18,84,132,CulturaX,2193.046875,3,177,False,26.107700892857142
29,135,196,CulturaX,3660.328125,5,263,False,27.113541666666666
18,79,109,CulturaX,2049.953125,3,177,False,25.948773734177216
11,57,80,CulturaX,1539.375,2,134,False,27.00657894736842
24,106,150,CulturaX,2574.203125,3,177,False,24.284935141509433
12,52,75,CulturaX,1293.265625,2,134,False,24.87049278846154
31,135,189,CulturaX,3662.375,4,220,False,27.128703703703703
20,87,124,CulturaX,2357.640625,3,177,False,27.099317528735632
17,77,104,CulturaX,2032.578125,3,177,False,26.397118506493506
9,38,46,CulturaX,968.90625,2,134,False,25.497532894736842
18,81,124,CulturaX,2194.203125,3,177,False,27.088927469135804
17,69,93,CulturaX,1831.078125,2,134,False,26.53736413043478
20,78,109,CulturaX,2161.40625,3,177,False,27.71033653846154
15,73,114,CulturaX,2186.390625,3,177,False,29.950556506849313
15,56,76,CulturaX,1483.578125,2,134,False,26.492466517857142
39,183,262,CulturaX,4902.125,6,306,False,26.78756830601093
54,239,338,CulturaX,6334.796875,8,392,False,26.505426255230127
13,55,81,CulturaX,1600.984375,2,134,False,29.10880681818182
43,192,246,CulturaX,4570.484375,5,263,False,23.804606119791668
20,102,145,CulturaX,2676.765625,3,177,False,26.24280024509804
31,119,168,CulturaX,3195.625,4,220,False,26.853991596638654
7,30,43,CulturaX,798.484375,1,91,True,26.616145833333334
8,36,56,CulturaX,1013.875,2,134,False,28.163194444444443
10,42,61,CulturaX,1136.359375,2,134,False,27.056175595238095
13,47,65,CulturaX,1269.078125,2,134,False,27.001662234042552
7,27,37,CulturaX,744.1875,1,91,True,27.5625
7,31,45,CulturaX,805.734375,1,91,True,25.991431451612904
13,62,83,CulturaX,1581.390625,2,134,False,25.506300403225808
34,154,216,CulturaX,3972.828125,5,263,False,25.797585227272727
38,174,247,CulturaX,4659.984375,6,306,False,26.781519396551722
39,180,250,CulturaX,4764.046875,6,306,False,26.466927083333335
13,72,97,CulturaX,1800.875,2,134,False,25.01215277777778
17,73,105,CulturaX,1933.140625,3,177,False,26.481378424657535
10,42,61,CulturaX,1157.484375,2,134,False,27.559151785714285
12,60,89,CulturaX,1571.25,2,134,False,26.1875
7,34,49,CulturaX,890.59375,1,91,True,26.193933823529413
8,35,51,CulturaX,949.46875,1,91,True,27.12767857142857
9,37,48,CulturaX,964.71875,2,134,False,26.07347972972973
7,25,36,CulturaX,654.203125,1,91,True,26.168125
14,56,88,CulturaX,1613.375,2,134,False,28.810267857142858
19,73,104,CulturaX,1897.734375,3,177,False,25.996361301369863
20,89,121,CulturaX,2443.625,3,177,False,27.456460674157302
27,123,182,CulturaX,3144.234375,4,220,False,25.562881097560975
17,78,112,CulturaX,2008.484375,3,177,False,25.74979967948718
24,117,165,CulturaX,3028.828125,4,220,False,25.887419871794872
17,80,100,CulturaX,1848.359375,2,134,False,23.1044921875
18,89,114,CulturaX,2130.9375,3,177,False,23.94311797752809
12,44,58,CulturaX,1166.765625,2,134,False,26.517400568181817
22,107,158,CulturaX,2786.234375,4,220,False,26.03957359813084
14,59,82,CulturaX,1564.78125,2,134,False,26.521716101694917
33,162,236,CulturaX,4451.390625,5,263,False,27.47771990740741
7,31,41,CulturaX,852.75,1,91,True,27.508064516129032
32,145,210,CulturaX,3970.375,5,263,False,27.38189655172414
11,47,67,CulturaX,1340.984375,2,134,False,28.53158244680851
12,50,67,CulturaX,1422.46875,2,134,False,28.449375
25,102,132,CulturaX,2592.6875,3,177,False,25.418504901960784
18,82,118,CulturaX,2304.0,3,177,False,28.097560975609756
9,33,46,CulturaX,873.875,1,91,True,26.481060606060606
16,70,100,CulturaX,1995.6875,3,177,False,28.509821428571428
15,71,102,CulturaX,1946.953125,3,177,False,27.421875
8,36,56,CulturaX,977.984375,2,134,False,27.16623263888889
28,121,171,CulturaX,3240.578125,4,220,False,26.781637396694215
7,28,45,CulturaX,779.15625,1,91,True,27.827008928571427
14,59,79,CulturaX,1589.1875,2,134,False,26.935381355932204
24,111,161,CulturaX,3128.03125,4,220,False,28.18046171171171
20,73,93,CulturaX,1816.75,2,134,False,24.886986301369863
12,57,87,CulturaX,1498.5,2,134,False,26.289473684210527
25,112,158,CulturaX,2979.46875,4,220,False,26.602399553571427
18,81,113,CulturaX,2022.875,3,177,False,24.973765432098766
13,56,80,CulturaX,1535.34375,2,134,False,27.416852678571427
38,167,232,CulturaX,4492.890625,5,263,False,26.903536676646706
13,64,94,CulturaX,1729.875,2,134,False,27.029296875
19,81,115,CulturaX,2179.875,3,177,False,26.912037037037038
13,48,66,CulturaX,1274.609375,2,134,False,26.554361979166668
8,28,39,CulturaX,760.921875,1,91,True,27.17578125
40,172,241,CulturaX,4486.03125,5,263,False,26.081577034883722
24,111,157,CulturaX,2953.515625,4,220,False,26.608248873873872
23,100,140,CulturaX,2750.640625,3,177,False,27.50640625
28,130,189,CulturaX,3451.671875,4,220,False,26.551322115384615
9,36,51,CulturaX,969.859375,2,134,False,26.940538194444443
28,135,194,CulturaX,3542.421875,4,220,False,26.240162037037038
7,29,38,CulturaX,787.859375,1,91,True,27.167564655172413
22,105,142,CulturaX,2552.875,3,177,False,24.313095238095237
14,53,73,CulturaX,1369.625,2,134,False,25.84198113207547
17,77,113,CulturaX,2090.828125,3,177,False,27.15361201298701
22,100,144,CulturaX,2571.515625,4,220,False,25.71515625
14,51,75,CulturaX,1431.515625,2,134,False,28.068933823529413
9,35,47,CulturaX,877.28125,1,91,True,25.06517857142857
27,122,172,CulturaX,3306.375,4,220,False,27.10143442622951
16,75,103,CulturaX,1942.8125,3,177,False,25.904166666666665
7,29,38,CulturaX,773.859375,1,91,True,26.684806034482758
10,38,59,CulturaX,1027.3125,2,134,False,27.03453947368421
13,59,84,CulturaX,1585.015625,2,134,False,26.86467161016949
14,52,73,CulturaX,1323.96875,2,134,False,25.4609375
24,120,176,CulturaX,3248.71875,4,220,False,27.07265625
20,90,126,CulturaX,2372.625,3,177,False,26.3625
11,52,75,CulturaX,1440.171875,2,134,False,27.69561298076923
12,53,76,CulturaX,1408.796875,2,134,False,26.581073113207548
35,158,220,CulturaX,4250.6875,5,263,False,26.903085443037973
11,47,67,CulturaX,1259.96875,2,134,False,26.80784574468085
25,95,128,CulturaX,2503.84375,3,177,False,26.35625
26,121,165,CulturaX,3126.9375,4,220,False,25.84245867768595
7,28,35,CulturaX,724.125,1,91,True,25.861607142857142
10,38,48,CulturaX,980.5,2,134,False,25.80263157894737
12,51,71,CulturaX,1297.859375,2,134,False,25.448223039215687
33,167,249,CulturaX,4635.546875,6,306,False,27.757765718562876
10,33,49,CulturaX,837.46875,1,91,True,25.37784090909091
8,32,45,CulturaX,880.8125,1,91,True,27.525390625
13,55,81,CulturaX,1486.90625,2,134,False,27.03465909090909
10,44,62,CulturaX,1225.453125,2,134,False,27.851207386363637
7,30,47,CulturaX,818.03125,1,91,True,27.267708333333335
13,56,80,CulturaX,1475.421875,2,134,False,26.346819196428573
11,47,64,CulturaX,1199.578125,2,134,False,25.522938829787233
40,181,257,CulturaX,4805.234375,6,306,False,26.548256215469614
10,41,55,CulturaX,1061.140625,2,134,False,25.881478658536587
7,25,35,CulturaX,664.375,1,91,True,26.575
14,61,83,CulturaX,1660.890625,2,134,False,27.227715163934427
26,112,159,CulturaX,2990.5625,4,220,False,26.701450892857142
26,131,180,CulturaX,3461.859375,4,220,False,26.42640744274809
11,54,78,CulturaX,1459.125,2,134,False,27.020833333333332
15,66,92,CulturaX,1739.609375,2,134,False,26.357717803030305
16,64,87,CulturaX,1670.09375,2,134,False,26.09521484375
7,30,46,CulturaX,809.28125,1,91,True,26.976041666666667
16,72,102,CulturaX,1890.609375,3,177,False,26.258463541666668
24,111,160,CulturaX,2898.1875,4,220,False,26.1097972972973
21,104,145,CulturaX,2642.3125,3,177,False,25.40685096153846
7,37,53,CulturaX,1054.78125,2,134,False,28.50760135135135
20,103,160,CulturaX,2867.953125,4,220,False,27.84420509708738
8,37,51,CulturaX,952.0625,1,91,True,25.73141891891892
8,41,55,CulturaX,1045.46875,2,134,False,25.49923780487805
12,63,97,CulturaX,1742.046875,2,134,False,27.6515376984127
16,62,87,CulturaX,1638.609375,2,134,False,26.429183467741936
38,180,277,CulturaX,4847.078125,6,306,False,26.928211805555556
7,28,37,CulturaX,717.25,1,91,True,25.616071428571427
14,74,104,CulturaX,1907.265625,3,177,False,25.7738597972973
24,106,149,CulturaX,2929.9375,4,220,False,27.640919811320753
24,96,136,CulturaX,2711.53125,3,177,False,28.2451171875
8,33,44,CulturaX,871.0625,1,91,True,26.395833333333332
21,92,127,CulturaX,2453.65625,3,177,False,26.67017663043478
15,53,73,CulturaX,1343.578125,2,134,False,25.35053066037736
13,58,84,CulturaX,1571.59375,2,134,False,27.096443965517242
8,25,39,CulturaX,763.296875,1,91,True,30.531875
19,90,129,CulturaX,2406.78125,3,177,False,26.742013888888888
10,45,61,CulturaX,1162.78125,2,134,False,25.839583333333334
32,144,213,CulturaX,3825.75,5,263,False,26.567708333333332
7,28,42,CulturaX,821.25,1,91,True,29.330357142857142
21,80,113,CulturaX,2090.4375,3,177,False,26.13046875
27,121,169,CulturaX,3171.328125,4,220,False,26.20932334710744
12,46,68,CulturaX,1329.984375,2,134,False,28.912703804347824
18,74,106,CulturaX,1953.6875,3,177,False,26.40118243243243
11,48,66,CulturaX,1316.703125,2,134,False,27.431315104166668
13,68,95,CulturaX,1767.6875,2,134,False,25.995404411764707
13,63,90,CulturaX,1677.625,2,134,False,26.628968253968253
17,78,111,CulturaX,2095.671875,3,177,False,26.867588141025642
7,28,42,CulturaX,840.0,1,91,True,30.0
19,73,115,CulturaX,1857.078125,3,177,False,25.439426369863014
7,32,48,CulturaX,913.484375,1,91,True,28.54638671875
22,95,131,CulturaX,2584.390625,3,177,False,27.204111842105263
16,66,94,CulturaX,1730.828125,2,134,False,26.224668560606062
10,42,60,CulturaX,1202.75,2,134,False,28.636904761904763
38,153,198,CulturaX,3723.140625,5,263,False,24.334252450980394
27,115,160,CulturaX,3013.4375,4,220,False,26.203804347826086
11,47,65,CulturaX,1119.53125,2,134,False,23.819813829787233
8,30,42,CulturaX,833.796875,1,91,True,27.793229166666666
10,41,60,CulturaX,1208.734375,2,134,False,29.481326219512194
17,73,104,CulturaX,1975.828125,3,177,False,27.066138698630137
15,76,105,CulturaX,2084.953125,3,177,False,27.43359375
6,22,28,CulturaX,497.875,1,91,True,22.630681818181817
7,32,48,CulturaX,874.3125,1,91,True,27.322265625
24,115,162,CulturaX,3096.296875,4,220,False,26.924320652173915
15,67,99,CulturaX,1862.4375,3,177,False,27.79757462686567
27,129,188,CulturaX,3523.15625,4,220,False,27.311288759689923
8,31,46,CulturaX,869.921875,1,91,True,28.061995967741936
21,105,145,CulturaX,2726.5,3,177,False,25.966666666666665
9,43,63,CulturaX,1233.6875,2,134,False,28.690406976744185
11,50,70,CulturaX,1335.828125,2,134,False,26.7165625
10,35,49,CulturaX,978.5625,2,134,False,27.958928571428572
11,51,75,CulturaX,1353.15625,2,134,False,26.532475490196077
16,64,91,CulturaX,1691.84375,2,134,False,26.43505859375
16,59,77,CulturaX,1533.828125,2,134,False,25.99708686440678
23,107,157,CulturaX,2740.71875,3,177,False,25.614193925233646
31,154,221,CulturaX,4044.234375,5,263,False,26.261262175324674
11,48,71,CulturaX,1270.75,2,134,False,26.473958333333332
35,143,182,CulturaX,3615.4375,4,220,False,25.28277972027972
14,61,86,CulturaX,1635.515625,2,134,False,26.811731557377048
34,139,196,CulturaX,3701.15625,4,220,False,26.627023381294965
20,82,120,CulturaX,2101.390625,3,177,False,25.62671493902439
7,33,47,CulturaX,888.171875,1,91,True,26.914299242424242
16,76,108,CulturaX,1943.25,3,177,False,25.56907894736842
12,52,71,CulturaX,1294.953125,2,134,False,24.90294471153846
28,118,159,CulturaX,3004.890625,4,220,False,25.46517478813559
10,41,57,CulturaX,1045.671875,2,134,False,25.50419207317073
12,46,62,CulturaX,1161.640625,2,134,False,25.25305706521739
19,80,115,CulturaX,2074.015625,3,177,False,25.9251953125
26,115,168,CulturaX,3095.421875,4,220,False,26.916711956521738
17,81,108,CulturaX,1946.453125,3,177,False,24.03028549382716
30,124,161,CulturaX,3052.171875,4,220,False,24.614289314516128
29,141,191,CulturaX,3757.25,5,263,False,26.647163120567377
49,214,310,CulturaX,5411.140625,6,306,False,25.285703855140188
21,85,111,CulturaX,2223.125,3,177,False,26.154411764705884
32,143,189,CulturaX,3681.78125,4,220,False,25.746722027972027
20,102,153,CulturaX,2881.203125,4,220,False,28.247089460784313
14,58,84,CulturaX,1602.140625,2,134,False,27.623114224137932
15,62,95,CulturaX,1732.609375,2,134,False,27.9453125
7,35,52,CulturaX,947.078125,1,91,True,27.059375
25,115,153,CulturaX,3125.5,4,220,False,27.178260869565218
30,102,151,CulturaX,2539.125,3,177,False,24.893382352941178
14,67,90,CulturaX,1799.859375,2,134,False,26.86357276119403
7,17,21,CulturaX,364.859375,1,91,True,21.462316176470587
56,234,341,CulturaX,6269.03125,7,349,False,26.790731837606838
10,40,55,CulturaX,1118.484375,2,134,False,27.962109375
11,42,58,CulturaX,1148.0625,2,134,False,27.334821428571427
14,57,78,CulturaX,1538.234375,2,134,False,26.98656798245614
35,171,218,CulturaX,3612.390625,4,220,False,21.125091374269005
19,86,127,CulturaX,2224.1875,3,177,False,25.86264534883721
7,22,32,CulturaX,638.90625,1,91,True,29.041193181818183
10,38,52,CulturaX,1047.875,2,134,False,27.575657894736842
30,133,182,CulturaX,3533.828125,4,220,False,26.570136278195488
25,109,160,CulturaX,2913.40625,4,220,False,26.72849770642202
27,125,182,CulturaX,3268.28125,4,220,False,26.14625
9,39,55,CulturaX,1143.078125,2,134,False,29.309695512820515
13,67,92,CulturaX,1761.640625,2,134,False,26.293143656716417
10,45,68,CulturaX,1287.421875,2,134,False,28.609375
8,34,44,CulturaX,935.90625,1,91,True,27.526654411764707
30,143,206,CulturaX,3744.25,5,263,False,26.183566433566433
31,153,211,CulturaX,4092.625,5,263,False,26.749183006535947
16,82,124,CulturaX,2470.609375,3,177,False,30.12938262195122
38,178,243,CulturaX,4840.234375,6,306,False,27.1923279494382
21,91,131,CulturaX,2482.421875,3,177,False,27.279361263736263
17,79,101,CulturaX,1991.109375,3,177,False,25.203916139240505
9,47,69,CulturaX,1301.015625,2,134,False,27.6811835106383
20,79,104,CulturaX,2097.390625,3,177,False,26.549248417721518
8,40,62,CulturaX,1039.765625,2,134,False,25.994140625
23,99,142,CulturaX,2607.359375,3,177,False,26.336963383838384
31,145,208,CulturaX,3838.109375,5,263,False,26.469719827586207
13,46,66,CulturaX,1228.1875,2,134,False,26.699728260869566
23,116,174,CulturaX,3300.5625,4,220,False,28.453125
42,191,280,CulturaX,4961.140625,6,306,False,25.974558246073297
16,72,101,CulturaX,1983.96875,3,177,False,27.55512152777778
9,38,50,CulturaX,992.5625,2,134,False,26.120065789473685
23,106,150,CulturaX,2842.78125,3,177,False,26.81869103773585
22,99,136,CulturaX,2862.71875,4,220,False,28.91635101010101
13,53,71,CulturaX,1444.484375,2,134,False,27.25442216981132
31,125,175,CulturaX,3344.25,4,220,False,26.754
10,44,62,CulturaX,1094.609375,2,134,False,24.877485795454547
45,231,322,CulturaX,5982.34375,7,349,False,25.89759199134199
27,135,183,CulturaX,3726.40625,5,263,False,27.60300925925926
7,32,45,CulturaX,919.234375,1,91,True,28.72607421875
7,36,47,CulturaX,783.25,1,91,True,21.756944444444443
10,45,65,CulturaX,1171.375,2,134,False,26.030555555555555
8,28,39,CulturaX,783.578125,1,91,True,27.984933035714285
13,56,82,CulturaX,1585.8125,2,134,False,28.318080357142858
50,265,379,CulturaX,7200.265625,8,392,False,27.170813679245285
12,57,84,CulturaX,1583.046875,2,134,False,27.772752192982455
9,35,45,CulturaX,826.109375,1,91,True,23.603125
30,138,205,CulturaX,3693.140625,5,263,False,26.761888586956523
7,30,42,CulturaX,793.40625,1,91,True,26.446875
10,44,62,CulturaX,1166.328125,2,134,False,26.507457386363637
25,110,161,CulturaX,2976.8125,4,220,False,27.06193181818182
12,53,80,CulturaX,1423.140625,2,134,False,26.85170990566038
7,31,43,CulturaX,819.484375,1,91,True,26.434979838709676
18,88,119,CulturaX,2282.015625,3,177,False,25.931995738636363
9,47,66,CulturaX,1268.578125,2,134,False,26.991023936170212
67,299,425,CulturaX,7731.1875,9,435,False,25.856814381270905
29,151,227,CulturaX,4085.8125,5,263,False,27.058360927152318
17,81,121,CulturaX,2150.296875,3,177,False,26.546875
8,36,45,CulturaX,986.984375,2,134,False,27.41623263888889
20,79,113,CulturaX,2128.34375,3,177,False,26.94106012658228
19,80,112,CulturaX,2066.84375,3,177,False,25.835546875
17,71,104,CulturaX,1988.578125,3,177,False,28.008142605633804
15,56,76,CulturaX,1522.703125,2,134,False,27.191127232142858
11,50,71,CulturaX,1385.609375,2,134,False,27.7121875
16,74,98,CulturaX,2000.578125,3,177,False,27.034839527027028
23,99,132,CulturaX,2587.28125,3,177,False,26.13415404040404
11,50,74,CulturaX,1324.25,2,134,False,26.485
11,48,71,CulturaX,1323.953125,2,134,False,27.582356770833332
48,218,307,CulturaX,5724.890625,7,349,False,26.26096616972477
14,63,93,CulturaX,1741.1875,2,134,False,27.637896825396826
15,78,108,CulturaX,1938.890625,3,177,False,24.857572115384617
11,56,76,CulturaX,1518.515625,2,134,False,27.116350446428573
10,40,57,CulturaX,1038.578125,2,134,False,25.964453125
11,48,66,CulturaX,1321.515625,2,134,False,27.531575520833332
12,50,69,CulturaX,1401.75,2,134,False,28.035
20,88,116,CulturaX,2378.671875,3,177,False,27.03036221590909
7,23,33,CulturaX,622.296875,1,91,True,27.05638586956522
13,65,95,CulturaX,1785.140625,2,134,False,27.463701923076922
18,74,108,CulturaX,1948.578125,3,177,False,26.332136824324323
23,85,120,CulturaX,2318.515625,3,177,False,27.276654411764707
7,27,43,CulturaX,787.40625,1,91,True,29.163194444444443
41,187,251,CulturaX,4852.578125,6,306,False,25.94961564171123
17,77,110,CulturaX,2020.421875,3,177,False,26.23924512987013
7,23,30,CulturaX,518.375,1,91,True,22.53804347826087
23,101,143,CulturaX,2708.875,3,177,False,26.820544554455445
7,30,41,CulturaX,784.71875,1,91,True,26.157291666666666
11,48,62,CulturaX,1329.0,2,134,False,27.6875
10,47,63,CulturaX,1252.5625,2,134,False,26.65026595744681
16,61,83,CulturaX,1542.765625,2,134,False,25.29123975409836
26,124,179,CulturaX,3462.828125,4,220,False,27.926033266129032
14,57,78,CulturaX,1474.5,2,134,False,25.86842105263158
9,38,51,CulturaX,936.734375,1,91,True,24.650904605263158
10,47,66,CulturaX,1358.484375,2,134,False,28.903922872340427
12,50,69,CulturaX,1381.09375,2,134,False,27.621875
17,71,99,CulturaX,1950.40625,3,177,False,27.47051056338028
24,112,174,CulturaX,3071.1875,4,220,False,27.421316964285715
13,54,72,CulturaX,1518.46875,2,134,False,28.119791666666668
18,73,107,CulturaX,1910.609375,3,177,False,26.172731164383563
8,40,58,CulturaX,1100.75,2,134,False,27.51875
12,52,76,CulturaX,1465.828125,2,134,False,28.189002403846153
8,35,46,CulturaX,914.203125,1,91,True,26.120089285714286
12,53,76,CulturaX,1432.375,2,134,False,27.025943396226417
35,149,207,CulturaX,3953.53125,5,263,False,26.53376677852349
13,57,75,CulturaX,1505.4375,2,134,False,26.411184210526315
19,83,109,CulturaX,2079.125,3,177,False,25.049698795180724
42,206,294,CulturaX,5655.421875,7,349,False,27.453504247572816
7,29,40,CulturaX,817.65625,1,91,True,28.195043103448278
9,43,65,CulturaX,1182.046875,2,134,False,27.489462209302324
11,56,76,CulturaX,1489.296875,2,134,False,26.594587053571427
9,35,45,CulturaX,866.265625,1,91,True,24.75044642857143
7,26,34,CulturaX,660.90625,1,91,True,25.419471153846153
9,41,55,CulturaX,1068.75,2,134,False,26.067073170731707
13,59,86,CulturaX,1664.640625,2,134,False,28.21424788135593
13,68,95,CulturaX,1797.828125,2,134,False,26.438648897058822
10,51,75,CulturaX,1401.0625,2,134,False,27.471813725490197
8,44,59,CulturaX,977.78125,2,134,False,22.222301136363637
19,83,118,CulturaX,2284.53125,3,177,False,27.524472891566266
13,61,83,CulturaX,1726.78125,2,134,False,28.307889344262296
12,53,83,CulturaX,1531.671875,2,134,False,28.89946933962264
13,45,57,CulturaX,1146.734375,2,134,False,25.48298611111111
39,179,254,CulturaX,4780.34375,6,306,False,26.705831005586592
22,107,144,CulturaX,2815.59375,4,220,False,26.31396028037383
27,120,166,CulturaX,3139.546875,4,220,False,26.162890625
25,123,176,CulturaX,3183.1875,4,220,False,25.879573170731707
30,133,177,CulturaX,3519.359375,4,220,False,26.461348684210527
11,41,53,CulturaX,1069.53125,2,134,False,26.086128048780488
8,45,67,CulturaX,1154.09375,2,134,False,25.646527777777777
13,45,56,CulturaX,1228.40625,2,134,False,27.297916666666666
13,59,84,CulturaX,1630.71875,2,134,False,27.639300847457626
236,1115,1542,CulturaX,29144.4375,33,1467,False,26.138508968609866
28,107,144,CulturaX,2866.96875,4,220,False,26.79410046728972
21,94,135,CulturaX,2584.796875,3,177,False,27.49783909574468
12,50,67,CulturaX,1164.015625,2,134,False,23.2803125
9,44,63,CulturaX,1229.8125,2,134,False,27.95028409090909
9,37,52,CulturaX,984.34375,2,134,False,26.603885135135137
9,38,43,CulturaX,778.5,1,91,True,20.486842105263158
11,47,69,CulturaX,1309.671875,2,134,False,27.86535904255319
8,34,50,CulturaX,841.90625,1,91,True,24.761948529411764
15,56,72,CulturaX,1367.96875,2,134,False,24.428013392857142
16,67,89,CulturaX,1707.421875,2,134,False,25.48390858208955
9,44,66,CulturaX,1216.078125,2,134,False,27.638139204545453
31,134,197,CulturaX,3541.171875,4,220,False,26.42665578358209
8,23,28,CulturaX,541.484375,1,91,True,23.542798913043477
11,52,78,CulturaX,1453.640625,2,134,False,27.954627403846153
16,74,107,CulturaX,1957.328125,3,177,False,26.45038006756757
25,101,144,CulturaX,2451.671875,3,177,False,24.27397896039604
8,29,38,CulturaX,770.8125,1,91,True,26.579741379310345
28,119,169,CulturaX,3213.375,4,220,False,27.0031512605042
12,49,65,CulturaX,1287.6875,2,134,False,26.279336734693878
8,30,43,CulturaX,853.640625,1,91,True,28.4546875
10,47,68,CulturaX,1182.75,2,134,False,25.164893617021278
23,111,159,CulturaX,3013.421875,4,220,False,27.14794481981982
24,102,143,CulturaX,2724.75,3,177,False,26.71323529411765
7,48,59,CulturaX,1032.09375,2,134,False,21.501953125
9,38,51,CulturaX,996.28125,2,134,False,26.21792763157895
21,87,123,CulturaX,2464.53125,3,177,False,28.32794540229885
10,47,65,CulturaX,1243.484375,2,134,False,26.45711436170213
8,43,61,CulturaX,1185.8125,2,134,False,27.57703488372093
9,33,45,CulturaX,827.90625,1,91,True,25.088068181818183
34,145,204,CulturaX,4030.265625,5,263,False,27.794935344827586
13,72,98,CulturaX,1871.90625,2,134,False,25.998697916666668
15,68,101,CulturaX,1766.140625,2,134,False,25.97265625
35,172,245,CulturaX,4574.453125,6,306,False,26.59565770348837
14,53,78,CulturaX,1417.96875,2,134,False,26.754127358490567
49,215,291,CulturaX,5404.21875,6,306,False,25.1359011627907
12,55,74,CulturaX,1507.234375,2,134,False,27.404261363636362
28,133,197,CulturaX,3544.390625,4,220,False,26.649553571428573
7,29,40,CulturaX,775.34375,1,91,True,26.735991379310345
8,37,52,CulturaX,998.625,2,134,False,26.989864864864863
14,58,82,CulturaX,1507.75,2,134,False,25.995689655172413
27,114,164,CulturaX,2981.3125,4,220,False,26.15186403508772
18,84,115,CulturaX,2234.625,3,177,False,26.602678571428573
32,153,215,CulturaX,4183.203125,5,263,False,27.341196895424837
14,59,86,CulturaX,1664.3125,2,134,False,28.208686440677965
18,73,100,CulturaX,1961.84375,3,177,False,26.87457191780822
7,33,52,CulturaX,918.1875,1,91,True,27.823863636363637
9,30,41,CulturaX,775.25,1,91,True,25.841666666666665
31,139,197,CulturaX,3693.640625,4,220,False,26.572954136690647
7,26,37,CulturaX,723.875,1,91,True,27.841346153846153
8,43,62,CulturaX,1126.671875,2,134,False,26.201671511627907
20,97,146,CulturaX,2597.890625,3,177,False,26.782377577319586
9,31,44,CulturaX,830.34375,1,91,True,26.785282258064516
12,54,76,CulturaX,1466.171875,2,134,False,27.15133101851852
58,241,322,CulturaX,6182.1875,7,349,False,25.65223029045643
22,99,154,CulturaX,2656.0625,3,177,False,26.828914141414142
19,79,115,CulturaX,2143.609375,3,177,False,27.13429588607595
12,54,74,CulturaX,1435.265625,2,134,False,26.578993055555557
14,62,85,CulturaX,1676.890625,2,134,False,27.046622983870968
15,67,95,CulturaX,1826.6875,3,177,False,27.26399253731343
18,75,103,CulturaX,1977.796875,3,177,False,26.370625
32,139,192,CulturaX,3539.625,4,220,False,25.46492805755396
22,108,151,CulturaX,2851.4375,4,220,False,26.402199074074073
20,92,135,CulturaX,2361.171875,3,177,False,25.66491168478261
33,133,189,CulturaX,3539.984375,4,220,False,26.61642387218045
8,32,43,CulturaX,833.59375,1,91,True,26.0498046875
7,28,35,CulturaX,713.4375,1,91,True,25.479910714285715
26,115,164,CulturaX,3110.734375,4,220,False,27.049864130434784
18,85,116,CulturaX,2310.359375,3,177,False,27.180698529411764
14,62,87,CulturaX,1652.28125,2,134,False,26.64969758064516
22,94,140,CulturaX,2584.234375,3,177,False,27.49185505319149
17,82,120,CulturaX,2243.375,3,177,False,27.358231707317074
14,54,68,CulturaX,1319.921875,2,134,False,24.442997685185187
13,49,67,CulturaX,1294.890625,2,134,False,26.426339285714285
8,30,40,CulturaX,770.984375,1,91,True,25.699479166666666
8,46,58,CulturaX,1032.734375,2,134,False,22.450747282608695
49,222,300,CulturaX,5634.875,6,306,False,25.38231981981982
10,45,69,CulturaX,1370.390625,2,134,False,30.453125
37,148,211,CulturaX,3955.859375,5,263,False,26.72877956081081
12,51,74,CulturaX,1378.265625,2,134,False,27.024816176470587
7,27,40,CulturaX,776.109375,1,91,True,28.744791666666668
15,66,97,CulturaX,1872.375,3,177,False,28.369318181818183
23,90,123,CulturaX,2335.109375,3,177,False,25.94565972222222
31,145,212,CulturaX,3814.65625,5,263,False,26.307974137931033
20,84,127,CulturaX,2424.03125,3,177,False,28.85751488095238
9,40,57,CulturaX,1025.375,2,134,False,25.634375
23,86,117,CulturaX,2222.34375,3,177,False,25.841206395348838
9,32,46,CulturaX,836.1875,1,91,True,26.130859375
18,74,103,CulturaX,1982.5,3,177,False,26.79054054054054
27,138,201,CulturaX,3748.96875,4,220,False,27.166440217391305
8,38,55,CulturaX,974.515625,2,134,False,25.64514802631579
24,134,204,CulturaX,3662.546875,4,220,False,27.332439365671643
20,86,121,CulturaX,2411.328125,3,177,False,28.038699127906977
9,47,57,CulturaX,1245.71875,2,134,False,26.50465425531915
9,36,47,CulturaX,910.890625,1,91,True,25.30251736111111
53,234,340,CulturaX,6245.625,8,392,False,26.690705128205128
8,35,49,CulturaX,943.4375,1,91,True,26.955357142857142
7,36,58,CulturaX,1037.875,2,134,False,28.82986111111111
25,126,179,CulturaX,3314.0625,4,220,False,26.302083333333332
42,191,260,CulturaX,4988.484375,6,306,False,26.117719240837697
22,92,129,CulturaX,2467.0,3,177,False,26.815217391304348
8,35,52,CulturaX,971.34375,2,134,False,27.75267857142857
24,128,190,CulturaX,3537.46875,4,220,False,27.636474609375
8,38,53,CulturaX,1060.203125,2,134,False,27.900082236842106
23,127,190,CulturaX,3318.796875,4,220,False,26.132258858267715
32,126,173,CulturaX,3412.484375,4,220,False,27.083209325396826
12,58,81,CulturaX,1485.953125,2,134,False,25.619881465517242
9,43,62,CulturaX,1192.9375,2,134,False,27.742732558139537
22,106,147,CulturaX,2839.015625,4,220,False,26.783166273584907
13,54,70,CulturaX,1378.859375,2,134,False,25.53443287037037
12,48,68,CulturaX,1390.015625,2,134,False,28.958658854166668
32,154,224,CulturaX,4154.90625,5,263,False,26.979910714285715
29,114,158,CulturaX,2878.015625,4,220,False,25.24575109649123
53,248,346,CulturaX,6451.140625,8,392,False,26.012663810483872
14,54,76,CulturaX,1506.09375,2,134,False,27.890625
7,39,55,CulturaX,1081.828125,2,134,False,27.739182692307693
8,32,47,CulturaX,940.296875,1,91,True,29.38427734375
9,35,48,CulturaX,975.203125,2,134,False,27.86294642857143
7,30,44,CulturaX,882.1875,1,91,True,29.40625
37,168,239,CulturaX,4538.75,5,263,False,27.016369047619047
10,30,38,CulturaX,827.953125,1,91,True,27.5984375
60,258,368,CulturaX,6944.71875,8,392,False,26.917514534883722
12,56,78,CulturaX,1400.671875,2,134,False,25.011997767857142
15,85,122,CulturaX,2303.25,3,177,False,27.097058823529412
25,95,133,CulturaX,2547.21875,3,177,False,26.81282894736842
11,48,65,CulturaX,1312.546875,2,134,False,27.3447265625
32,155,229,CulturaX,4040.0,5,263,False,26.06451612903226
12,50,75,CulturaX,1405.703125,2,134,False,28.1140625
23,109,162,CulturaX,2915.375,4,220,False,26.746559633027523
7,29,42,CulturaX,846.578125,1,91,True,29.192349137931036
37,177,237,CulturaX,4681.25,5,263,False,26.44774011299435
14,78,108,CulturaX,2039.984375,3,177,False,26.153645833333332
33,135,196,CulturaX,3622.734375,4,220,False,26.835069444444443
56,276,418,CulturaX,7506.796875,9,435,False,27.198539402173914
7,25,34,CulturaX,658.34375,1,91,True,26.33375
23,92,126,CulturaX,2460.546875,3,177,False,26.74507472826087
19,86,121,CulturaX,2245.359375,3,177,False,26.108829941860463
18,70,98,CulturaX,1849.453125,2,134,False,26.420758928571427
21,117,148,CulturaX,2949.71875,4,220,False,25.211271367521366
19,90,133,CulturaX,2475.8125,3,177,False,27.509027777777778
12,55,81,CulturaX,1431.5,2,134,False,26.027272727272727
17,64,81,CulturaX,1721.015625,2,134,False,26.890869140625
21,84,118,CulturaX,2335.625,3,177,False,27.805059523809526
22,108,165,CulturaX,2941.484375,4,220,False,27.235966435185187
13,72,101,CulturaX,1865.734375,3,177,False,25.912977430555557
23,106,153,CulturaX,2704.671875,3,177,False,25.51577240566038
9,36,54,CulturaX,970.84375,2,134,False,26.967881944444443
14,62,94,CulturaX,1741.34375,2,134,False,28.086189516129032
9,38,51,CulturaX,1032.40625,2,134,False,27.16858552631579
9,44,63,CulturaX,1182.28125,2,134,False,26.87002840909091
14,55,70,CulturaX,1460.421875,2,134,False,26.553125
10,48,66,CulturaX,1221.796875,2,134,False,25.4541015625
19,82,123,CulturaX,2253.8125,3,177,False,27.485518292682926
23,115,166,CulturaX,3157.34375,4,220,False,27.45516304347826
12,50,75,CulturaX,1327.15625,2,134,False,26.543125
7,21,30,CulturaX,513.078125,1,91,True,24.432291666666668
42,205,257,CulturaX,4984.34375,6,306,False,24.31387195121951
68,314,446,CulturaX,8278.828125,9,435,False,26.365694665605094
10,38,53,CulturaX,974.578125,2,134,False,25.646792763157894
11,48,71,CulturaX,1241.390625,2,134,False,25.8623046875
30,128,170,CulturaX,3420.921875,4,220,False,26.7259521484375
13,60,84,CulturaX,1511.125,2,134,False,25.185416666666665
14,77,114,CulturaX,2140.046875,3,177,False,27.792816558441558
10,44,58,CulturaX,1153.703125,2,134,False,26.220525568181817
36,168,228,CulturaX,4375.09375,5,263,False,26.042224702380953
7,32,49,CulturaX,869.09375,1,91,True,27.1591796875
10,38,56,CulturaX,1029.65625,2,134,False,27.096217105263158
10,37,52,CulturaX,1105.921875,2,134,False,29.889780405405407
41,167,233,CulturaX,4400.375,5,263,False,26.349550898203592
19,84,130,CulturaX,2247.34375,3,177,False,26.754092261904763
18,73,95,CulturaX,1817.296875,2,134,False,24.894477739726028
7,35,46,CulturaX,865.671875,1,91,True,24.73348214285714
11,46,59,CulturaX,1184.609375,2,134,False,25.752377717391305
18,85,114,CulturaX,2280.6875,3,177,False,26.831617647058824
8,36,51,CulturaX,1002.921875,2,134,False,27.85894097222222
21,88,125,CulturaX,2227.625,3,177,False,25.313920454545453
9,41,61,CulturaX,1172.65625,2,134,False,28.601371951219512
10,40,55,CulturaX,1109.046875,2,134,False,27.726171875
15,59,84,CulturaX,1557.59375,2,134,False,26.39989406779661
58,254,353,CulturaX,6983.484375,8,392,False,27.494032972440944
7,27,36,CulturaX,754.078125,1,91,True,27.928819444444443
38,180,266,CulturaX,5058.96875,6,306,False,28.105381944444446
9,39,52,CulturaX,1054.515625,2,134,False,27.03886217948718
15,54,80,CulturaX,1456.578125,2,134,False,26.97366898148148
13,49,69,CulturaX,1259.203125,2,134,False,25.698022959183675
10,47,58,CulturaX,1222.65625,2,134,False,26.013962765957448
18,79,112,CulturaX,2069.90625,3,177,False,26.20134493670886
52,254,374,CulturaX,6840.4375,8,392,False,26.9308562992126
25,89,124,CulturaX,2528.34375,3,177,False,28.408356741573034
47,240,347,CulturaX,6128.625,7,349,False,25.5359375
30,134,185,CulturaX,3533.125,4,220,False,26.36660447761194
12,53,71,CulturaX,1348.890625,2,134,False,25.45076650943396
20,80,117,CulturaX,2167.03125,3,177,False,27.087890625
10,37,50,CulturaX,930.21875,1,91,True,25.1410472972973
19,79,118,CulturaX,2162.953125,3,177,False,27.379153481012658
27,160,231,CulturaX,4176.390625,5,263,False,26.10244140625
11,47,70,CulturaX,1276.265625,2,134,False,27.154587765957448
62,289,438,CulturaX,7738.296875,9,435,False,26.77611375432526
16,69,94,CulturaX,1828.53125,2,134,False,26.500452898550726
26,105,147,CulturaX,2818.734375,3,177,False,26.845089285714284
23,100,139,CulturaX,2570.65625,3,177,False,25.7065625
11,52,78,CulturaX,1340.984375,2,134,False,25.788161057692307
7,27,38,CulturaX,740.890625,1,91,True,27.44039351851852
23,95,140,CulturaX,2620.0625,3,177,False,27.579605263157895
23,98,143,CulturaX,2694.34375,3,177,False,27.493303571428573
8,39,59,CulturaX,1000.40625,2,134,False,25.651442307692307
36,148,208,CulturaX,4079.234375,5,263,False,27.562394425675677
15,70,93,CulturaX,1597.28125,2,134,False,22.818303571428572
9,33,48,CulturaX,908.125,1,91,True,27.518939393939394
14,61,91,CulturaX,1795.5625,2,134,False,29.43545081967213
17,87,127,CulturaX,2318.609375,3,177,False,26.650682471264368
10,45,66,CulturaX,1248.9375,2,134,False,27.754166666666666
10,42,61,CulturaX,1159.484375,2,134,False,27.606770833333332
10,53,74,CulturaX,1343.890625,2,134,False,25.356426886792452
23,96,127,CulturaX,2556.46875,3,177,False,26.6298828125
36,159,231,CulturaX,4173.3125,5,263,False,26.247248427672957
15,70,94,CulturaX,1747.84375,2,134,False,24.96919642857143
24,105,151,CulturaX,2784.859375,4,220,False,26.522470238095238
8,33,48,CulturaX,1033.734375,2,134,False,31.32528409090909
11,49,66,CulturaX,1239.875,2,134,False,25.303571428571427
22,105,150,CulturaX,2766.15625,3,177,False,26.344345238095237
15,81,109,CulturaX,2099.203125,3,177,False,25.916087962962962
10,52,75,CulturaX,1394.125,2,134,False,26.810096153846153
10,46,63,CulturaX,1066.359375,2,134,False,23.18172554347826
12,46,60,CulturaX,1187.75,2,134,False,25.820652173913043
9,50,67,CulturaX,1349.40625,2,134,False,26.988125
14,59,81,CulturaX,1622.75,2,134,False,27.50423728813559
9,45,67,CulturaX,1290.53125,2,134,False,28.678472222222222
24,102,146,CulturaX,2822.609375,4,220,False,27.67264093137255
11,38,55,CulturaX,1106.0,2,134,False,29.105263157894736
9,45,61,CulturaX,1091.796875,2,134,False,24.26215277777778
8,40,57,CulturaX,1112.421875,2,134,False,27.810546875
10,35,45,CulturaX,910.84375,1,91,True,26.024107142857144
9,37,50,CulturaX,885.46875,1,91,True,23.93158783783784
18,110,127,CulturaX,2288.78125,3,177,False,20.807102272727274
12,51,72,CulturaX,1335.546875,2,134,False,26.18719362745098
10,48,56,CulturaX,1043.515625,2,134,False,21.739908854166668
35,167,238,CulturaX,4416.984375,5,263,False,26.449008233532933
22,105,148,CulturaX,2745.8125,4,220,False,26.15059523809524
9,47,69,CulturaX,1343.203125,2,134,False,28.57878989361702
22,89,129,CulturaX,2329.984375,3,177,False,26.179599719101123
7,32,38,CulturaX,782.125,1,91,True,24.44140625
14,79,109,CulturaX,1869.578125,3,177,False,23.66554588607595
14,57,81,CulturaX,1457.296875,2,134,False,25.566611842105264
21,109,169,CulturaX,2850.140625,3,177,False,26.14807912844037
7,33,49,CulturaX,887.546875,1,91,True,26.895359848484848
23,92,127,CulturaX,2401.453125,3,177,False,26.102751358695652
13,57,84,CulturaX,1552.359375,2,134,False,27.234375
13,56,76,CulturaX,1525.8125,2,134,False,27.246651785714285
45,215,300,CulturaX,5620.453125,7,349,False,26.141642441860466
15,67,95,CulturaX,1800.265625,2,134,False,26.86963619402985
33,153,208,CulturaX,4068.171875,5,263,False,26.58935866013072
37,142,180,CulturaX,3595.8125,4,220,False,25.32262323943662
15,61,86,CulturaX,1671.109375,2,134,False,27.395235655737704
7,28,37,CulturaX,714.546875,1,91,True,25.51953125
26,139,199,CulturaX,3642.484375,4,220,False,26.20492356115108
7,25,37,CulturaX,704.0625,1,91,True,28.1625
9,38,55,CulturaX,1050.171875,2,134,False,27.63610197368421
9,37,53,CulturaX,1008.90625,2,134,False,27.267736486486488
17,72,107,CulturaX,1945.265625,3,177,False,27.017578125
15,64,94,CulturaX,1707.78125,2,134,False,26.68408203125
33,158,223,CulturaX,4158.328125,5,263,False,26.31853243670886
17,78,117,CulturaX,2186.09375,3,177,False,28.02684294871795
18,82,114,CulturaX,2309.59375,3,177,False,28.16577743902439
12,41,51,CulturaX,1119.625,2,134,False,27.307926829268293
13,57,78,CulturaX,1527.203125,2,134,False,26.793037280701753
37,138,186,CulturaX,3462.84375,4,220,False,25.093070652173914
13,41,55,CulturaX,1068.09375,2,134,False,26.05106707317073
82,371,518,CulturaX,9840.28125,11,521,False,26.523669137466307
31,127,174,CulturaX,3298.3125,4,220,False,25.970964566929133
23,107,144,CulturaX,2855.453125,4,220,False,26.686477803738317
17,80,105,CulturaX,1883.4375,3,177,False,23.54296875
14,79,105,CulturaX,1942.109375,3,177,False,24.583662974683545
8,40,56,CulturaX,1091.375,2,134,False,27.284375
36,161,223,CulturaX,3980.015625,5,263,False,24.720593944099377
9,38,54,CulturaX,1089.875,2,134,False,28.68092105263158
18,76,109,CulturaX,2012.359375,3,177,False,26.47841282894737
10,40,53,CulturaX,1032.90625,2,134,False,25.82265625
8,32,40,CulturaX,718.21875,1,91,True,22.4443359375
11,54,80,CulturaX,1584.0625,2,134,False,29.33449074074074
21,79,118,CulturaX,2166.640625,3,177,False,27.42583069620253
26,109,156,CulturaX,2910.71875,4,220,False,26.703841743119266
8,34,46,CulturaX,902.953125,1,91,True,26.557444852941178
19,80,110,CulturaX,2128.078125,3,177,False,26.6009765625
48,235,333,CulturaX,6239.4375,7,349,False,26.550797872340425
28,117,173,CulturaX,3187.6875,4,220,False,27.245192307692307
26,122,177,CulturaX,3132.25,4,220,False,25.674180327868854
7,33,48,CulturaX,894.46875,1,91,True,27.105113636363637
21,100,150,CulturaX,2727.984375,3,177,False,27.27984375
33,151,211,CulturaX,3929.125,5,263,False,26.02069536423841
15,71,99,CulturaX,2024.3125,3,177,False,28.511443661971832
9,38,50,CulturaX,979.21875,2,134,False,25.76891447368421
89,366,496,CulturaX,10005.640625,11,521,False,27.337815915300546
23,109,152,CulturaX,2838.703125,4,220,False,26.043147935779817
26,105,149,CulturaX,2875.453125,4,220,False,27.385267857142857
33,129,179,CulturaX,3342.9375,4,220,False,25.914244186046513
33,165,247,CulturaX,4448.78125,5,263,False,26.962310606060605
10,41,60,CulturaX,1156.28125,2,134,False,28.201981707317074
34,158,231,CulturaX,4300.796875,5,263,False,27.22023338607595
17,70,103,CulturaX,1588.421875,2,134,False,22.69174107142857
11,40,53,CulturaX,1069.359375,2,134,False,26.733984375
13,56,77,CulturaX,1594.1875,2,134,False,28.467633928571427
22,87,131,CulturaX,2441.40625,3,177,False,28.0621408045977
23,110,159,CulturaX,3037.875,4,220,False,27.617045454545455
11,50,65,CulturaX,1308.15625,2,134,False,26.163125
16,68,92,CulturaX,1843.28125,2,134,False,27.10707720588235
10,34,45,CulturaX,898.140625,1,91,True,26.415900735294116
7,23,32,CulturaX,577.296875,1,91,True,25.09986413043478
15,58,80,CulturaX,1627.34375,2,134,False,28.057650862068964
9,36,56,CulturaX,1004.3125,2,134,False,27.897569444444443
18,78,112,CulturaX,2132.71875,3,177,False,27.342548076923077
59,288,433,CulturaX,7903.8125,9,435,False,27.44379340277778
13,47,67,CulturaX,1228.046875,2,134,False,26.128656914893618
22,114,173,CulturaX,2929.03125,4,220,False,25.69325657894737
25,90,124,CulturaX,2216.90625,3,177,False,24.632291666666667
14,65,88,CulturaX,1684.59375,2,134,False,25.916826923076922
10,43,65,CulturaX,1151.171875,2,134,False,26.77143895348837
13,51,76,CulturaX,1405.765625,2,134,False,27.564031862745097
10,50,74,CulturaX,1353.640625,2,134,False,27.0728125
18,81,115,CulturaX,2269.734375,3,177,False,28.021412037037038
13,57,85,CulturaX,1557.375,2,134,False,27.32236842105263
34,159,228,CulturaX,4114.359375,5,263,False,25.876474056603772
10,39,51,CulturaX,1019.9375,2,134,False,26.15224358974359
17,76,111,CulturaX,1969.0625,3,177,False,25.908717105263158
20,89,127,CulturaX,2244.28125,3,177,False,25.216643258426966
23,98,139,CulturaX,2723.171875,3,177,False,27.7874681122449
14,68,96,CulturaX,1853.203125,3,177,False,27.252987132352942
43,204,277,CulturaX,5356.78125,6,306,False,26.258731617647058
24,104,148,CulturaX,2822.828125,4,220,False,27.142578125
26,103,146,CulturaX,2757.8125,3,177,False,26.7748786407767
34,139,194,CulturaX,3913.65625,5,263,False,28.15580035971223
18,85,118,CulturaX,2301.40625,3,177,False,27.075367647058822
19,77,103,CulturaX,2013.453125,3,177,False,26.148741883116884
23,107,150,CulturaX,2866.984375,4,220,False,26.7942464953271
25,125,177,CulturaX,3327.0625,4,220,False,26.6165
7,31,46,CulturaX,862.4375,1,91,True,27.820564516129032
9,31,47,CulturaX,858.53125,1,91,True,27.694556451612904
22,95,132,CulturaX,2587.546875,3,177,False,27.23733552631579
15,62,84,CulturaX,1643.53125,2,134,False,26.508568548387096
15,62,91,CulturaX,1682.484375,2,134,False,27.136844758064516
19,87,123,CulturaX,2346.75,3,177,False,26.974137931034484
8,43,57,CulturaX,1143.890625,2,134,False,26.602107558139537
19,73,109,CulturaX,1991.171875,3,177,False,27.27632705479452
7,27,37,CulturaX,734.578125,1,91,True,27.20659722222222
22,85,113,CulturaX,2254.828125,3,177,False,26.527389705882353
22,93,132,CulturaX,2451.21875,3,177,False,26.357190860215052
41,181,214,CulturaX,4183.921875,5,263,False,23.11559046961326
20,84,123,CulturaX,2289.484375,3,177,False,27.25576636904762
9,41,65,CulturaX,1119.828125,2,134,False,27.312881097560975
7,26,35,CulturaX,705.375,1,91,True,27.129807692307693
12,54,76,CulturaX,1454.203125,2,134,False,26.9296875
9,41,61,CulturaX,1116.625,2,134,False,27.234756097560975
21,88,129,CulturaX,2351.140625,3,177,False,26.717507102272727
15,78,108,CulturaX,2076.140625,3,177,False,26.6171875
9,39,59,CulturaX,1149.125,2,134,False,29.46474358974359
16,68,96,CulturaX,1804.78125,2,134,False,26.540900735294116
15,63,94,CulturaX,1664.390625,2,134,False,26.41889880952381
14,59,90,CulturaX,1583.421875,2,134,False,26.837658898305083
20,89,126,CulturaX,2406.5,3,177,False,27.03932584269663
29,104,146,CulturaX,2849.375,4,220,False,27.39783653846154
21,98,137,CulturaX,2647.3125,4,220,False,27.013392857142858
35,148,205,CulturaX,4035.234375,5,263,False,27.26509712837838
35,174,260,CulturaX,4741.046875,6,306,False,27.247395833333332
24,117,165,CulturaX,2929.15625,4,220,False,25.035523504273506
59,261,360,CulturaX,6804.046875,8,392,False,26.06914511494253
20,93,131,CulturaX,2436.0625,3,177,False,26.194220430107528
13,54,76,CulturaX,1509.109375,2,134,False,27.94646990740741
27,121,167,CulturaX,3226.921875,4,220,False,26.668775826446282
44,204,283,CulturaX,5322.421875,6,306,False,26.09030330882353
15,75,115,CulturaX,2081.671875,3,177,False,27.755625
17,76,96,CulturaX,1962.140625,3,177,False,25.81763980263158
14,66,100,CulturaX,1828.59375,3,177,False,27.70596590909091
20,101,150,CulturaX,2621.703125,4,220,False,25.957456683168317
9,36,55,CulturaX,1016.84375,2,134,False,28.24565972222222
21,106,150,CulturaX,2922.625,4,220,False,27.57193396226415
16,62,85,CulturaX,1735.375,2,134,False,27.989919354838708
12,57,86,CulturaX,1520.484375,2,134,False,26.67516447368421
10,39,53,CulturaX,1030.734375,2,134,False,26.42908653846154
11,49,70,CulturaX,1339.4375,2,134,False,27.335459183673468
12,53,77,CulturaX,1500.4375,2,134,False,28.31014150943396
17,72,108,CulturaX,1835.59375,3,177,False,25.49435763888889
26,118,173,CulturaX,3301.390625,4,220,False,27.977886652542374
13,64,100,CulturaX,1775.359375,2,134,False,27.739990234375
16,75,106,CulturaX,2147.65625,3,177,False,28.635416666666668
19,72,104,CulturaX,2013.5,3,177,False,27.96527777777778
9,39,57,CulturaX,1018.78125,2,134,False,26.122596153846153
16,63,85,CulturaX,1585.15625,2,134,False,25.161210317460316
9,35,47,CulturaX,1008.046875,2,134,False,28.801339285714285
10,51,74,CulturaX,1402.71875,2,134,False,27.504289215686274
7,24,30,CulturaX,614.15625,1,91,True,25.58984375
45,194,288,CulturaX,5089.875,6,306,False,26.236469072164947
7,31,39,CulturaX,832.546875,1,91,True,26.856350806451612
22,83,111,CulturaX,1712.671875,2,134,False,20.63460090361446
14,63,93,CulturaX,1763.9375,2,134,False,27.999007936507937
11,46,69,CulturaX,1263.5,2,134,False,27.467391304347824
13,56,73,CulturaX,1402.171875,2,134,False,25.038783482142858
7,29,40,CulturaX,745.25,1,91,True,25.698275862068964
24,106,147,CulturaX,2884.5,4,220,False,27.212264150943398
10,39,60,CulturaX,1061.234375,2,134,False,27.21113782051282
28,125,179,CulturaX,3579.640625,4,220,False,28.637125
31,137,190,CulturaX,3578.28125,4,220,False,26.118841240875913
24,112,149,CulturaX,2971.796875,4,220,False,26.533900669642858
26,121,172,CulturaX,3180.296875,4,220,False,26.283445247933884
20,91,135,CulturaX,2551.671875,3,177,False,28.040350274725274
9,46,66,CulturaX,1329.765625,2,134,False,28.90794836956522
10,53,76,CulturaX,1395.890625,2,134,False,26.33755896226415
26,122,178,CulturaX,3474.1875,4,220,False,28.476946721311474
9,34,45,CulturaX,895.296875,1,91,True,26.332261029411764
10,38,51,CulturaX,964.4375,2,134,False,25.379934210526315
8,41,61,CulturaX,1154.03125,2,134,False,28.147103658536587
27,119,162,CulturaX,3217.5625,4,220,False,27.038340336134453
28,149,206,CulturaX,3732.5625,4,220,False,25.050755033557046
16,69,104,CulturaX,1735.703125,2,134,False,25.155117753623188
18,71,92,CulturaX,1897.765625,3,177,False,26.729093309859156
11,43,60,CulturaX,1119.84375,2,134,False,26.042877906976745
34,146,187,CulturaX,3696.984375,5,263,False,25.321810787671232
20,90,133,CulturaX,2362.859375,3,177,False,26.253993055555554
13,67,104,CulturaX,1882.796875,2,134,False,28.10144589552239
20,89,124,CulturaX,2419.40625,3,177,False,27.184339887640448
16,69,92,CulturaX,1811.390625,2,134,False,26.25203804347826
10,37,54,CulturaX,1034.3125,2,134,False,27.95439189189189
7,36,50,CulturaX,979.046875,2,134,False,27.19574652777778
24,107,145,CulturaX,2791.5625,4,220,False,26.089369158878505
22,109,153,CulturaX,2988.375,4,220,False,27.416284403669724
7,30,39,CulturaX,819.046875,1,91,True,27.3015625
33,151,210,CulturaX,4037.359375,5,263,False,26.737479304635762
21,88,116,CulturaX,2205.9375,3,177,False,25.06747159090909
23,111,151,CulturaX,2780.078125,3,177,False,25.045748873873872
8,43,59,CulturaX,1134.984375,2,134,False,26.394985465116278
9,41,56,CulturaX,1060.796875,2,134,False,25.873094512195124
9,42,59,CulturaX,1133.484375,2,134,False,26.987723214285715
23,87,123,CulturaX,2242.34375,3,177,False,25.774066091954023
10,37,53,CulturaX,1010.796875,2,134,False,27.31883445945946
12,55,79,CulturaX,1481.546875,2,134,False,26.93721590909091
22,115,172,CulturaX,3169.0,4,220,False,27.556521739130435
9,43,61,CulturaX,1171.9375,2,134,False,27.254360465116278
9,40,52,CulturaX,1009.78125,2,134,False,25.24453125
8,38,54,CulturaX,1022.96875,2,134,False,26.920230263157894
35,166,231,CulturaX,4169.328125,5,263,False,25.116434487951807
10,43,61,CulturaX,1120.75,2,134,False,26.063953488372093
7,40,52,CulturaX,955.71875,1,91,True,23.89296875
28,125,181,CulturaX,3323.96875,4,220,False,26.59175
16,72,97,CulturaX,1984.03125,3,177,False,27.555989583333332
8,39,54,CulturaX,1066.625,2,134,False,27.349358974358974
25,115,165,CulturaX,3006.015625,4,220,False,26.139266304347824
8,34,53,CulturaX,819.328125,1,91,True,24.097886029411764
16,66,88,CulturaX,1634.796875,2,134,False,24.76964962121212
27,135,196,CulturaX,3623.8125,4,220,False,26.843055555555555
12,53,80,CulturaX,1417.015625,2,134,False,26.73614386792453
21,105,151,CulturaX,2837.234375,4,220,False,27.02127976190476
9,31,46,CulturaX,863.5625,1,91,True,27.856854838709676
13,51,69,CulturaX,1389.6875,2,134,False,27.248774509803923
38,193,274,CulturaX,4678.1875,6,306,False,24.23931347150259
21,90,132,CulturaX,2304.828125,3,177,False,25.609201388888888
23,92,130,CulturaX,2367.34375,3,177,False,25.731997282608695
8,40,55,CulturaX,1076.640625,2,134,False,26.916015625
23,112,162,CulturaX,2983.828125,4,220,False,26.641322544642858
16,67,91,CulturaX,1840.171875,3,177,False,27.465251865671643
17,80,117,CulturaX,2142.890625,3,177,False,26.7861328125
14,62,82,CulturaX,1580.15625,2,134,False,25.48639112903226
39,163,222,CulturaX,4384.765625,5,263,False,26.900402607361965
11,41,58,CulturaX,1173.328125,2,134,False,28.617759146341463
7,26,40,CulturaX,769.8125,1,91,True,29.608173076923077
14,70,100,CulturaX,1860.984375,3,177,False,26.58549107142857
14,68,102,CulturaX,1767.75,2,134,False,25.996323529411764
8,37,43,CulturaX,780.59375,1,91,True,21.09712837837838
28,121,171,CulturaX,3291.515625,4,220,False,27.20260847107438
7,24,35,CulturaX,702.703125,1,91,True,29.279296875
13,58,78,CulturaX,1524.765625,2,134,False,26.2890625
27,113,165,CulturaX,2964.40625,4,220,False,26.233683628318584
19,77,111,CulturaX,2106.71875,3,177,False,27.359983766233768
29,145,209,CulturaX,3816.671875,5,263,False,26.321875
19,91,132,CulturaX,2581.5,3,177,False,28.36813186813187
17,84,123,CulturaX,2263.875,3,177,False,26.950892857142858
9,36,50,CulturaX,949.765625,1,91,True,26.38237847222222
7,33,49,CulturaX,877.78125,1,91,True,26.599431818181817
16,79,114,CulturaX,2136.90625,3,177,False,27.049446202531644
9,37,48,CulturaX,925.4375,1,91,True,25.011824324324323
28,126,178,CulturaX,3257.734375,4,220,False,25.85503472222222
24,107,156,CulturaX,2924.890625,4,220,False,27.33542640186916
24,106,142,CulturaX,2836.3125,4,220,False,26.75766509433962
12,45,56,CulturaX,1181.078125,2,134,False,26.246180555555554
30,138,193,CulturaX,3713.9375,5,263,False,26.912590579710145
21,94,135,CulturaX,2604.78125,3,177,False,27.710438829787233
8,29,40,CulturaX,727.71875,1,91,True,25.09375
9,32,44,CulturaX,916.953125,1,91,True,28.65478515625
12,63,95,CulturaX,1672.671875,2,134,False,26.55034722222222
16,85,124,CulturaX,2301.78125,3,177,False,27.079779411764704
13,52,68,CulturaX,1349.25,2,134,False,25.947115384615383
75,312,435,CulturaX,8275.9375,9,435,False,26.525440705128204
13,48,66,CulturaX,1287.375,2,134,False,26.8203125
14,58,85,CulturaX,1593.734375,2,134,False,27.478178879310345
12,66,88,CulturaX,1544.15625,2,134,False,23.396306818181817
12,58,80,CulturaX,1594.203125,2,134,False,27.486260775862068
10,44,60,CulturaX,1210.0,2,134,False,27.5
7,27,37,CulturaX,726.984375,1,91,True,26.92534722222222
17,85,131,CulturaX,2208.21875,3,177,False,25.97904411764706
11,46,67,CulturaX,1275.6875,2,134,False,27.73233695652174
24,109,161,CulturaX,2947.8125,4,220,False,27.04415137614679
11,53,80,CulturaX,1538.390625,2,134,False,29.02623820754717
9,40,58,CulturaX,1136.203125,2,134,False,28.405078125
68,290,386,CulturaX,7544.765625,9,435,False,26.01643318965517
17,68,96,CulturaX,1822.515625,2,134,False,26.801700367647058
10,45,65,CulturaX,1218.015625,2,134,False,27.067013888888887
34,151,207,CulturaX,3986.515625,5,263,False,26.40076572847682
61,325,478,CulturaX,8706.46875,10,478,False,26.789134615384615
12,51,70,CulturaX,1361.265625,2,134,False,26.691482843137255
24,108,149,CulturaX,2903.59375,4,220,False,26.885127314814813
29,137,198,CulturaX,3522.078125,4,220,False,25.708599452554743
14,59,82,CulturaX,1539.34375,2,134,False,26.090572033898304
9,36,45,CulturaX,903.3125,1,91,True,25.09201388888889
34,139,195,CulturaX,3846.84375,5,263,False,27.67513489208633
10,38,54,CulturaX,1063.65625,2,134,False,27.99095394736842
14,61,84,CulturaX,1616.03125,2,134,False,26.49231557377049
19,93,130,CulturaX,2455.59375,3,177,False,26.40423387096774
10,46,66,CulturaX,1261.96875,2,134,False,27.434103260869566
8,32,49,CulturaX,883.71875,1,91,True,27.6162109375
10,41,58,CulturaX,1118.390625,2,134,False,27.27782012195122
12,58,84,CulturaX,1560.015625,2,134,False,26.896821120689655
16,66,90,CulturaX,1774.875,2,134,False,26.892045454545453
12,52,74,CulturaX,1378.078125,2,134,False,26.501502403846153
20,84,116,CulturaX,1948.125,3,177,False,23.191964285714285
7,25,40,CulturaX,704.125,1,91,True,28.165
12,53,74,CulturaX,1461.421875,2,134,False,27.573997641509433
8,42,58,CulturaX,1099.921875,2,134,False,26.188616071428573
8,30,43,CulturaX,791.0,1,91,True,26.366666666666667
27,136,185,CulturaX,3372.9375,4,220,False,24.801011029411764
30,139,180,CulturaX,3360.65625,4,220,False,24.17738309352518
7,27,37,CulturaX,611.6875,1,91,True,22.65509259259259
19,96,138,CulturaX,2753.515625,3,177,False,28.682454427083332
39,179,252,CulturaX,4925.140625,6,306,False,27.514752094972067
30,140,194,CulturaX,3641.34375,4,220,False,26.009598214285713
15,63,92,CulturaX,1675.703125,2,134,False,26.5984623015873
11,44,65,CulturaX,1183.140625,2,134,False,26.88955965909091
29,133,181,CulturaX,3515.15625,4,220,False,26.429746240601503
16,67,89,CulturaX,1752.921875,2,134,False,26.16301305970149
8,36,51,CulturaX,976.96875,2,134,False,27.138020833333332
12,53,79,CulturaX,1401.015625,2,134,False,26.4342570754717
12,46,64,CulturaX,1290.0,2,134,False,28.043478260869566
11,43,56,CulturaX,1193.40625,2,134,False,27.75363372093023
24,113,170,CulturaX,3038.125,4,220,False,26.886061946902654
11,38,56,CulturaX,1043.796875,2,134,False,27.468338815789473
25,93,127,CulturaX,2500.65625,3,177,False,26.888776881720432
33,124,169,CulturaX,3267.71875,4,220,False,26.352570564516128
13,53,76,CulturaX,1420.515625,2,134,False,26.802181603773583
14,58,84,CulturaX,1622.359375,2,134,False,27.971713362068964
11,43,56,CulturaX,1109.03125,2,134,False,25.791424418604652
32,155,213,CulturaX,3926.859375,5,263,False,25.334576612903227
7,33,53,CulturaX,914.609375,1,91,True,27.715435606060606
15,60,86,CulturaX,1632.984375,2,134,False,27.21640625
14,68,103,CulturaX,1792.8125,2,134,False,26.36488970588235
14,51,68,CulturaX,1435.125,2,134,False,28.139705882352942
26,127,173,CulturaX,3411.78125,4,220,False,26.86441929133858
7,31,42,CulturaX,861.484375,1,91,True,27.789818548387096
32,150,219,CulturaX,4015.4375,5,263,False,26.769583333333333
8,24,33,CulturaX,532.859375,1,91,True,22.202473958333332
9,50,72,CulturaX,1325.984375,2,134,False,26.5196875
8,29,42,CulturaX,730.3125,1,91,True,25.183189655172413
18,88,127,CulturaX,2250.984375,3,177,False,25.579367897727273
21,99,132,CulturaX,2653.09375,3,177,False,26.798926767676768
8,31,45,CulturaX,790.234375,1,91,True,25.491431451612904
20,86,117,CulturaX,2254.359375,3,177,False,26.213481104651162
12,47,61,CulturaX,1229.15625,2,134,False,26.15226063829787
8,28,39,CulturaX,676.96875,1,91,True,24.177455357142858
10,45,63,CulturaX,1239.625,2,134,False,27.54722222222222
7,32,46,CulturaX,854.40625,1,91,True,26.7001953125
30,129,168,CulturaX,3189.75,4,220,False,24.726744186046513
11,51,76,CulturaX,1403.1875,2,134,False,27.51348039215686
7,26,36,CulturaX,714.59375,1,91,True,27.484375
20,89,135,CulturaX,2409.453125,3,177,False,27.07250702247191
17,81,111,CulturaX,2125.296875,3,177,False,26.238233024691358
13,62,95,CulturaX,1669.515625,2,134,False,26.92767137096774
18,89,133,CulturaX,2417.40625,3,177,False,27.16186797752809
18,80,112,CulturaX,2203.671875,3,177,False,27.5458984375
11,47,67,CulturaX,1249.296875,2,134,False,26.580784574468087
9,42,58,CulturaX,1169.453125,2,134,False,27.844122023809526
23,100,137,CulturaX,2598.234375,3,177,False,25.98234375
8,35,49,CulturaX,913.390625,1,91,True,26.096875
10,34,45,CulturaX,871.078125,1,91,True,25.619944852941178
36,173,250,CulturaX,4768.515625,6,306,False,27.563674132947977
14,53,75,CulturaX,1534.328125,2,134,False,28.949587264150942
24,114,157,CulturaX,3130.75,4,220,False,27.462719298245613
8,39,53,CulturaX,997.0,2,134,False,25.564102564102566
48,192,268,CulturaX,5205.25,6,306,False,27.110677083333332
38,193,268,CulturaX,5125.65625,6,306,False,26.557804404145077
16,63,81,CulturaX,1671.03125,2,134,False,26.524305555555557
35,157,213,CulturaX,4107.734375,5,263,False,26.16391321656051
33,146,201,CulturaX,4008.859375,5,263,False,27.457940924657535
12,55,77,CulturaX,1493.859375,2,134,False,27.161079545454545
24,126,177,CulturaX,3319.109375,4,220,False,26.342137896825395
12,53,81,CulturaX,1488.796875,2,134,False,28.0905070754717
10,43,61,CulturaX,1158.671875,2,134,False,26.945857558139537
18,78,101,CulturaX,2034.75,3,177,False,26.08653846153846
14,70,100,CulturaX,1912.328125,3,177,False,27.318973214285716
10,45,62,CulturaX,1235.203125,2,134,False,27.448958333333334
9,31,42,CulturaX,737.453125,1,91,True,23.788810483870968
30,146,217,CulturaX,3828.3125,5,263,False,26.221318493150687
9,38,57,CulturaX,1086.0625,2,134,False,28.580592105263158
11,47,61,CulturaX,1326.3125,2,134,False,28.21941489361702
9,37,53,CulturaX,1054.03125,2,134,False,28.48733108108108
14,62,88,CulturaX,1724.171875,2,134,False,27.80922379032258
9,47,68,CulturaX,1288.640625,2,134,False,27.41788563829787
8,40,57,CulturaX,1002.265625,2,134,False,25.056640625
8,45,57,CulturaX,1131.15625,2,134,False,25.136805555555554
8,35,49,CulturaX,826.390625,1,91,True,23.611160714285713
21,85,108,CulturaX,2175.140625,3,177,False,25.589889705882353
10,42,51,CulturaX,1087.609375,2,134,False,25.89546130952381
7,28,41,CulturaX,833.6875,1,91,True,29.774553571428573
18,60,82,CulturaX,1593.296875,2,134,False,26.554947916666666
10,52,75,CulturaX,1349.234375,2,134,False,25.946814903846153
8,42,61,CulturaX,1202.90625,2,134,False,28.640625
7,24,35,CulturaX,627.3125,1,91,True,26.138020833333332
7,27,40,CulturaX,755.734375,1,91,True,27.990162037037038
10,48,64,CulturaX,1382.109375,2,134,False,28.7939453125
21,92,119,CulturaX,2277.21875,3,177,False,24.752377717391305
7,33,47,CulturaX,881.453125,1,91,True,26.710700757575758
25,103,140,CulturaX,2775.203125,3,177,False,26.943719660194176
21,91,130,CulturaX,2372.5,3,177,False,26.071428571428573
24,111,162,CulturaX,2982.171875,4,220,False,26.86641328828829
8,35,54,CulturaX,958.96875,1,91,True,27.399107142857144
94,418,593,CulturaX,11036.296875,13,607,False,26.402624102870814
14,65,100,CulturaX,1699.625,2,134,False,26.148076923076925
9,36,54,CulturaX,1016.625,2,134,False,28.239583333333332
11,47,64,CulturaX,1146.15625,2,134,False,24.38630319148936
15,66,95,CulturaX,1819.625,2,134,False,27.570075757575758
9,38,49,CulturaX,1014.59375,2,134,False,26.69983552631579
7,32,46,CulturaX,836.140625,1,91,True,26.12939453125
49,247,348,CulturaX,6411.40625,8,392,False,25.95711032388664
21,96,130,CulturaX,2519.90625,3,177,False,26.2490234375
9,41,60,CulturaX,1160.375,2,134,False,28.301829268292682
27,119,171,CulturaX,3034.0625,4,220,False,25.496323529411764
13,70,87,CulturaX,1789.390625,2,134,False,25.562723214285715
9,35,47,CulturaX,968.84375,2,134,False,27.68125
13,61,86,CulturaX,1744.5625,2,134,False,28.59938524590164
13,76,113,CulturaX,2063.453125,3,177,False,27.150699013157894
8,39,59,CulturaX,993.53125,2,134,False,25.475160256410255
54,246,354,CulturaX,6583.171875,8,392,False,26.760861280487806
10,40,57,CulturaX,1093.984375,2,134,False,27.349609375
12,52,72,CulturaX,1362.8125,2,134,False,26.207932692307693
80,315,427,CulturaX,8056.328125,9,435,False,25.575644841269842
18,112,129,CulturaX,2432.59375,3,177,False,21.719587053571427
14,57,85,CulturaX,1548.890625,2,134,False,27.173519736842106
35,140,203,CulturaX,3778.75,5,263,False,26.991071428571427
7,35,49,CulturaX,968.546875,2,134,False,27.67276785714286
28,117,160,CulturaX,3035.609375,4,220,False,25.945379273504273
12,55,79,CulturaX,1594.671875,2,134,False,28.99403409090909
8,32,40,CulturaX,702.859375,1,91,True,21.96435546875
7,28,32,CulturaX,674.265625,1,91,True,24.080915178571427
24,114,146,CulturaX,2737.46875,3,177,False,24.012883771929825
16,77,110,CulturaX,2042.4375,3,177,False,26.525162337662337
20,86,128,CulturaX,2173.0,3,177,False,25.267441860465116
12,56,77,CulturaX,1461.34375,2,134,False,26.095424107142858
10,40,60,CulturaX,1091.796875,2,134,False,27.294921875
9,38,53,CulturaX,978.28125,2,134,False,25.74424342105263
23,103,158,CulturaX,2774.5625,4,220,False,26.9375
12,53,75,CulturaX,1449.234375,2,134,False,27.344044811320753
13,59,89,CulturaX,1594.25,2,134,False,27.021186440677965
7,27,36,CulturaX,734.59375,1,91,True,27.207175925925927
10,45,71,CulturaX,1227.953125,2,134,False,27.287847222222222
21,92,123,CulturaX,2354.515625,3,177,False,25.592561141304348
8,34,44,CulturaX,897.625,1,91,True,26.40073529411765
28,136,187,CulturaX,3505.984375,4,220,False,25.779296875
8,34,49,CulturaX,903.40625,1,91,True,26.57077205882353
9,34,45,CulturaX,867.203125,1,91,True,25.505974264705884
23,93,126,CulturaX,2264.03125,3,177,False,24.344422043010752
26,114,168,CulturaX,3018.640625,4,220,False,26.479303728070175
15,58,84,CulturaX,1588.546875,2,134,False,27.388739224137932
24,96,129,CulturaX,2503.21875,3,177,False,26.0751953125
18,84,122,CulturaX,2117.34375,3,177,False,25.206473214285715
13,60,89,CulturaX,1730.8125,2,134,False,28.846875
13,62,89,CulturaX,1645.984375,2,134,False,26.54813508064516
25,122,183,CulturaX,3403.75,4,220,False,27.899590163934427
47,230,321,CulturaX,6245.109375,7,349,False,27.15264945652174
27,124,182,CulturaX,3550.5,4,220,False,28.633064516129032
19,89,125,CulturaX,2412.9375,3,177,False,27.111657303370787
7,36,44,CulturaX,820.03125,1,91,True,22.778645833333332
21,93,124,CulturaX,2448.28125,3,177,False,26.325604838709676
12,40,52,CulturaX,1011.15625,2,134,False,25.27890625
8,31,43,CulturaX,825.234375,1,91,True,26.62046370967742
11,47,71,CulturaX,1305.1875,2,134,False,27.76994680851064
9,44,65,CulturaX,1213.765625,2,134,False,27.585582386363637
16,70,93,CulturaX,1877.25,2,134,False,26.817857142857143
15,64,91,CulturaX,1691.234375,2,134,False,26.425537109375
27,111,145,CulturaX,2898.203125,4,220,False,26.109938063063062
14,55,75,CulturaX,1554.171875,2,134,False,28.257670454545455
7,26,39,CulturaX,757.046875,1,91,True,29.1171875
14,62,89,CulturaX,1648.984375,2,134,False,26.596522177419356
14,62,92,CulturaX,1723.171875,2,134,False,27.793094758064516
22,101,134,CulturaX,2659.578125,3,177,False,26.332456683168317
12,48,67,CulturaX,1302.53125,2,134,False,27.136067708333332
55,245,324,CulturaX,6218.484375,7,349,False,25.38156887755102
10,38,54,CulturaX,994.421875,2,134,False,26.168996710526315
22,120,175,CulturaX,3232.515625,4,220,False,26.937630208333335
10,47,67,CulturaX,1328.421875,2,134,False,28.26429521276596
15,63,87,CulturaX,1730.5625,2,134,False,27.46924603174603
12,56,74,CulturaX,1501.140625,2,134,False,26.806082589285715
27,120,176,CulturaX,3328.34375,4,220,False,27.736197916666665
35,157,222,CulturaX,4269.53125,5,263,False,27.194466560509554
28,124,180,CulturaX,3439.140625,4,220,False,27.73500504032258
44,219,302,CulturaX,5831.609375,7,349,False,26.628353310502284
12,56,79,CulturaX,1561.921875,2,134,False,27.891462053571427
11,44,65,CulturaX,1243.78125,2,134,False,28.267755681818183
7,33,46,CulturaX,927.125,1,91,True,28.09469696969697
15,70,102,CulturaX,1951.5,3,177,False,27.87857142857143
41,176,250,CulturaX,4665.703125,6,306,False,26.50967684659091
21,87,128,CulturaX,2285.890625,3,177,False,26.27460488505747
17,97,153,CulturaX,2753.78125,4,220,False,28.389497422680414
10,55,70,CulturaX,1336.25,2,134,False,24.295454545454547
15,63,91,CulturaX,1641.484375,2,134,False,26.05530753968254
8,32,41,CulturaX,814.640625,1,91,True,25.45751953125
41,180,256,CulturaX,4767.15625,6,306,False,26.484201388888888
15,64,94,CulturaX,1844.546875,3,177,False,28.821044921875
17,73,105,CulturaX,1961.25,3,177,False,26.866438356164384
13,58,87,CulturaX,1536.5625,2,134,False,26.492456896551722
12,48,67,CulturaX,1171.203125,2,134,False,24.400065104166668
22,97,135,CulturaX,2570.0625,3,177,False,26.495489690721648
11,33,48,CulturaX,842.375,1,91,True,25.526515151515152
16,66,94,CulturaX,1955.3125,3,177,False,29.62594696969697
15,61,85,CulturaX,1669.484375,2,134,False,27.36859631147541
7,34,40,CulturaX,778.90625,1,91,True,22.909007352941178
21,84,114,CulturaX,2070.796875,3,177,False,24.65234375
17,72,101,CulturaX,1941.40625,3,177,False,26.963975694444443
18,79,96,CulturaX,1833.953125,2,134,False,23.214596518987342
14,59,90,CulturaX,1563.296875,2,134,False,26.49655720338983
17,79,106,CulturaX,2254.15625,3,177,False,28.533623417721518
8,37,50,CulturaX,1017.375,2,134,False,27.49662162162162
9,31,42,CulturaX,800.03125,1,91,True,25.807459677419356
67,277,388,CulturaX,7114.046875,8,392,False,25.682479693140795
8,38,47,CulturaX,1012.6875,2,134,False,26.64967105263158
12,55,75,CulturaX,1456.703125,2,134,False,26.485511363636363
19,97,142,CulturaX,2580.6875,3,177,False,26.605025773195877
17,78,112,CulturaX,2146.328125,3,177,False,27.517027243589745
10,41,55,CulturaX,1123.15625,2,134,False,27.39405487804878
26,117,173,CulturaX,3167.5625,4,220,False,27.07318376068376
8,32,45,CulturaX,853.15625,1,91,True,26.6611328125
10,44,62,CulturaX,1251.375,2,134,False,28.44034090909091
8,31,46,CulturaX,846.015625,1,91,True,27.290826612903224
44,194,275,CulturaX,4920.03125,6,306,False,25.36098582474227
10,45,65,CulturaX,1256.078125,2,134,False,27.912847222222222
12,46,66,CulturaX,1218.984375,2,134,False,26.499660326086957
8,34,46,CulturaX,960.8125,2,134,False,28.259191176470587
52,237,340,CulturaX,6032.46875,7,349,False,25.453454641350213
12,52,73,CulturaX,1256.203125,2,134,False,24.157752403846153
15,68,92,CulturaX,1725.0,2,134,False,25.36764705882353
7,32,47,CulturaX,939.515625,1,91,True,29.35986328125
9,38,54,CulturaX,969.71875,2,134,False,25.51891447368421
11,50,73,CulturaX,1273.265625,2,134,False,25.4653125
17,86,125,CulturaX,2302.34375,3,177,False,26.77143895348837
22,92,130,CulturaX,2505.296875,3,177,False,27.23148777173913
11,52,73,CulturaX,1378.328125,2,134,False,26.506310096153847
18,85,117,CulturaX,2306.75,3,177,False,27.138235294117646
15,62,84,CulturaX,1632.546875,2,134,False,26.33140120967742
8,42,64,CulturaX,1200.859375,2,134,False,28.59188988095238
16,64,86,CulturaX,1556.1875,2,134,False,24.3154296875
9,44,64,CulturaX,1340.765625,2,134,False,30.471946022727273
8,30,40,CulturaX,805.984375,1,91,True,26.866145833333334
20,92,126,CulturaX,2440.625,3,177,False,26.528532608695652
9,32,48,CulturaX,915.171875,1,91,True,28.59912109375
14,102,153,CulturaX,2722.71875,4,220,False,26.69332107843137
7,29,43,CulturaX,844.4375,1,91,True,29.11853448275862
13,61,93,CulturaX,1832.203125,3,177,False,30.036116803278688
7,27,36,CulturaX,725.703125,1,91,True,26.87789351851852
14,63,81,CulturaX,1671.359375,2,134,False,26.52951388888889
7,27,39,CulturaX,782.15625,1,91,True,28.96875
11,53,74,CulturaX,1453.84375,2,134,False,27.431014150943398
14,83,120,CulturaX,2187.640625,3,177,False,26.35711596385542
22,109,163,CulturaX,2868.171875,4,220,False,26.313503440366972
16,72,101,CulturaX,1866.5,3,177,False,25.92361111111111
17,78,110,CulturaX,2116.15625,3,177,False,27.130208333333332
21,86,118,CulturaX,2132.90625,3,177,False,24.801235465116278
10,50,75,CulturaX,1349.9375,2,134,False,26.99875
17,68,96,CulturaX,1900.515625,3,177,False,27.94875919117647
29,130,179,CulturaX,3617.046875,4,220,False,27.8234375
22,100,137,CulturaX,2528.46875,3,177,False,25.2846875
10,41,55,CulturaX,1070.765625,2,134,False,26.116234756097562
25,112,146,CulturaX,2788.484375,3,177,False,24.897181919642858
10,49,59,CulturaX,1142.40625,2,134,False,23.314413265306122
8,30,40,CulturaX,740.125,1,91,True,24.670833333333334
8,41,54,CulturaX,906.9375,1,91,True,22.120426829268293
14,56,84,CulturaX,1599.4375,2,134,False,28.561383928571427
23,90,130,CulturaX,2366.28125,3,177,False,26.29201388888889
32,133,186,CulturaX,3558.828125,4,220,False,26.758106203007518
15,66,85,CulturaX,1708.21875,2,134,False,25.882102272727273
12,48,67,CulturaX,1296.75,2,134,False,27.015625
18,74,104,CulturaX,2006.796875,3,177,False,27.11887668918919
21,115,172,CulturaX,3071.296875,4,220,False,26.706929347826087
15,60,82,CulturaX,1510.125,2,134,False,25.16875
26,122,179,CulturaX,3148.609375,4,220,False,25.80827356557377
16,70,101,CulturaX,1964.609375,3,177,False,28.065848214285715
10,37,48,CulturaX,989.375,2,134,False,26.739864864864863
7,31,39,CulturaX,762.0625,1,91,True,24.58266129032258
8,39,59,CulturaX,1047.1875,2,134,False,26.85096153846154
17,72,92,CulturaX,1870.4375,3,177,False,25.97829861111111
10,51,80,CulturaX,1307.453125,2,134,False,25.636335784313726
64,316,450,CulturaX,8530.921875,10,478,False,26.996588212025316
21,98,145,CulturaX,2697.109375,3,177,False,27.521524234693878
7,27,42,CulturaX,774.203125,1,91,True,28.674189814814813
17,75,110,CulturaX,2040.125,3,177,False,27.201666666666668
29,125,183,CulturaX,3306.3125,4,220,False,26.4505
9,28,41,CulturaX,780.0625,1,91,True,27.859375
18,73,103,CulturaX,1891.0625,3,177,False,25.90496575342466
8,37,56,CulturaX,1021.984375,2,134,False,27.621199324324323
31,132,191,CulturaX,3598.390625,4,220,False,27.26053503787879
9,41,54,CulturaX,1026.28125,2,134,False,25.03125
20,86,116,CulturaX,2340.71875,3,177,False,27.21765988372093
29,130,194,CulturaX,3373.09375,4,220,False,25.946875
22,98,137,CulturaX,2613.265625,3,177,False,26.665975765306122
10,40,53,CulturaX,1024.1875,2,134,False,25.6046875
13,54,75,CulturaX,1522.734375,2,134,False,28.19878472222222
14,58,83,CulturaX,1508.03125,2,134,False,26.00053879310345
18,95,140,CulturaX,2636.25,3,177,False,27.75
20,83,113,CulturaX,2239.421875,3,177,False,26.98098644578313
8,37,57,CulturaX,967.390625,2,134,False,26.14569256756757
16,69,97,CulturaX,1771.25,2,134,False,25.670289855072465
7,30,44,CulturaX,826.046875,1,91,True,27.534895833333334
36,166,231,CulturaX,4424.15625,5,263,False,26.651543674698797
11,51,73,CulturaX,1419.84375,2,134,False,27.840073529411764
47,210,291,CulturaX,5633.515625,7,349,False,26.82626488095238
11,47,69,CulturaX,1380.671875,2,134,False,29.37599734042553
25,107,148,CulturaX,2832.328125,4,220,False,26.470356308411215
19,83,113,CulturaX,2159.71875,3,177,False,26.0207078313253
10,41,60,CulturaX,1083.28125,2,134,False,26.421493902439025
28,117,170,CulturaX,3025.65625,4,220,False,25.86030982905983
16,71,102,CulturaX,2044.984375,3,177,False,28.802596830985916
13,61,90,CulturaX,1656.96875,2,134,False,27.16342213114754
35,142,194,CulturaX,3644.0625,5,263,False,25.662411971830984
21,89,129,CulturaX,2323.9375,3,177,False,26.111657303370787
31,144,209,CulturaX,3942.578125,5,263,False,27.379014756944443
16,91,104,CulturaX,1875.46875,3,177,False,20.609546703296704
21,83,114,CulturaX,2128.140625,3,177,False,25.640248493975903
8,35,50,CulturaX,1015.359375,2,134,False,29.010267857142857
19,84,117,CulturaX,2270.5,3,177,False,27.029761904761905
7,30,42,CulturaX,873.953125,1,91,True,29.131770833333334
23,109,163,CulturaX,2955.890625,4,220,False,27.118262614678898
53,283,429,CulturaX,7469.625,9,435,False,26.394434628975265
7,30,43,CulturaX,823.765625,1,91,True,27.458854166666665
36,140,181,CulturaX,3704.03125,4,220,False,26.45736607142857
10,42,59,CulturaX,1136.9375,2,134,False,27.069940476190474
12,51,75,CulturaX,1289.875,2,134,False,25.291666666666668
42,189,269,CulturaX,4898.65625,6,306,False,25.918816137566136
43,202,283,CulturaX,5321.28125,6,306,False,26.342976485148515
18,81,117,CulturaX,2112.796875,3,177,False,26.083912037037038
22,108,161,CulturaX,2899.75,4,220,False,26.849537037037038
15,68,97,CulturaX,1742.71875,2,134,False,25.628216911764707
16,72,102,CulturaX,1970.234375,3,177,False,27.364366319444443
28,114,158,CulturaX,3038.34375,4,220,False,26.652138157894736
12,62,94,CulturaX,1695.25,2,134,False,27.342741935483872
19,90,123,CulturaX,2394.078125,3,177,False,26.600868055555555
11,56,77,CulturaX,1451.9375,2,134,False,25.927455357142858
6,24,34,CulturaX,683.25,1,91,True,28.46875
25,120,160,CulturaX,2831.5,4,220,False,23.595833333333335
7,32,44,CulturaX,900.296875,1,91,True,28.13427734375
23,99,141,CulturaX,2574.9375,3,177,False,26.009469696969695
13,75,112,CulturaX,2063.125,3,177,False,27.508333333333333
34,154,222,CulturaX,3987.203125,5,263,False,25.890929383116884
12,42,56,CulturaX,1121.6875,2,134,False,26.706845238095237
11,44,62,CulturaX,1182.328125,2,134,False,26.87109375
15,61,87,CulturaX,1609.96875,2,134,False,26.392930327868854
23,108,156,CulturaX,2651.546875,3,177,False,24.551359953703702
28,122,171,CulturaX,3112.921875,4,220,False,25.51575307377049
14,54,76,CulturaX,1395.375,2,134,False,25.84027777777778
7,28,43,CulturaX,798.6875,1,91,True,28.524553571428573
13,58,82,CulturaX,1575.84375,2,134,False,27.169719827586206
7,26,37,CulturaX,642.359375,1,91,True,24.706129807692307
69,315,447,CulturaX,8696.546875,10,478,False,27.60808531746032
8,45,64,CulturaX,1287.59375,2,134,False,28.613194444444446
13,55,77,CulturaX,1470.828125,2,134,False,26.742329545454545
24,109,160,CulturaX,3011.984375,4,220,False,27.632884174311926
7,29,39,CulturaX,761.890625,1,91,True,26.27209051724138
42,164,228,CulturaX,4313.734375,5,263,False,26.303258384146343
21,93,128,CulturaX,2466.984375,3,177,False,26.52671370967742
13,54,76,CulturaX,1421.875,2,134,False,26.33101851851852
9,36,51,CulturaX,993.328125,2,134,False,27.592447916666668
15,71,104,CulturaX,1944.984375,3,177,False,27.394146126760564
14,64,92,CulturaX,1703.015625,2,134,False,26.609619140625
10,45,64,CulturaX,1069.890625,2,134,False,23.775347222222223
14,49,70,CulturaX,1331.390625,2,134,False,27.17123724489796
12,50,70,CulturaX,1329.28125,2,134,False,26.585625
8,31,42,CulturaX,810.34375,1,91,True,26.140120967741936
18,89,132,CulturaX,2459.765625,3,177,False,27.637816011235955
23,108,163,CulturaX,2977.84375,4,220,False,27.572627314814813
27,120,181,CulturaX,3246.734375,4,220,False,27.056119791666667
19,79,105,CulturaX,2114.234375,3,177,False,26.762460443037973
13,65,89,CulturaX,1687.984375,2,134,False,25.968990384615385
18,80,115,CulturaX,2123.40625,3,177,False,26.542578125
38,165,233,CulturaX,4379.671875,5,263,False,26.54346590909091
15,49,69,CulturaX,1401.984375,2,134,False,28.611926020408163
61,298,417,CulturaX,7900.234375,9,435,False,26.51085360738255
17,95,142,CulturaX,2512.890625,3,177,False,26.451480263157894
8,42,62,CulturaX,1130.09375,2,134,False,26.906994047619047
13,60,73,CulturaX,1527.84375,2,134,False,25.4640625
19,75,112,CulturaX,1990.671875,3,177,False,26.542291666666667
12,47,63,CulturaX,1241.09375,2,134,False,26.40625
24,101,147,CulturaX,2711.90625,3,177,False,26.85055693069307
28,129,181,CulturaX,3338.453125,4,220,False,25.879481589147286
21,95,129,CulturaX,2525.796875,3,177,False,26.58733552631579
9,46,65,CulturaX,1205.359375,2,134,False,26.203464673913043
10,42,59,CulturaX,1127.375,2,134,False,26.842261904761905
24,105,158,CulturaX,2938.8125,4,220,False,27.988690476190477
7,32,44,CulturaX,794.515625,1,91,True,24.82861328125
26,105,149,CulturaX,2768.125,4,220,False,26.363095238095237
8,36,52,CulturaX,1014.109375,2,134,False,28.16970486111111
17,64,91,CulturaX,1721.15625,2,134,False,26.89306640625
10,40,56,CulturaX,1093.171875,2,134,False,27.329296875
10,43,62,CulturaX,1204.75,2,134,False,28.017441860465116
8,38,52,CulturaX,1037.734375,2,134,False,27.308799342105264
13,66,101,CulturaX,1760.640625,2,134,False,26.676373106060606
19,78,104,CulturaX,1958.65625,3,177,False,25.110977564102566
21,100,139,CulturaX,2718.875,3,177,False,27.18875
14,71,103,CulturaX,1979.5,3,177,False,27.880281690140844
10,41,54,CulturaX,1016.421875,2,134,False,24.79077743902439
36,166,232,CulturaX,4515.484375,6,306,False,27.201713102409638
26,127,193,CulturaX,3452.046875,4,220,False,27.181471456692915
31,132,191,CulturaX,3620.875,5,263,False,27.43087121212121
9,34,44,CulturaX,917.859375,1,91,True,26.995863970588236
51,227,337,CulturaX,6111.46875,7,349,False,26.922769823788546
39,236,349,CulturaX,6212.4375,8,392,False,26.32388771186441
15,65,92,CulturaX,1763.296875,2,134,False,27.12764423076923
10,38,52,CulturaX,952.203125,1,91,True,25.05797697368421
15,68,93,CulturaX,1852.46875,2,134,False,27.2421875
12,52,72,CulturaX,1366.453125,2,134,False,26.27794471153846
19,82,116,CulturaX,2215.015625,3,177,False,27.012385670731707
16,65,84,CulturaX,1691.265625,2,134,False,26.019471153846155
33,157,210,CulturaX,4173.265625,5,263,False,26.581309713375795
10,46,61,CulturaX,1236.921875,2,134,False,26.88960597826087
90,414,581,CulturaX,11031.96875,12,564,False,26.647267512077295
23,95,136,CulturaX,2478.015625,3,177,False,26.084375
15,72,100,CulturaX,1743.796875,2,134,False,24.219401041666668
7,29,42,CulturaX,849.546875,1,91,True,29.294719827586206
19,88,121,CulturaX,2049.859375,3,177,False,23.29385653409091
36,148,200,CulturaX,3889.078125,5,263,False,26.27755489864865
26,128,181,CulturaX,3559.390625,4,220,False,27.8077392578125
33,143,203,CulturaX,3799.546875,5,263,False,26.570257867132867
18,74,101,CulturaX,1835.46875,2,134,False,24.803631756756758
31,134,191,CulturaX,3369.8125,4,220,False,25.14785447761194
9,39,54,CulturaX,977.546875,2,134,False,25.065304487179485
14,70,102,CulturaX,2005.84375,3,177,False,28.654910714285716
28,110,153,CulturaX,2683.484375,3,177,False,24.3953125
11,38,50,CulturaX,1044.171875,2,134,False,27.478207236842106
12,60,82,CulturaX,1597.28125,2,134,False,26.621354166666666
18,82,107,CulturaX,2070.75,3,177,False,25.253048780487806
26,113,166,CulturaX,3011.78125,4,220,False,26.652931415929203
17,78,112,CulturaX,2133.78125,3,177,False,27.356169871794872
14,50,72,CulturaX,1300.359375,2,134,False,26.0071875
41,180,259,CulturaX,4934.8125,6,306,False,27.415625
40,184,255,CulturaX,4972.4375,6,306,False,27.024116847826086
13,64,86,CulturaX,1561.015625,2,134,False,24.390869140625
16,67,95,CulturaX,1809.28125,2,134,False,27.00419776119403
16,87,127,CulturaX,2318.109375,3,177,False,26.644935344827587
14,64,94,CulturaX,1759.703125,2,134,False,27.495361328125
12,53,75,CulturaX,1395.203125,2,134,False,26.324587264150942
16,72,93,CulturaX,1931.046875,3,177,False,26.82009548611111
10,49,68,CulturaX,1258.453125,2,134,False,25.682716836734695
19,101,142,CulturaX,2782.796875,3,177,False,27.552444306930692
20,82,114,CulturaX,2199.015625,3,177,False,26.817263719512194
49,237,354,CulturaX,6440.5,8,392,False,27.175105485232066
40,191,261,CulturaX,5281.859375,6,306,False,27.653714005235603
13,49,68,CulturaX,1362.640625,2,134,False,27.808992346938776
11,43,58,CulturaX,1087.75,2,134,False,25.296511627906977
13,60,91,CulturaX,1578.921875,2,134,False,26.315364583333334
13,54,76,CulturaX,1354.40625,2,134,False,25.08159722222222
15,68,94,CulturaX,1892.078125,2,134,False,27.82467830882353
25,93,126,CulturaX,2419.09375,3,177,False,26.011760752688172
13,57,83,CulturaX,1527.25,2,134,False,26.79385964912281
20,98,137,CulturaX,2536.75,3,177,False,25.885204081632654
32,149,204,CulturaX,4078.875,5,263,False,27.375
50,222,337,CulturaX,5748.953125,7,349,False,25.89618524774775
26,116,169,CulturaX,3043.984375,4,220,False,26.241244612068964
8,37,53,CulturaX,991.875,2,134,False,26.80743243243243
11,58,72,CulturaX,1350.453125,2,134,False,23.283674568965516
8,28,37,CulturaX,700.296875,1,91,True,25.010602678571427
10,53,67,CulturaX,1239.734375,2,134,False,23.39121462264151
19,85,123,CulturaX,2257.9375,3,177,False,26.563970588235293
25,114,169,CulturaX,2951.625,4,220,False,25.89144736842105
10,43,60,CulturaX,1200.015625,2,134,False,27.90734011627907
12,51,70,CulturaX,1349.703125,2,134,False,26.464767156862745
27,127,173,CulturaX,3464.84375,4,220,False,27.282234251968504
10,38,56,CulturaX,1112.34375,2,134,False,29.27220394736842
7,26,33,CulturaX,649.375,1,91,True,24.97596153846154
7,25,34,CulturaX,664.296875,1,91,True,26.571875
10,45,60,CulturaX,1168.484375,2,134,False,25.966319444444444
13,64,96,CulturaX,1853.703125,2,134,False,28.964111328125
12,56,92,CulturaX,1590.53125,2,134,False,28.40234375
37,172,242,CulturaX,4476.171875,6,306,False,26.0242550872093
8,30,44,CulturaX,822.953125,1,91,True,27.431770833333335
9,33,45,CulturaX,900.015625,1,91,True,27.273200757575758
11,44,61,CulturaX,1169.40625,2,134,False,26.577414772727273
25,124,165,CulturaX,3275.5625,4,220,False,26.415826612903224
7,32,42,CulturaX,890.046875,1,91,True,27.81396484375
11,37,49,CulturaX,966.109375,2,134,False,26.11106418918919
