word_count,grapheme_count,codepoint_count,src,single_line_width_px,wrapped_line_count,estimated_image_height_px,fits_single_line,pixels_per_grapheme
15,56,78,CulturaX,1509.875,2,134,False,26.962053571428573
7,34,39,CulturaX,717.171875,1,91,True,21.09329044117647
9,35,46,CulturaX,935.875,1,91,True,26.739285714285714
7,31,43,CulturaX,830.34375,1,91,True,26.785282258064516
24,118,169,CulturaX,3223.234375,4,220,False,27.315545550847457
21,108,155,CulturaX,2919.640625,4,220,False,27.03370949074074
12,47,64,CulturaX,1219.875,2,134,False,25.954787234042552
48,210,279,CulturaX,5711.3125,7,349,False,27.19672619047619
30,129,175,CulturaX,3318.84375,4,220,False,25.72747093023256
8,45,65,CulturaX,1298.15625,2,134,False,28.847916666666666
25,135,194,CulturaX,3679.0,5,263,False,27.251851851851853
42,171,243,CulturaX,4726.859375,6,306,False,27.642452485380115
8,36,56,CulturaX,992.53125,2,134,False,27.5703125
13,60,89,CulturaX,1552.421875,2,134,False,25.873697916666668
33,153,221,CulturaX,4039.796875,5,263,False,26.40390114379085
18,77,111,CulturaX,2131.59375,3,177,False,27.683035714285715
92,425,599,CulturaX,11391.25,13,607,False,26.80294117647059
15,67,85,CulturaX,1663.15625,2,134,False,24.823227611940297
36,166,240,CulturaX,4477.59375,5,263,False,26.973456325301203
27,122,178,CulturaX,3140.78125,4,220,False,25.744108606557376
29,136,195,CulturaX,3663.609375,4,220,False,26.938304227941178
12,55,77,CulturaX,1321.671875,2,134,False,24.030397727272728
21,93,130,CulturaX,2434.125,3,177,False,26.173387096774192
10,45,70,CulturaX,1118.5625,2,134,False,24.856944444444444
7,31,46,CulturaX,996.625,2,134,False,32.149193548387096
55,234,344,CulturaX,6173.96875,7,349,False,26.384481837606838
21,81,118,CulturaX,2029.109375,3,177,False,25.050733024691358
23,92,143,CulturaX,2504.28125,3,177,False,27.22044836956522
20,83,115,CulturaX,2169.46875,3,177,False,26.138177710843372
10,37,56,CulturaX,1041.78125,2,134,False,28.15625
22,92,132,CulturaX,2404.28125,3,177,False,26.133491847826086
8,33,43,CulturaX,830.625,1,91,True,25.170454545454547
9,37,56,CulturaX,1038.046875,2,134,False,28.055320945945947
10,42,61,CulturaX,1047.0625,2,134,False,24.930059523809526
17,71,91,CulturaX,1678.28125,2,134,False,23.637764084507044
15,66,91,CulturaX,1757.4375,2,134,False,26.62784090909091
7,31,43,CulturaX,792.140625,1,91,True,25.552923387096776
9,37,50,CulturaX,1008.453125,2,134,False,27.255489864864863
21,97,145,CulturaX,2622.90625,3,177,False,27.0402706185567
7,26,37,CulturaX,681.59375,1,91,True,26.21514423076923
13,57,85,CulturaX,1631.890625,2,134,False,28.629660087719298
58,285,420,CulturaX,8044.03125,9,435,False,28.224671052631578
32,117,169,CulturaX,2989.78125,4,220,False,25.553685897435898
14,64,88,CulturaX,1689.125,2,134,False,26.392578125
8,60,80,CulturaX,1426.84375,2,134,False,23.780729166666667
40,187,259,CulturaX,4628.859375,6,306,False,24.753258689839573
8,27,39,CulturaX,728.203125,1,91,True,26.97048611111111
9,42,59,CulturaX,1199.671875,2,134,False,28.563616071428573
7,31,42,CulturaX,855.015625,1,91,True,27.581149193548388
10,38,54,CulturaX,962.265625,2,134,False,25.322779605263158
17,72,105,CulturaX,2007.34375,3,177,False,27.879774305555557
39,167,223,CulturaX,4404.609375,5,263,False,26.37490643712575
10,38,63,CulturaX,1117.15625,2,134,False,29.398848684210527
29,140,202,CulturaX,3832.71875,5,263,False,27.3765625
7,31,45,CulturaX,758.03125,1,91,True,24.452620967741936
11,58,81,CulturaX,1452.296875,2,134,False,25.03960129310345
11,52,76,CulturaX,1511.609375,2,134,False,29.069411057692307
19,93,135,CulturaX,2521.171875,3,177,False,27.109375
19,105,149,CulturaX,2796.1875,4,220,False,26.630357142857143
7,30,42,CulturaX,782.765625,1,91,True,26.0921875
8,26,37,CulturaX,715.34375,1,91,True,27.513221153846153
20,95,140,CulturaX,2549.140625,3,177,False,26.833059210526315
17,72,99,CulturaX,1868.0625,2,134,False,25.9453125
21,94,132,CulturaX,2557.09375,3,177,False,27.203125
8,31,42,CulturaX,781.65625,1,91,True,25.214717741935484
16,63,91,CulturaX,1728.65625,2,134,False,27.438988095238095
8,42,63,CulturaX,1106.375,2,134,False,26.342261904761905
27,121,176,CulturaX,3341.390625,4,220,False,27.61479855371901
28,120,163,CulturaX,3226.3125,4,220,False,26.8859375
30,136,193,CulturaX,3533.0,4,220,False,25.977941176470587
24,115,167,CulturaX,3256.421875,4,220,False,28.31671195652174
33,157,224,CulturaX,4174.59375,5,263,False,26.589769108280255
30,122,171,CulturaX,3145.53125,4,220,False,25.783043032786885
23,98,138,CulturaX,2558.03125,3,177,False,26.102359693877553
25,112,158,CulturaX,2987.5,4,220,False,26.674107142857142
15,64,88,CulturaX,1755.390625,2,134,False,27.427978515625
24,102,138,CulturaX,2676.4375,3,177,False,26.239583333333332
19,72,109,CulturaX,1983.546875,3,177,False,27.54926215277778
10,49,69,CulturaX,1303.265625,2,134,False,26.597257653061224
12,50,66,CulturaX,1265.921875,2,134,False,25.3184375
8,40,57,CulturaX,1076.0,2,134,False,26.9
105,471,677,CulturaX,12857.328125,15,693,False,27.297936571125266
12,51,76,CulturaX,1496.921875,2,134,False,29.35140931372549
26,113,154,CulturaX,2935.609375,4,220,False,25.97884402654867
18,79,126,CulturaX,2204.375,3,177,False,27.90348101265823
7,29,42,CulturaX,782.65625,1,91,True,26.98814655172414
23,107,148,CulturaX,2960.71875,4,220,False,27.670268691588785
13,63,92,CulturaX,1762.75,2,134,False,27.98015873015873
10,44,68,CulturaX,1221.953125,2,134,False,27.771661931818183
26,121,174,CulturaX,3148.453125,4,220,False,26.02027376033058
10,48,68,CulturaX,1250.078125,2,134,False,26.043294270833332
20,102,145,CulturaX,2503.65625,3,177,False,24.545649509803923
31,125,165,CulturaX,3133.03125,4,220,False,25.06425
10,57,84,CulturaX,1510.921875,2,134,False,26.507401315789473
11,47,60,CulturaX,1215.921875,2,134,False,25.87067819148936
16,68,89,CulturaX,1789.1875,2,134,False,26.311580882352942
8,32,42,CulturaX,809.953125,1,91,True,25.31103515625
31,127,178,CulturaX,3529.328125,4,220,False,27.789985236220474
13,54,79,CulturaX,1397.28125,2,134,False,25.875578703703702
9,38,55,CulturaX,1015.875,2,134,False,26.73355263157895
12,53,75,CulturaX,1409.671875,2,134,False,26.59758254716981
14,56,74,CulturaX,1461.25,2,134,False,26.09375
36,165,237,CulturaX,4445.65625,6,306,False,26.943371212121214
8,30,39,CulturaX,721.90625,1,91,True,24.063541666666666
7,27,37,CulturaX,662.78125,1,91,True,24.547453703703702
49,229,323,CulturaX,6227.25,7,349,False,27.193231441048034
15,63,90,CulturaX,1595.21875,2,134,False,25.32093253968254
7,20,28,CulturaX,510.578125,1,91,True,25.52890625
8,34,47,CulturaX,959.6875,1,91,True,28.22610294117647
28,139,198,CulturaX,3511.546875,4,220,False,25.26292715827338
17,73,104,CulturaX,1966.859375,3,177,False,26.943279109589042
13,62,87,CulturaX,1633.3125,2,134,False,26.34375
9,44,59,CulturaX,1096.421875,2,134,False,24.918678977272727
12,55,78,CulturaX,1518.078125,2,134,False,27.601420454545455
11,45,63,CulturaX,1268.203125,2,134,False,28.182291666666668
26,109,152,CulturaX,2853.484375,4,220,False,26.178755733944953
10,50,80,CulturaX,1481.859375,2,134,False,29.6371875
9,47,68,CulturaX,1273.5,2,134,False,27.095744680851062
8,32,42,CulturaX,892.765625,1,91,True,27.89892578125
15,63,88,CulturaX,1665.4375,2,134,False,26.435515873015873
33,145,204,CulturaX,3747.875,5,263,False,25.84741379310345
10,38,55,CulturaX,994.6875,2,134,False,26.175986842105264
8,30,42,CulturaX,801.015625,1,91,True,26.700520833333332
16,67,95,CulturaX,1691.296875,2,134,False,25.24323694029851
53,241,336,CulturaX,6360.46875,7,349,False,26.39198651452282
7,26,34,CulturaX,635.734375,1,91,True,24.451322115384617
9,37,49,CulturaX,915.109375,1,91,True,24.73268581081081
9,36,51,CulturaX,845.234375,1,91,True,23.47873263888889
31,129,182,CulturaX,3413.546875,4,220,False,26.461603682170544
13,64,98,CulturaX,1715.53125,2,134,False,26.80517578125
12,57,80,CulturaX,1547.078125,2,134,False,27.14172149122807
21,94,134,CulturaX,2484.5,3,177,False,26.430851063829788
7,29,39,CulturaX,711.03125,1,91,True,24.518318965517242
26,100,136,CulturaX,2681.75,3,177,False,26.8175
7,27,39,CulturaX,704.21875,1,91,True,26.082175925925927
23,124,169,CulturaX,3003.75,4,220,False,24.223790322580644
17,95,120,CulturaX,2274.078125,3,177,False,23.93766447368421
7,36,55,CulturaX,918.953125,1,91,True,25.526475694444443
16,72,101,CulturaX,1842.6875,2,134,False,25.592881944444443
9,33,47,CulturaX,904.65625,1,91,True,27.413825757575758
18,82,121,CulturaX,2313.1875,3,177,False,28.209603658536587
11,43,60,CulturaX,1159.40625,2,134,False,26.96293604651163
8,32,46,CulturaX,830.25,1,91,True,25.9453125
20,91,120,CulturaX,2307.90625,3,177,False,25.361607142857142
10,39,48,CulturaX,961.953125,2,134,False,24.665464743589745
21,105,146,CulturaX,2942.4375,4,220,False,28.023214285714285
8,44,66,CulturaX,1219.125,2,134,False,27.707386363636363
17,70,103,CulturaX,1848.296875,3,177,False,26.404241071428572
25,112,161,CulturaX,2886.421875,4,220,False,25.771623883928573
27,128,186,CulturaX,3319.265625,4,220,False,25.9317626953125
13,55,75,CulturaX,1450.421875,2,134,False,26.371306818181818
9,39,55,CulturaX,960.453125,2,134,False,24.627003205128204
8,37,54,CulturaX,965.921875,2,134,False,26.10599662162162
16,60,82,CulturaX,1573.0,2,134,False,26.216666666666665
16,70,100,CulturaX,1847.59375,2,134,False,26.39419642857143
17,76,108,CulturaX,2093.109375,3,177,False,27.54091282894737
18,86,119,CulturaX,2363.8125,3,177,False,27.486191860465116
10,44,67,CulturaX,1233.15625,2,134,False,28.02627840909091
10,48,63,CulturaX,1204.046875,2,134,False,25.084309895833332
10,33,43,CulturaX,836.5,1,91,True,25.348484848484848
9,42,62,CulturaX,1121.5625,2,134,False,26.703869047619047
34,156,247,CulturaX,4160.75,5,263,False,26.671474358974358
8,31,44,CulturaX,812.53125,1,91,True,26.210685483870968
44,201,282,CulturaX,5299.828125,6,306,False,26.36730410447761
7,29,39,CulturaX,738.90625,1,91,True,25.479525862068964
10,53,72,CulturaX,1344.84375,2,134,False,25.37441037735849
29,136,190,CulturaX,3625.890625,5,263,False,26.660960477941178
8,35,51,CulturaX,1033.9375,2,134,False,29.541071428571428
15,64,82,CulturaX,1511.640625,2,134,False,23.619384765625
9,42,56,CulturaX,1189.75,2,134,False,28.327380952380953
8,33,50,CulturaX,911.140625,1,91,True,27.61032196969697
10,40,59,CulturaX,1135.375,2,134,False,28.384375
7,35,54,CulturaX,929.65625,1,91,True,26.56160714285714
11,44,63,CulturaX,1147.671875,2,134,False,26.083451704545453
20,96,131,CulturaX,2646.875,3,177,False,27.571614583333332
20,93,133,CulturaX,2524.515625,3,177,False,27.145329301075268
12,33,48,CulturaX,974.5625,2,134,False,29.53219696969697
18,101,137,CulturaX,2185.71875,3,177,False,21.640779702970296
22,86,122,CulturaX,2304.75,3,177,False,26.799418604651162
9,36,51,CulturaX,907.28125,1,91,True,25.202256944444443
12,59,81,CulturaX,1544.265625,2,134,False,26.173993644067796
9,45,66,CulturaX,1238.53125,2,134,False,27.522916666666667
9,31,43,CulturaX,850.09375,1,91,True,27.422379032258064
16,69,105,CulturaX,1874.8125,3,177,False,27.171195652173914
7,33,43,CulturaX,851.0625,1,91,True,25.789772727272727
40,170,240,CulturaX,4460.984375,5,263,False,26.24108455882353
17,84,112,CulturaX,2133.921875,3,177,False,25.403831845238095
11,47,69,CulturaX,1251.328125,2,134,False,26.62400265957447
9,39,57,CulturaX,1150.796875,2,134,False,29.50761217948718
10,45,61,CulturaX,1272.65625,2,134,False,28.28125
7,42,66,CulturaX,1180.5,2,134,False,28.107142857142858
9,41,51,CulturaX,1057.21875,2,134,False,25.785823170731707
7,25,37,CulturaX,744.953125,1,91,True,29.798125
7,30,41,CulturaX,881.34375,1,91,True,29.378125
7,29,37,CulturaX,722.296875,1,91,True,24.90678879310345
19,74,106,CulturaX,2054.421875,3,177,False,27.76245777027027
33,139,192,CulturaX,3518.4375,4,220,False,25.3125
11,53,78,CulturaX,1385.84375,2,134,False,26.14799528301887
7,32,39,CulturaX,815.484375,1,91,True,25.48388671875
17,60,79,CulturaX,1523.828125,2,134,False,25.397135416666668
12,56,87,CulturaX,1553.5625,2,134,False,27.7421875
8,37,52,CulturaX,978.46875,2,134,False,26.44510135135135
42,194,274,CulturaX,4962.5625,6,306,False,25.580219072164947
7,18,32,CulturaX,530.84375,1,91,True,29.491319444444443
10,56,63,CulturaX,1255.65625,2,134,False,22.422433035714285
10,44,61,CulturaX,1218.171875,2,134,False,27.685724431818183
30,121,169,CulturaX,3293.6875,4,220,False,27.22055785123967
17,64,84,CulturaX,1644.59375,2,134,False,25.69677734375
15,66,86,CulturaX,1876.765625,2,134,False,28.435842803030305
26,105,146,CulturaX,2748.859375,3,177,False,26.179613095238096
8,47,62,CulturaX,1101.5,2,134,False,23.43617021276596
17,72,101,CulturaX,1935.5,3,177,False,26.881944444444443
28,128,177,CulturaX,3377.1875,4,220,False,26.38427734375
41,162,222,CulturaX,4253.8125,5,263,False,26.25810185185185
52,281,430,CulturaX,7391.78125,9,435,False,26.305271352313166
43,203,301,CulturaX,5385.8125,6,306,False,26.5310960591133
21,96,135,CulturaX,2509.640625,3,177,False,26.14208984375
75,358,514,CulturaX,9394.59375,11,521,False,26.241881983240223
12,81,101,CulturaX,1979.703125,3,177,False,24.440779320987655
7,29,43,CulturaX,778.6875,1,91,True,26.851293103448278
9,44,56,CulturaX,1027.671875,2,134,False,23.356178977272727
8,35,49,CulturaX,944.375,1,91,True,26.982142857142858
11,46,64,CulturaX,1203.203125,2,134,False,26.156589673913043
10,34,50,CulturaX,796.390625,1,91,True,23.423253676470587
14,59,84,CulturaX,1587.78125,2,134,False,26.91154661016949
8,31,40,CulturaX,732.6875,1,91,True,23.635080645161292
8,39,57,CulturaX,987.5625,2,134,False,25.322115384615383
8,32,49,CulturaX,897.4375,1,91,True,28.044921875
20,87,124,CulturaX,2392.453125,3,177,False,27.49946120689655
8,36,54,CulturaX,1006.953125,2,134,False,27.97092013888889
7,40,56,CulturaX,1136.625,2,134,False,28.415625
9,47,68,CulturaX,1301.296875,2,134,False,27.68716755319149
10,60,80,CulturaX,1350.25,2,134,False,22.504166666666666
9,28,41,CulturaX,757.1875,1,91,True,27.042410714285715
14,55,84,CulturaX,1383.203125,2,134,False,25.149147727272727
16,65,92,CulturaX,1829.515625,2,134,False,28.146394230769232
52,236,332,CulturaX,6288.71875,7,349,False,26.647113347457626
8,38,54,CulturaX,1025.359375,2,134,False,26.98314144736842
9,42,63,CulturaX,1203.96875,2,134,False,28.66592261904762
9,48,74,CulturaX,1394.5625,2,134,False,29.053385416666668
18,86,127,CulturaX,2358.390625,3,177,False,27.423146802325583
20,91,130,CulturaX,2364.03125,3,177,False,25.978365384615383
10,44,63,CulturaX,1203.90625,2,134,False,27.361505681818183
7,28,39,CulturaX,769.234375,1,91,True,27.47265625
22,105,145,CulturaX,2693.28125,3,177,False,25.65029761904762
27,127,180,CulturaX,3261.40625,4,220,False,25.680364173228348
10,38,59,CulturaX,1001.515625,2,134,False,26.355674342105264
17,86,125,CulturaX,2301.40625,3,177,False,26.760537790697676
30,140,207,CulturaX,3659.578125,5,263,False,26.13984375
20,76,105,CulturaX,1996.515625,3,177,False,26.269942434210527
12,46,59,CulturaX,1192.625,2,134,False,25.92663043478261
15,68,91,CulturaX,1601.296875,2,134,False,23.54848345588235
32,142,201,CulturaX,3754.9375,5,263,False,26.443221830985916
21,90,126,CulturaX,2422.375,3,177,False,26.915277777777778
33,134,198,CulturaX,3486.546875,4,220,False,26.019006529850746
12,47,65,CulturaX,1282.546875,2,134,False,27.288231382978722
10,51,74,CulturaX,1278.296875,2,134,False,25.06464460784314
7,28,38,CulturaX,795.40625,1,91,True,28.407366071428573
7,27,38,CulturaX,748.5,1,91,True,27.72222222222222
8,37,45,CulturaX,872.625,1,91,True,23.58445945945946
15,63,92,CulturaX,1828.640625,2,134,False,29.026041666666668
12,54,77,CulturaX,1384.875,2,134,False,25.645833333333332
14,71,98,CulturaX,1762.453125,2,134,False,24.823283450704224
11,55,78,CulturaX,1452.3125,2,134,False,26.40568181818182
11,52,68,CulturaX,1340.140625,2,134,False,25.771935096153847
12,64,90,CulturaX,1741.078125,2,134,False,27.204345703125
22,110,151,CulturaX,2922.59375,4,220,False,26.569034090909092
6,22,30,CulturaX,601.671875,1,91,True,27.34872159090909
20,97,129,CulturaX,2381.640625,3,177,False,24.552996134020617
36,170,249,CulturaX,4565.59375,6,306,False,26.85643382352941
10,47,65,CulturaX,1304.515625,2,134,False,27.75565159574468
16,65,89,CulturaX,1737.578125,2,134,False,26.731971153846153
19,88,125,CulturaX,2437.625,3,177,False,27.70028409090909
9,36,54,CulturaX,958.796875,1,91,True,26.63324652777778
14,64,85,CulturaX,1593.640625,2,134,False,24.900634765625
15,67,95,CulturaX,1880.546875,3,177,False,28.06786380597015
7,28,43,CulturaX,818.125,1,91,True,29.21875
10,35,48,CulturaX,885.3125,1,91,True,25.294642857142858
20,89,133,CulturaX,2480.546875,3,177,False,27.87131320224719
8,29,43,CulturaX,776.640625,1,91,True,26.78071120689655
15,66,96,CulturaX,1912.296875,3,177,False,28.974195075757574
22,102,146,CulturaX,2773.328125,3,177,False,27.18949142156863
17,73,108,CulturaX,2087.46875,3,177,False,28.595462328767123
33,148,203,CulturaX,3823.28125,5,263,False,25.83298141891892
21,99,144,CulturaX,2592.1875,3,177,False,26.18371212121212
16,75,109,CulturaX,2094.046875,3,177,False,27.920625
11,48,72,CulturaX,1290.484375,2,134,False,26.885091145833332
14,63,85,CulturaX,1559.78125,2,134,False,24.75843253968254
16,66,98,CulturaX,1794.265625,2,134,False,27.185842803030305
13,66,93,CulturaX,1778.59375,2,134,False,26.948390151515152
6,22,32,CulturaX,512.8125,1,91,True,23.30965909090909
20,86,121,CulturaX,2241.671875,3,177,False,26.065952034883722
7,29,43,CulturaX,791.625,1,91,True,27.29741379310345
21,93,128,CulturaX,2421.9375,3,177,False,26.04233870967742
12,62,93,CulturaX,1718.90625,2,134,False,27.724294354838708
16,82,113,CulturaX,2291.59375,3,177,False,27.946265243902438
15,63,87,CulturaX,1637.421875,2,134,False,25.99082341269841
12,51,69,CulturaX,1327.765625,2,134,False,26.034620098039216
9,36,50,CulturaX,927.046875,1,91,True,25.751302083333332
20,75,102,CulturaX,2018.953125,3,177,False,26.919375
12,46,62,CulturaX,1307.46875,2,134,False,28.423233695652176
13,56,80,CulturaX,1548.5625,2,134,False,27.652901785714285
18,92,121,CulturaX,2318.25,3,177,False,25.19836956521739
8,40,57,CulturaX,1055.5625,2,134,False,26.3890625
9,38,57,CulturaX,1068.34375,2,134,False,28.114309210526315
12,55,84,CulturaX,1536.25,2,134,False,27.931818181818183
15,72,107,CulturaX,1917.046875,3,177,False,26.625651041666668
51,222,321,CulturaX,6040.71875,7,349,False,27.21044481981982
7,29,36,CulturaX,752.125,1,91,True,25.935344827586206
8,37,51,CulturaX,988.640625,2,134,False,26.72001689189189
10,35,50,CulturaX,979.3125,2,134,False,27.980357142857144
9,41,62,CulturaX,1200.28125,2,134,False,29.27515243902439
24,107,153,CulturaX,2942.546875,4,220,False,27.50043808411215
24,117,166,CulturaX,3172.609375,4,220,False,27.116319444444443
18,85,125,CulturaX,2383.828125,3,177,False,28.045036764705884
7,31,43,CulturaX,818.640625,1,91,True,26.407762096774192
10,44,63,CulturaX,1243.15625,2,134,False,28.253551136363637
12,57,87,CulturaX,1586.28125,2,134,False,27.82949561403509
11,47,64,CulturaX,1193.4375,2,134,False,25.392287234042552
29,124,166,CulturaX,3344.796875,4,220,False,26.974168346774192
14,70,96,CulturaX,1778.8125,2,134,False,25.411607142857143
32,127,176,CulturaX,3313.234375,4,220,False,26.088459645669293
22,121,152,CulturaX,2848.84375,4,220,False,23.544163223140497
14,72,99,CulturaX,1788.984375,2,134,False,24.847005208333332
13,61,88,CulturaX,1630.578125,2,134,False,26.73078893442623
9,54,67,CulturaX,1178.5,2,134,False,21.824074074074073
12,55,78,CulturaX,1442.53125,2,134,False,26.227840909090908
11,45,63,CulturaX,1239.40625,2,134,False,27.542361111111113
8,32,45,CulturaX,948.875,1,91,True,29.65234375
13,58,90,CulturaX,1576.25,2,134,False,27.176724137931036
12,58,85,CulturaX,1666.796875,2,134,False,28.737877155172413
12,45,59,CulturaX,1157.265625,2,134,False,25.71701388888889
20,84,123,CulturaX,2228.328125,3,177,False,26.527715773809526
7,31,45,CulturaX,921.046875,1,91,True,29.711189516129032
19,93,137,CulturaX,2504.34375,3,177,False,26.92842741935484
11,51,70,CulturaX,1390.328125,2,134,False,27.261335784313726
19,94,138,CulturaX,2667.140625,3,177,False,28.373836436170212
19,102,125,CulturaX,2258.265625,3,177,False,22.13985906862745
7,30,41,CulturaX,772.390625,1,91,True,25.746354166666666
38,176,240,CulturaX,4750.859375,6,306,False,26.993519176136363
11,50,71,CulturaX,1372.90625,2,134,False,27.458125
17,105,163,CulturaX,2810.59375,4,220,False,26.767559523809524
9,41,55,CulturaX,1078.9375,2,134,False,26.315548780487806
19,83,112,CulturaX,2221.328125,3,177,False,26.762989457831324
7,31,48,CulturaX,825.078125,1,91,True,26.615423387096776
10,56,87,CulturaX,1609.046875,2,134,False,28.732979910714285
13,61,92,CulturaX,1745.5625,2,134,False,28.61577868852459
20,91,125,CulturaX,2546.265625,3,177,False,27.980940934065934
14,60,85,CulturaX,1645.8125,2,134,False,27.430208333333333
9,45,68,CulturaX,1239.3125,2,134,False,27.540277777777778
14,53,79,CulturaX,1509.5625,2,134,False,28.482311320754718
17,67,89,CulturaX,1695.9375,2,134,False,25.3125
27,121,180,CulturaX,3174.765625,4,220,False,26.23773243801653
25,118,157,CulturaX,3127.5,4,220,False,26.50423728813559
15,71,99,CulturaX,1751.9375,2,134,False,24.675176056338028
26,123,172,CulturaX,3134.453125,4,220,False,25.4833587398374
10,45,66,CulturaX,1297.765625,2,134,False,28.839236111111113
12,53,74,CulturaX,1466.5,2,134,False,27.669811320754718
8,40,56,CulturaX,996.9375,2,134,False,24.9234375
30,126,175,CulturaX,3182.84375,4,220,False,25.260664682539684
18,74,97,CulturaX,1903.796875,3,177,False,25.7269847972973
34,136,196,CulturaX,3612.078125,4,220,False,26.559397977941178
9,36,46,CulturaX,883.765625,1,91,True,24.54904513888889
9,44,65,CulturaX,1179.21875,2,134,False,26.800426136363637
7,28,39,CulturaX,739.078125,1,91,True,26.395647321428573
28,107,146,CulturaX,2792.34375,3,177,False,26.096670560747665
9,42,54,CulturaX,1113.171875,2,134,False,26.504092261904763
7,34,41,CulturaX,803.90625,1,91,True,23.644301470588236
35,178,261,CulturaX,4839.921875,6,306,False,27.190572331460675
32,153,220,CulturaX,4175.6875,5,263,False,27.292075163398692
10,49,68,CulturaX,1222.4375,2,134,False,24.947704081632654
7,29,44,CulturaX,827.15625,1,91,True,28.52262931034483
18,64,92,CulturaX,1701.46875,2,134,False,26.58544921875
15,59,80,CulturaX,1565.9375,2,134,False,26.541313559322035
10,44,67,CulturaX,1318.265625,2,134,False,29.960582386363637
15,76,105,CulturaX,2051.40625,3,177,False,26.9921875
18,81,111,CulturaX,2029.96875,3,177,False,25.06134259259259
18,86,125,CulturaX,2264.5625,3,177,False,26.332122093023255
9,41,57,CulturaX,1080.296875,2,134,False,26.348704268292682
7,31,49,CulturaX,822.421875,1,91,True,26.529737903225808
20,95,122,CulturaX,2429.640625,3,177,False,25.57516447368421
8,30,43,CulturaX,852.8125,1,91,True,28.427083333333332
27,110,148,CulturaX,2997.484375,4,220,False,27.249857954545455
7,25,38,CulturaX,770.078125,1,91,True,30.803125
7,32,49,CulturaX,827.78125,1,91,True,25.8681640625
32,150,208,CulturaX,3979.375,5,263,False,26.529166666666665
7,31,49,CulturaX,803.4375,1,91,True,25.91733870967742
21,100,142,CulturaX,2595.625,3,177,False,25.95625
33,131,194,CulturaX,3396.21875,4,220,False,25.925333969465647
14,57,83,CulturaX,1556.46875,2,134,False,27.306469298245613
37,165,219,CulturaX,4442.359375,5,263,False,26.92339015151515
44,191,267,CulturaX,5183.6875,6,306,False,27.139725130890053
15,64,92,CulturaX,1786.71875,2,134,False,27.91748046875
11,41,56,CulturaX,1127.140625,2,134,False,27.491234756097562
10,40,53,CulturaX,1028.671875,2,134,False,25.716796875
24,107,155,CulturaX,2869.421875,4,220,False,26.81702686915888
22,97,146,CulturaX,2663.65625,3,177,False,27.460373711340207
26,129,191,CulturaX,3515.328125,4,220,False,27.25060562015504
9,41,61,CulturaX,1037.9375,2,134,False,25.315548780487806
18,77,110,CulturaX,2044.21875,3,177,False,26.548295454545453
33,155,228,CulturaX,4225.375,5,263,False,27.260483870967743
20,80,110,CulturaX,2098.265625,3,177,False,26.2283203125
10,61,85,CulturaX,1550.734375,2,134,False,25.421875
10,36,51,CulturaX,1060.0,2,134,False,29.444444444444443
14,61,90,CulturaX,1678.4375,2,134,False,27.515368852459016
21,89,124,CulturaX,2224.703125,3,177,False,24.996664325842698
38,195,278,CulturaX,5314.90625,7,349,False,27.255929487179486
11,48,70,CulturaX,1311.75,2,134,False,27.328125
19,91,130,CulturaX,2364.234375,3,177,False,25.98059752747253
7,28,39,CulturaX,789.71875,1,91,True,28.204241071428573
31,132,195,CulturaX,3525.4375,4,220,False,26.707859848484848
24,99,141,CulturaX,2536.125,3,177,False,25.617424242424242
27,139,206,CulturaX,3697.015625,5,263,False,26.597234712230215
23,98,134,CulturaX,2739.34375,3,177,False,27.95248724489796
35,142,198,CulturaX,3650.703125,4,220,False,25.70917693661972
13,62,86,CulturaX,1661.578125,2,134,False,26.799647177419356
25,105,149,CulturaX,2881.71875,4,220,False,27.444940476190474
23,116,152,CulturaX,3126.328125,4,220,False,26.951104525862068
13,66,100,CulturaX,1675.453125,2,134,False,25.38565340909091
15,77,113,CulturaX,2019.0625,3,177,False,26.22159090909091
7,32,45,CulturaX,775.1875,1,91,True,24.224609375
30,149,213,CulturaX,4079.4375,5,263,False,27.378775167785236
8,31,44,CulturaX,837.90625,1,91,True,27.02923387096774
12,54,70,CulturaX,1422.078125,2,134,False,26.33478009259259
25,119,168,CulturaX,3034.6875,4,220,False,25.501575630252102
27,125,177,CulturaX,3305.375,4,220,False,26.443
27,119,168,CulturaX,3114.65625,4,220,False,26.17358193277311
8,38,53,CulturaX,968.546875,2,134,False,25.488075657894736
12,50,74,CulturaX,1288.875,2,134,False,25.7775
12,63,95,CulturaX,1688.671875,2,134,False,26.804315476190474
8,41,53,CulturaX,1017.203125,2,134,False,24.80983231707317
45,211,294,CulturaX,5198.875,6,306,False,24.63921800947867
17,75,107,CulturaX,1925.53125,3,177,False,25.67375
27,126,185,CulturaX,3331.734375,4,220,False,26.44233630952381
30,142,205,CulturaX,3946.609375,5,263,False,27.793023767605632
25,121,172,CulturaX,3276.25,4,220,False,27.076446280991735
9,38,56,CulturaX,969.796875,2,134,False,25.520970394736842
23,99,142,CulturaX,2677.21875,3,177,False,27.042613636363637
12,49,70,CulturaX,1313.484375,2,134,False,26.805803571428573
26,103,137,CulturaX,2631.328125,3,177,False,25.546875
21,95,131,CulturaX,2530.140625,3,177,False,26.633059210526316
16,72,100,CulturaX,1909.53125,2,134,False,26.52126736111111
55,235,344,CulturaX,6309.4375,7,349,False,26.848670212765956
14,73,102,CulturaX,1915.484375,2,134,False,26.23951198630137
60,263,339,CulturaX,6632.953125,8,392,False,25.22035408745247
13,57,82,CulturaX,1539.015625,2,134,False,27.000274122807017
11,51,77,CulturaX,1457.90625,2,134,False,28.58639705882353
13,62,91,CulturaX,1721.390625,2,134,False,27.76436491935484
8,28,38,CulturaX,745.328125,1,91,True,26.618861607142858
10,44,67,CulturaX,1289.546875,2,134,False,29.307883522727273
17,63,94,CulturaX,1584.21875,2,134,False,25.146329365079364
33,155,224,CulturaX,4115.671875,5,263,False,26.552721774193547
18,80,108,CulturaX,1913.25,3,177,False,23.915625
17,72,100,CulturaX,1917.8125,3,177,False,26.63628472222222
22,99,141,CulturaX,2574.3125,3,177,False,26.003156565656564
47,225,323,CulturaX,6063.453125,7,349,False,26.948680555555555
7,26,38,CulturaX,687.09375,1,91,True,26.426682692307693
21,80,113,CulturaX,2064.3125,3,177,False,25.80390625
17,75,107,CulturaX,1926.296875,3,177,False,25.683958333333333
21,90,126,CulturaX,2415.4375,3,177,False,26.838194444444444
7,26,40,CulturaX,757.3125,1,91,True,29.127403846153847
14,56,75,CulturaX,1425.6875,2,134,False,25.458705357142858
24,116,158,CulturaX,3083.96875,4,220,False,26.5859375
7,33,49,CulturaX,885.90625,1,91,True,26.845643939393938
20,93,123,CulturaX,2476.859375,3,177,False,26.632896505376344
14,62,91,CulturaX,1619.03125,2,134,False,26.113407258064516
16,92,119,CulturaX,2245.09375,3,177,False,24.40319293478261
23,104,143,CulturaX,2834.390625,4,220,False,27.253756009615383
9,33,46,CulturaX,911.265625,1,91,True,27.614109848484848
8,36,51,CulturaX,931.859375,1,91,True,25.88498263888889
38,156,211,CulturaX,4125.90625,5,263,False,26.448116987179485
12,58,90,CulturaX,1457.328125,2,134,False,25.12634698275862
8,39,58,CulturaX,1066.515625,2,134,False,27.346554487179485
8,32,42,CulturaX,808.125,1,91,True,25.25390625
83,364,499,CulturaX,9710.484375,11,521,False,26.677154876373628
11,45,62,CulturaX,1269.796875,2,134,False,28.217708333333334
13,58,79,CulturaX,1517.890625,2,134,False,26.17052801724138
14,58,85,CulturaX,1548.625,2,134,False,26.700431034482758
9,30,40,CulturaX,833.640625,1,91,True,27.788020833333334
7,29,37,CulturaX,635.859375,1,91,True,21.926185344827587
14,63,90,CulturaX,1749.65625,2,134,False,27.772321428571427
11,46,65,CulturaX,1294.421875,2,134,False,28.13960597826087
26,109,148,CulturaX,2764.234375,3,177,False,25.35994839449541
8,40,48,CulturaX,885.9375,1,91,True,22.1484375
16,64,93,CulturaX,1679.421875,2,134,False,26.240966796875
16,66,92,CulturaX,1644.15625,2,134,False,24.911458333333332
16,77,107,CulturaX,2057.140625,3,177,False,26.71611201298701
20,83,112,CulturaX,2190.5625,3,177,False,26.392319277108435
104,496,640,CulturaX,12529.953125,14,650,False,25.26200226814516
46,218,318,CulturaX,5987.765625,7,349,False,27.46681479357798
17,119,152,CulturaX,2579.109375,3,177,False,21.673188025210084
23,95,133,CulturaX,2419.640625,3,177,False,25.469901315789475
7,30,42,CulturaX,855.015625,1,91,True,28.500520833333333
12,46,63,CulturaX,1164.234375,2,134,False,25.30944293478261
20,92,142,CulturaX,2581.703125,3,177,False,28.061990489130434
17,66,92,CulturaX,1785.546875,2,134,False,27.05374053030303
10,44,63,CulturaX,1233.09375,2,134,False,28.024857954545453
23,97,129,CulturaX,2581.96875,3,177,False,26.618234536082475
9,40,63,CulturaX,1097.828125,2,134,False,27.445703125
24,120,176,CulturaX,3226.640625,4,220,False,26.888671875
18,87,117,CulturaX,2280.21875,3,177,False,26.20941091954023
10,35,48,CulturaX,923.171875,1,91,True,26.376339285714284
15,63,85,CulturaX,1713.40625,2,134,False,27.196924603174605
37,156,220,CulturaX,4364.015625,5,263,False,27.974459134615383
9,40,57,CulturaX,1066.703125,2,134,False,26.667578125
9,40,60,CulturaX,1075.09375,2,134,False,26.87734375
32,139,208,CulturaX,3875.65625,5,263,False,27.882419064748202
10,43,67,CulturaX,1121.65625,2,134,False,26.08502906976744
11,55,79,CulturaX,1473.71875,2,134,False,26.794886363636362
26,129,191,CulturaX,3290.96875,4,220,False,25.51138565891473
13,57,73,CulturaX,1430.28125,2,134,False,25.09265350877193
30,127,175,CulturaX,3500.796875,4,220,False,27.565329724409448
11,51,66,CulturaX,1223.359375,2,134,False,23.987438725490197
17,82,124,CulturaX,2264.53125,3,177,False,27.616234756097562
28,139,200,CulturaX,3720.984375,5,263,False,26.76967176258993
9,30,46,CulturaX,853.265625,1,91,True,28.4421875
7,29,44,CulturaX,830.953125,1,91,True,28.653556034482758
9,46,76,CulturaX,1261.21875,2,134,False,27.417798913043477
13,63,88,CulturaX,1764.515625,2,134,False,28.008184523809526
7,32,43,CulturaX,825.421875,1,91,True,25.79443359375
15,60,84,CulturaX,1657.9375,2,134,False,27.632291666666667
7,30,40,CulturaX,763.796875,1,91,True,25.459895833333334
28,138,206,CulturaX,3822.609375,5,263,False,27.70006793478261
33,153,225,CulturaX,4213.875,5,263,False,27.541666666666668
8,40,59,CulturaX,1043.234375,2,134,False,26.080859375
12,54,83,CulturaX,1536.015625,2,134,False,28.444733796296298
18,87,116,CulturaX,2098.015625,3,177,False,24.11512212643678
11,42,59,CulturaX,1088.171875,2,134,False,25.908854166666668
9,37,47,CulturaX,987.4375,2,134,False,26.6875
7,24,33,CulturaX,677.984375,1,91,True,28.249348958333332
19,88,141,CulturaX,2514.09375,3,177,False,28.56924715909091
8,39,60,CulturaX,1102.53125,2,134,False,28.27003205128205
25,117,164,CulturaX,3259.625,4,220,False,27.860042735042736
12,44,61,CulturaX,1197.890625,2,134,False,27.224786931818183
15,62,85,CulturaX,1605.453125,2,134,False,25.894405241935484
13,60,85,CulturaX,1591.84375,2,134,False,26.530729166666667
8,51,84,CulturaX,1389.484375,2,134,False,27.244791666666668
12,65,94,CulturaX,1699.90625,2,134,False,26.152403846153845
7,26,35,CulturaX,565.328125,1,91,True,21.743389423076923
7,25,40,CulturaX,727.484375,1,91,True,29.099375
11,46,65,CulturaX,1280.265625,2,134,False,27.831861413043477
26,132,196,CulturaX,3643.078125,4,220,False,27.599076704545453
20,86,123,CulturaX,2367.203125,3,177,False,27.52561773255814
21,95,143,CulturaX,2651.640625,3,177,False,27.91200657894737
23,98,132,CulturaX,2722.953125,3,177,False,27.785235969387756
13,55,77,CulturaX,1505.40625,2,134,False,27.371022727272727
16,65,90,CulturaX,1814.453125,2,134,False,27.91466346153846
20,82,118,CulturaX,2224.265625,3,177,False,27.125190548780488
19,82,106,CulturaX,2189.203125,3,177,False,26.697599085365855
14,57,75,CulturaX,1607.828125,2,134,False,28.20751096491228
7,27,42,CulturaX,770.359375,1,91,True,28.531828703703702
9,44,61,CulturaX,1118.84375,2,134,False,25.428267045454547
19,89,125,CulturaX,2309.0,3,177,False,25.9438202247191
25,105,141,CulturaX,2842.90625,4,220,False,27.075297619047618
27,128,182,CulturaX,3252.359375,4,220,False,25.4090576171875
10,42,60,CulturaX,1047.65625,2,134,False,24.944196428571427
29,129,187,CulturaX,3445.734375,4,220,False,26.711119186046513
43,186,260,CulturaX,5088.375,6,306,False,27.356854838709676
7,28,41,CulturaX,826.46875,1,91,True,29.516741071428573
20,106,151,CulturaX,2818.453125,3,177,False,26.5891804245283
20,75,101,CulturaX,2077.515625,3,177,False,27.700208333333332
7,32,46,CulturaX,897.640625,1,91,True,28.05126953125
8,36,46,CulturaX,878.75,1,91,True,24.40972222222222
15,67,95,CulturaX,1935.90625,3,177,False,28.894123134328357
10,47,69,CulturaX,1269.421875,2,134,False,27.008976063829788
15,74,111,CulturaX,1939.6875,3,177,False,26.211993243243242
10,50,71,CulturaX,1303.453125,2,134,False,26.0690625
27,125,165,CulturaX,3118.859375,4,220,False,24.950875
25,121,166,CulturaX,3033.734375,4,220,False,25.072184917355372
13,51,72,CulturaX,1336.421875,2,134,False,26.204350490196077
8,38,44,CulturaX,756.03125,1,91,True,19.895559210526315
9,41,61,CulturaX,1079.09375,2,134,False,26.319359756097562
24,114,149,CulturaX,2935.96875,4,220,False,25.754111842105264
32,154,210,CulturaX,3985.796875,5,263,False,25.88179788961039
25,114,157,CulturaX,3117.375,4,220,False,27.345394736842106
13,61,83,CulturaX,1608.734375,2,134,False,26.372694672131146
15,71,100,CulturaX,1896.65625,3,177,False,26.713468309859156
18,79,114,CulturaX,2131.90625,3,177,False,26.98615506329114
10,38,57,CulturaX,1061.3125,2,134,False,27.929276315789473
10,42,59,CulturaX,1082.40625,2,134,False,25.77157738095238
24,116,167,CulturaX,3071.5625,4,220,False,26.478987068965516
31,135,201,CulturaX,3668.265625,4,220,False,27.172337962962963
8,44,55,CulturaX,1009.96875,2,134,False,22.953835227272727
15,72,106,CulturaX,1984.359375,3,177,False,27.560546875
15,54,79,CulturaX,1368.578125,2,134,False,25.34403935185185
17,76,112,CulturaX,1984.015625,3,177,False,26.10546875
9,44,64,CulturaX,1229.859375,2,134,False,27.951349431818183
13,57,81,CulturaX,1592.984375,2,134,False,27.947094298245613
11,34,45,CulturaX,837.015625,1,91,True,24.618106617647058
25,111,154,CulturaX,3018.234375,4,220,False,27.191300675675677
15,64,99,CulturaX,1797.140625,2,134,False,28.080322265625
22,100,141,CulturaX,2630.015625,3,177,False,26.30015625
14,69,99,CulturaX,1819.984375,3,177,False,26.376585144927535
10,50,61,CulturaX,1192.921875,2,134,False,23.8584375
9,40,55,CulturaX,955.21875,1,91,True,23.88046875
18,83,118,CulturaX,2279.65625,3,177,False,27.465737951807228
12,42,56,CulturaX,1071.890625,2,134,False,25.521205357142858
24,122,174,CulturaX,3227.34375,4,220,False,26.45363729508197
8,33,49,CulturaX,894.703125,1,91,True,27.11221590909091
15,68,94,CulturaX,1717.765625,2,134,False,25.26125919117647
13,56,82,CulturaX,1617.453125,2,134,False,28.883091517857142
12,66,96,CulturaX,1701.34375,2,134,False,25.777935606060606
11,46,60,CulturaX,1149.640625,2,134,False,24.9921875
8,38,60,CulturaX,1095.53125,2,134,False,28.829769736842106
19,87,121,CulturaX,2402.390625,3,177,False,27.613685344827587
11,39,53,CulturaX,1059.875,2,134,False,27.17628205128205
20,98,139,CulturaX,2761.65625,3,177,False,28.180165816326532
28,108,152,CulturaX,2810.9375,4,220,False,26.027199074074073
9,40,59,CulturaX,1144.1875,2,134,False,28.6046875
8,35,50,CulturaX,987.5,2,134,False,28.214285714285715
13,59,84,CulturaX,1519.53125,2,134,False,25.754766949152543
25,117,167,CulturaX,3250.5625,4,220,False,27.78258547008547
7,31,41,CulturaX,828.453125,1,91,True,26.724294354838708
12,52,72,CulturaX,1420.03125,2,134,False,27.30829326923077
34,126,176,CulturaX,3298.1875,4,220,False,26.17609126984127
21,89,121,CulturaX,2353.96875,3,177,False,26.449087078651687
12,49,65,CulturaX,1243.078125,2,134,False,25.368941326530614
9,35,45,CulturaX,925.609375,1,91,True,26.445982142857144
22,90,130,CulturaX,2526.875,3,177,False,28.07638888888889
30,129,177,CulturaX,3471.421875,4,220,False,26.910247093023255
19,82,115,CulturaX,2167.734375,3,177,False,26.43578506097561
22,109,158,CulturaX,2827.0,4,220,False,25.93577981651376
41,186,258,CulturaX,4961.703125,6,306,False,26.675823252688172
8,32,47,CulturaX,782.609375,1,91,True,24.45654296875
29,136,201,CulturaX,3793.65625,5,263,False,27.89453125
17,75,103,CulturaX,1876.4375,2,134,False,25.019166666666667
9,41,57,CulturaX,1138.09375,2,134,False,27.758384146341463
27,125,170,CulturaX,3293.65625,4,220,False,26.34925
39,175,251,CulturaX,4748.515625,6,306,False,27.134375
18,82,106,CulturaX,1977.765625,3,177,False,24.119092987804876
18,72,105,CulturaX,1907.890625,2,134,False,26.49848090277778
13,60,81,CulturaX,1471.640625,2,134,False,24.52734375
10,38,55,CulturaX,1090.390625,2,134,False,28.69449013157895
19,89,133,CulturaX,2452.953125,3,177,False,27.56127106741573
21,89,123,CulturaX,2416.6875,3,177,False,27.15379213483146
8,44,62,CulturaX,1098.15625,2,134,False,24.95809659090909
11,40,55,CulturaX,1045.015625,2,134,False,26.125390625
12,48,62,CulturaX,1221.265625,2,134,False,25.443033854166668
23,99,138,CulturaX,2626.65625,3,177,False,26.53188131313131
15,75,105,CulturaX,1914.75,3,177,False,25.53
17,68,91,CulturaX,1731.4375,2,134,False,25.462316176470587
16,65,96,CulturaX,1818.6875,3,177,False,27.97980769230769
18,91,141,CulturaX,2543.828125,3,177,False,27.95415521978022
10,57,80,CulturaX,1526.515625,2,134,False,26.780975877192983
10,53,74,CulturaX,1439.078125,2,134,False,27.15241745283019
11,47,71,CulturaX,1311.359375,2,134,False,27.90126329787234
12,57,77,CulturaX,1462.625,2,134,False,25.660087719298247
16,76,107,CulturaX,2074.21875,3,177,False,27.29235197368421
35,157,232,CulturaX,4345.09375,5,263,False,27.67575636942675
9,38,59,CulturaX,1017.546875,2,134,False,26.777549342105264
10,39,57,CulturaX,1134.59375,2,134,False,29.092147435897434
12,67,90,CulturaX,1722.34375,2,134,False,25.706623134328357
13,51,74,CulturaX,1408.90625,2,134,False,27.62561274509804
7,30,48,CulturaX,816.59375,1,91,True,27.219791666666666
20,83,110,CulturaX,2186.1875,3,177,False,26.33960843373494
12,48,62,CulturaX,1265.96875,2,134,False,26.374348958333332
15,63,82,CulturaX,1607.828125,2,134,False,25.521081349206348
17,69,98,CulturaX,1907.734375,3,177,False,27.64832427536232
12,46,64,CulturaX,1208.0625,2,134,False,26.262228260869566
12,65,94,CulturaX,1743.75,2,134,False,26.826923076923077
38,177,254,CulturaX,4837.359375,6,306,False,27.329713983050848
8,41,59,CulturaX,1055.015625,2,134,False,25.732088414634145
17,74,106,CulturaX,2060.9375,3,177,False,27.850506756756758
18,75,99,CulturaX,1976.328125,3,177,False,26.351041666666667
21,81,114,CulturaX,1990.765625,3,177,False,24.577353395061728
8,30,35,CulturaX,709.953125,1,91,True,23.665104166666666
19,75,108,CulturaX,1987.703125,3,177,False,26.502708333333334
10,43,65,CulturaX,1117.828125,2,134,False,25.996002906976745
44,191,267,CulturaX,5259.734375,6,306,False,27.537876308900522
21,102,155,CulturaX,2913.28125,4,220,False,28.561580882352942
19,87,118,CulturaX,2233.1875,3,177,False,25.66882183908046
9,29,37,CulturaX,785.140625,1,91,True,27.073814655172413
12,47,66,CulturaX,1277.125,2,134,False,27.17287234042553
33,167,237,CulturaX,4404.3125,6,306,False,26.37312874251497
24,103,145,CulturaX,2707.625,3,177,False,26.2876213592233
7,32,45,CulturaX,966.34375,2,134,False,30.1982421875
23,98,137,CulturaX,2571.53125,3,177,False,26.240114795918366
18,91,136,CulturaX,2452.09375,3,177,False,26.946085164835164
33,130,181,CulturaX,3565.640625,4,220,False,27.428004807692307
27,115,159,CulturaX,2961.53125,4,220,False,25.752445652173915
11,48,66,CulturaX,1298.484375,2,134,False,27.0517578125
8,35,53,CulturaX,984.921875,2,134,False,28.140625
11,43,60,CulturaX,1101.828125,2,134,False,25.62390988372093
27,125,186,CulturaX,3452.296875,4,220,False,27.618375
30,129,175,CulturaX,3488.25,4,220,False,27.040697674418606
17,77,112,CulturaX,2233.109375,3,177,False,29.001420454545453
12,51,75,CulturaX,1330.859375,2,134,False,26.095281862745097
8,32,45,CulturaX,818.375,1,91,True,25.57421875
28,137,185,CulturaX,3624.671875,5,263,False,26.45745894160584
60,252,349,CulturaX,6543.328125,8,392,False,25.965587797619047
14,63,86,CulturaX,1706.609375,2,134,False,27.0890376984127
15,59,86,CulturaX,1647.265625,2,134,False,27.919756355932204
17,75,102,CulturaX,1942.640625,3,177,False,25.901875
30,137,195,CulturaX,3602.640625,4,220,False,26.29664689781022
8,46,62,CulturaX,1252.1875,2,134,False,27.221467391304348
18,85,122,CulturaX,2309.53125,3,177,False,27.170955882352942
8,29,41,CulturaX,742.90625,1,91,True,25.617456896551722
7,31,49,CulturaX,855.59375,1,91,True,27.599798387096776
49,210,302,CulturaX,5778.75,7,349,False,27.517857142857142
12,46,69,CulturaX,1316.734375,2,134,False,28.624660326086957
46,211,307,CulturaX,5750.46875,7,349,False,27.253406398104264
17,72,99,CulturaX,1833.8125,2,134,False,25.469618055555557
35,156,211,CulturaX,4014.234375,5,263,False,25.732271634615383
28,111,159,CulturaX,2936.25,4,220,False,26.4527027027027
18,90,131,CulturaX,2357.453125,3,177,False,26.19392361111111
7,31,50,CulturaX,852.8125,1,91,True,27.510080645161292
35,147,218,CulturaX,3953.125,5,263,False,26.892006802721088
12,60,90,CulturaX,1651.078125,2,134,False,27.51796875
19,76,106,CulturaX,2132.140625,3,177,False,28.054481907894736
33,151,204,CulturaX,4021.265625,5,263,False,26.630898178807946
20,80,119,CulturaX,2061.703125,3,177,False,25.7712890625
16,70,98,CulturaX,1920.828125,3,177,False,27.440401785714286
19,77,100,CulturaX,1855.859375,2,134,False,24.102069805194805
27,101,138,CulturaX,2738.546875,3,177,False,27.114325495049506
20,74,100,CulturaX,1903.21875,2,134,False,25.7191722972973
10,38,44,CulturaX,891.890625,1,91,True,23.47080592105263
8,37,51,CulturaX,971.625,2,134,False,26.260135135135137
15,63,81,CulturaX,1639.671875,2,134,False,26.0265376984127
39,164,231,CulturaX,4366.296875,5,263,False,26.62376143292683
16,68,99,CulturaX,1962.203125,3,177,False,28.85592830882353
9,34,49,CulturaX,900.28125,1,91,True,26.47886029411765
48,210,293,CulturaX,5548.078125,7,349,False,26.419419642857143
8,36,47,CulturaX,892.890625,1,91,True,24.80251736111111
11,46,68,CulturaX,1318.1875,2,134,False,28.65625
22,89,124,CulturaX,2338.796875,3,177,False,26.27861657303371
19,83,124,CulturaX,2324.03125,3,177,False,28.000376506024097
11,42,57,CulturaX,1205.09375,2,134,False,28.692708333333332
16,64,89,CulturaX,1781.25,2,134,False,27.83203125
40,181,229,CulturaX,4327.546875,5,263,False,23.909098756906076
9,41,60,CulturaX,1088.59375,2,134,False,26.55106707317073
9,38,57,CulturaX,1054.25,2,134,False,27.74342105263158
8,45,63,CulturaX,1120.0625,2,134,False,24.89027777777778
31,137,188,CulturaX,3565.234375,4,220,False,26.023608576642335
18,79,115,CulturaX,2136.3125,3,177,False,27.041930379746834
38,186,276,CulturaX,4962.640625,6,306,False,26.680863575268816
11,48,74,CulturaX,1365.765625,2,134,False,28.453450520833332
23,117,167,CulturaX,2937.140625,4,220,False,25.103766025641026
15,62,85,CulturaX,1698.5625,2,134,False,27.396169354838708
7,30,41,CulturaX,780.6875,1,91,True,26.022916666666667
84,399,580,CulturaX,10769.21875,12,564,False,26.990523182957393
7,28,38,CulturaX,755.25,1,91,True,26.973214285714285
14,57,82,CulturaX,1461.453125,2,134,False,25.63952850877193
13,52,77,CulturaX,1358.578125,2,134,False,26.126502403846153
9,34,48,CulturaX,947.21875,1,91,True,27.859375
14,53,74,CulturaX,1492.46875,2,134,False,28.159787735849058
20,77,103,CulturaX,2047.078125,3,177,False,26.585430194805195
11,53,79,CulturaX,1354.375,2,134,False,25.55424528301887
32,188,230,CulturaX,3841.0625,5,263,False,20.4311835106383
12,54,78,CulturaX,1426.453125,2,134,False,26.41579861111111
27,122,175,CulturaX,3234.4375,4,220,False,26.511782786885245
10,48,75,CulturaX,1363.78125,2,134,False,28.412109375
7,29,39,CulturaX,797.46875,1,91,True,27.498922413793103
9,45,61,CulturaX,1214.5,2,134,False,26.988888888888887
14,53,69,CulturaX,1439.28125,2,134,False,27.15625
14,66,86,CulturaX,1706.96875,2,134,False,25.86316287878788
19,92,128,CulturaX,2244.125,3,177,False,24.39266304347826
9,42,55,CulturaX,1098.171875,2,134,False,26.146949404761905
9,33,49,CulturaX,910.234375,1,91,True,27.582859848484848
12,57,90,CulturaX,1625.359375,2,134,False,28.515076754385966
26,104,139,CulturaX,2662.125,3,177,False,25.59735576923077
20,112,170,CulturaX,2984.265625,4,220,False,26.645228794642858
8,31,47,CulturaX,777.875,1,91,True,25.092741935483872
11,44,63,CulturaX,1249.265625,2,134,False,28.392400568181817
40,199,286,CulturaX,5390.015625,6,306,False,27.08550565326633
11,44,62,CulturaX,1139.109375,2,134,False,25.888849431818183
8,33,49,CulturaX,850.65625,1,91,True,25.77746212121212
22,99,122,CulturaX,2282.3125,3,177,False,23.053661616161616
14,65,95,CulturaX,1787.125,2,134,False,27.494230769230768
35,155,235,CulturaX,4166.359375,5,263,False,26.879737903225806
18,89,123,CulturaX,2330.125,3,177,False,26.1811797752809
15,80,115,CulturaX,2122.5,3,177,False,26.53125
22,96,141,CulturaX,2574.875,3,177,False,26.821614583333332
22,90,132,CulturaX,2504.1875,3,177,False,27.824305555555554
10,49,72,CulturaX,1195.71875,2,134,False,24.402423469387756
12,59,88,CulturaX,1672.375,2,134,False,28.345338983050848
11,49,63,CulturaX,1190.703125,2,134,False,24.300063775510203
12,58,82,CulturaX,1551.3125,2,134,False,26.74676724137931
13,62,79,CulturaX,1464.21875,2,134,False,23.616431451612904
9,41,58,CulturaX,1067.15625,2,134,False,26.028201219512194
42,191,264,CulturaX,4637.75,6,306,False,24.281413612565444
7,32,43,CulturaX,827.703125,1,91,True,25.86572265625
23,102,145,CulturaX,2651.015625,3,177,False,25.990349264705884
45,210,292,CulturaX,5424.09375,6,306,False,25.82901785714286
12,54,72,CulturaX,1393.75,2,134,False,25.810185185185187
23,106,153,CulturaX,3004.453125,4,220,False,28.34389740566038
26,103,149,CulturaX,2746.109375,3,177,False,26.661256067961165
13,55,81,CulturaX,1569.09375,2,134,False,28.52897727272727
15,68,92,CulturaX,1810.5625,2,134,False,26.625919117647058
14,62,86,CulturaX,1631.109375,2,134,False,26.308215725806452
7,23,35,CulturaX,629.203125,1,91,True,27.356657608695652
28,132,183,CulturaX,3310.578125,4,220,False,25.080137310606062
12,62,80,CulturaX,1459.046875,2,134,False,23.533014112903224
7,41,53,CulturaX,960.75,2,134,False,23.432926829268293
7,32,49,CulturaX,890.78125,1,91,True,27.8369140625
11,40,59,CulturaX,1128.984375,2,134,False,28.224609375
14,49,70,CulturaX,1454.328125,2,134,False,29.680165816326532
7,24,33,CulturaX,619.59375,1,91,True,25.81640625
9,40,52,CulturaX,890.078125,1,91,True,22.251953125
13,50,75,CulturaX,1458.453125,2,134,False,29.1690625
9,39,53,CulturaX,1082.90625,2,134,False,27.766826923076923
8,40,57,CulturaX,1004.890625,2,134,False,25.122265625
13,52,73,CulturaX,1398.03125,2,134,False,26.885216346153847
10,42,55,CulturaX,1041.3125,2,134,False,24.793154761904763
8,30,47,CulturaX,815.03125,1,91,True,27.167708333333334
9,37,55,CulturaX,973.703125,2,134,False,26.316300675675677
11,55,79,CulturaX,1568.28125,2,134,False,28.514204545454547
13,61,88,CulturaX,1617.515625,2,134,False,26.516649590163933
14,58,84,CulturaX,1464.421875,2,134,False,25.24865301724138
22,100,145,CulturaX,2693.96875,3,177,False,26.9396875
12,66,99,CulturaX,1855.0625,3,177,False,28.107007575757574
11,48,57,CulturaX,1029.40625,2,134,False,21.445963541666668
11,53,69,CulturaX,1282.3125,2,134,False,24.194575471698112
7,26,33,CulturaX,659.75,1,91,True,25.375
22,100,141,CulturaX,2798.25,4,220,False,27.9825
21,87,117,CulturaX,2252.0625,3,177,False,25.885775862068964
33,134,178,CulturaX,3568.21875,4,220,False,26.628498134328357
14,47,69,CulturaX,1396.9375,2,134,False,29.722074468085108
9,32,42,CulturaX,834.546875,1,91,True,26.07958984375
18,95,132,CulturaX,2361.609375,3,177,False,24.85904605263158
12,56,82,CulturaX,1559.390625,2,134,False,27.846261160714285
16,66,97,CulturaX,1809.0,2,134,False,27.40909090909091
18,81,113,CulturaX,1890.859375,2,134,False,23.343942901234566
9,38,49,CulturaX,995.9375,2,134,False,26.20888157894737
13,64,89,CulturaX,1780.046875,2,134,False,27.813232421875
15,62,88,CulturaX,1562.71875,2,134,False,25.20514112903226
52,234,327,CulturaX,6097.359375,7,349,False,26.057091346153847
19,83,120,CulturaX,2150.421875,3,177,False,25.908697289156628
7,27,32,CulturaX,556.015625,1,91,True,20.593171296296298
8,27,39,CulturaX,722.40625,1,91,True,26.755787037037038
29,133,203,CulturaX,3606.703125,4,220,False,27.118068609022558
9,44,59,CulturaX,1153.75,2,134,False,26.22159090909091
26,117,168,CulturaX,2984.390625,4,220,False,25.50761217948718
10,57,87,CulturaX,1541.265625,2,134,False,27.039747807017545
17,78,118,CulturaX,2219.015625,3,177,False,28.44891826923077
12,54,77,CulturaX,1483.28125,2,134,False,27.468171296296298
13,50,72,CulturaX,1397.21875,2,134,False,27.944375
18,78,120,CulturaX,2183.1875,3,177,False,27.989583333333332
24,105,154,CulturaX,2816.265625,4,220,False,26.82157738095238
30,121,171,CulturaX,3210.375,4,220,False,26.53202479338843
23,100,131,CulturaX,2452.9375,3,177,False,24.529375
24,99,134,CulturaX,2583.765625,3,177,False,26.09864267676768
10,41,59,CulturaX,1136.890625,2,134,False,27.729039634146343
26,139,207,CulturaX,3717.65625,5,263,False,26.745728417266186
40,176,246,CulturaX,4737.328125,6,306,False,26.916637073863637
18,81,116,CulturaX,2249.6875,3,177,False,27.77391975308642
8,26,37,CulturaX,779.53125,1,91,True,29.981971153846153
31,156,216,CulturaX,4127.046875,5,263,False,26.455428685897434
24,109,153,CulturaX,2822.953125,3,177,False,25.89865252293578
20,88,122,CulturaX,2334.515625,3,177,False,26.528586647727273
13,50,73,CulturaX,1266.546875,2,134,False,25.3309375
36,182,258,CulturaX,4770.46875,6,306,False,26.21136675824176
9,46,66,CulturaX,1224.78125,2,134,False,26.625679347826086
8,31,44,CulturaX,766.484375,1,91,True,24.72530241935484
16,65,83,CulturaX,1641.25,2,134,False,25.25
24,107,154,CulturaX,2858.84375,4,220,False,26.718165887850468
17,78,102,CulturaX,2030.0625,3,177,False,26.026442307692307
14,59,81,CulturaX,1465.1875,2,134,False,24.833686440677965
7,36,47,CulturaX,886.484375,1,91,True,24.62456597222222
10,40,59,CulturaX,1120.265625,2,134,False,28.006640625
23,111,161,CulturaX,2960.984375,4,220,False,26.67553490990991
9,37,55,CulturaX,1039.9375,2,134,False,28.10641891891892
14,51,74,CulturaX,1391.46875,2,134,False,27.283700980392158
26,133,191,CulturaX,3659.234375,4,220,False,27.513040413533833
17,83,117,CulturaX,2129.171875,3,177,False,25.652673192771083
16,65,90,CulturaX,1780.640625,2,134,False,27.394471153846155
7,35,53,CulturaX,939.09375,1,91,True,26.83125
8,41,55,CulturaX,1012.28125,2,134,False,24.689786585365855
7,26,37,CulturaX,812.4375,1,91,True,31.247596153846153
9,36,44,CulturaX,950.625,1,91,True,26.40625
12,52,80,CulturaX,1520.171875,2,134,False,29.23407451923077
11,48,71,CulturaX,1338.90625,2,134,False,27.893880208333332
8,28,39,CulturaX,841.34375,1,91,True,30.047991071428573
9,31,42,CulturaX,924.671875,1,91,True,29.828125
7,62,76,CulturaX,1359.0625,2,134,False,21.920362903225808
11,51,76,CulturaX,1361.078125,2,134,False,26.68780637254902
18,75,100,CulturaX,1915.5625,3,177,False,25.54083333333333
20,87,131,CulturaX,2454.234375,3,177,False,28.20959051724138
11,39,52,CulturaX,1027.53125,2,134,False,26.346955128205128
31,138,186,CulturaX,3536.5,4,220,False,25.6268115942029
29,124,177,CulturaX,3353.9375,4,220,False,27.047883064516128
13,50,65,CulturaX,1316.90625,2,134,False,26.338125
19,96,136,CulturaX,2635.3125,3,177,False,27.451171875
19,82,120,CulturaX,2344.5,3,177,False,28.591463414634145
13,51,73,CulturaX,1374.359375,2,134,False,26.948223039215687
8,52,78,CulturaX,1582.109375,2,134,False,30.42518028846154
7,36,51,CulturaX,962.609375,2,134,False,26.739149305555557
8,29,39,CulturaX,729.875,1,91,True,25.16810344827586
19,75,104,CulturaX,2051.21875,3,177,False,27.34958333333333
19,96,136,CulturaX,2651.09375,3,177,False,27.615559895833332
20,78,114,CulturaX,2074.90625,3,177,False,26.60136217948718
15,87,129,CulturaX,2335.53125,3,177,False,26.845186781609197
35,163,235,CulturaX,4535.9375,5,263,False,27.827837423312882
11,48,69,CulturaX,1372.078125,2,134,False,28.5849609375
27,129,185,CulturaX,3503.65625,4,220,False,27.160125968992247
10,41,54,CulturaX,1095.703125,2,134,False,26.724466463414632
10,38,46,CulturaX,798.390625,1,91,True,21.010279605263158
9,37,51,CulturaX,921.28125,1,91,True,24.899493243243242
18,88,134,CulturaX,2371.265625,3,177,False,26.94620028409091
7,23,33,CulturaX,639.359375,1,91,True,27.798233695652176
10,40,54,CulturaX,1023.546875,2,134,False,25.588671875
33,156,201,CulturaX,3799.4375,5,263,False,24.35536858974359
11,56,80,CulturaX,1418.96875,2,134,False,25.338727678571427
9,44,63,CulturaX,1146.875,2,134,False,26.06534090909091
10,47,64,CulturaX,1272.6875,2,134,False,27.07845744680851
7,24,34,CulturaX,712.328125,1,91,True,29.680338541666668
8,41,60,CulturaX,1153.984375,2,134,False,28.145960365853657
13,66,82,CulturaX,1625.125,2,134,False,24.623106060606062
12,58,79,CulturaX,1545.25,2,134,False,26.642241379310345
8,45,64,CulturaX,1130.9375,2,134,False,25.131944444444443
17,65,98,CulturaX,1782.046875,2,134,False,27.416105769230768
13,58,75,CulturaX,1294.34375,2,134,False,22.31627155172414
8,36,47,CulturaX,885.0625,1,91,True,24.585069444444443
7,33,52,CulturaX,905.546875,1,91,True,27.440814393939394
8,33,48,CulturaX,924.28125,1,91,True,28.008522727272727
7,27,39,CulturaX,766.078125,1,91,True,28.37326388888889
10,45,62,CulturaX,1236.046875,2,134,False,27.467708333333334
12,48,64,CulturaX,1240.703125,2,134,False,25.847981770833332
11,45,64,CulturaX,1229.5625,2,134,False,27.323611111111113
19,85,125,CulturaX,2271.890625,3,177,False,26.728125
7,30,45,CulturaX,812.921875,1,91,True,27.097395833333334
11,44,55,CulturaX,1132.125,2,134,False,25.730113636363637
8,37,51,CulturaX,906.421875,1,91,True,24.497888513513512
14,51,68,CulturaX,1318.1875,2,134,False,25.846813725490197
10,46,67,CulturaX,1242.546875,2,134,False,27.011888586956523
16,73,101,CulturaX,1953.265625,3,177,False,26.757063356164384
12,56,74,CulturaX,1488.140625,2,134,False,26.573939732142858
7,34,47,CulturaX,937.671875,1,91,True,27.57858455882353
14,58,86,CulturaX,1561.296875,2,134,False,26.918911637931036
8,35,52,CulturaX,964.734375,2,134,False,27.563839285714284
14,68,90,CulturaX,1648.75,2,134,False,24.246323529411764
14,56,78,CulturaX,1402.375,2,134,False,25.042410714285715
8,38,52,CulturaX,1090.21875,2,134,False,28.689967105263158
14,60,87,CulturaX,1591.546875,2,134,False,26.52578125
9,58,82,CulturaX,1562.078125,2,134,False,26.932381465517242
21,106,149,CulturaX,2899.75,4,220,False,27.3561320754717
20,78,108,CulturaX,2022.40625,3,177,False,25.928285256410255
7,27,37,CulturaX,725.921875,1,91,True,26.88599537037037
24,100,140,CulturaX,2744.625,4,220,False,27.44625
33,158,237,CulturaX,4452.5625,6,306,False,28.180775316455698
27,126,172,CulturaX,3393.265625,4,220,False,26.930679563492063
16,74,106,CulturaX,1910.1875,3,177,False,25.813344594594593
23,102,146,CulturaX,2816.328125,4,220,False,27.611060049019606
15,60,88,CulturaX,1735.390625,2,134,False,28.923177083333332
9,41,60,CulturaX,1104.6875,2,134,False,26.94359756097561
17,66,89,CulturaX,1755.0,2,134,False,26.59090909090909
10,42,59,CulturaX,1089.609375,2,134,False,25.943080357142858
7,23,32,CulturaX,623.703125,1,91,True,27.117527173913043
11,47,64,CulturaX,1311.25,2,134,False,27.898936170212767
25,107,153,CulturaX,2763.15625,3,177,False,25.82389018691589
31,118,166,CulturaX,3106.1875,4,220,False,26.32362288135593
25,105,144,CulturaX,2775.234375,3,177,False,26.430803571428573
10,51,70,CulturaX,1363.359375,2,134,False,26.732536764705884
18,80,115,CulturaX,2133.65625,3,177,False,26.670703125
12,46,65,CulturaX,1161.984375,2,134,False,25.260529891304348
11,55,79,CulturaX,1469.53125,2,134,False,26.71875
13,67,97,CulturaX,1892.65625,3,177,False,28.248600746268657
10,46,67,CulturaX,1251.96875,2,134,False,27.21671195652174
12,61,88,CulturaX,1676.109375,2,134,False,27.47720286885246
13,55,72,CulturaX,1396.28125,2,134,False,25.386931818181818
16,73,104,CulturaX,2088.75,3,177,False,28.613013698630137
14,56,77,CulturaX,1462.875,2,134,False,26.122767857142858
13,57,75,CulturaX,1550.484375,2,134,False,27.201480263157894
87,373,518,CulturaX,9575.953125,11,521,False,25.672796581769436
11,48,69,CulturaX,1350.90625,2,134,False,28.143880208333332
18,65,89,CulturaX,1731.75,2,134,False,26.642307692307693
15,67,94,CulturaX,1712.90625,2,134,False,25.565764925373134
25,119,166,CulturaX,2961.15625,4,220,False,24.883665966386555
8,37,53,CulturaX,1059.34375,2,134,False,28.63091216216216
20,89,130,CulturaX,2486.21875,3,177,False,27.93504213483146
9,38,56,CulturaX,1030.8125,2,134,False,27.126644736842106
16,74,105,CulturaX,1996.234375,3,177,False,26.9761402027027
17,87,114,CulturaX,2086.625,3,177,False,23.98419540229885
14,62,92,CulturaX,1850.5,3,177,False,29.846774193548388
8,29,38,CulturaX,737.140625,1,91,True,25.41864224137931
11,44,60,CulturaX,1213.546875,2,134,False,27.580610795454547
40,192,273,CulturaX,5115.796875,6,306,False,26.644775390625
13,51,69,CulturaX,1340.046875,2,134,False,26.27542892156863
20,83,115,CulturaX,2185.796875,3,177,False,26.334902108433734
21,96,120,CulturaX,2285.421875,3,177,False,23.806477864583332
8,33,50,CulturaX,887.21875,1,91,True,26.885416666666668
69,309,434,CulturaX,7741.59375,9,435,False,25.05370145631068
43,171,240,CulturaX,4446.453125,5,263,False,26.00264985380117
25,114,171,CulturaX,3020.578125,4,220,False,26.496299342105264
18,88,132,CulturaX,2330.90625,3,177,False,26.487571022727273
40,164,237,CulturaX,4423.671875,5,263,False,26.973608993902438
27,123,170,CulturaX,3319.734375,4,220,False,26.989710365853657
19,80,114,CulturaX,2045.3125,3,177,False,25.56640625
13,67,91,CulturaX,1815.6875,3,177,False,27.09981343283582
22,100,145,CulturaX,2745.578125,3,177,False,27.45578125
28,122,174,CulturaX,3182.078125,4,220,False,26.082607581967213
7,41,52,CulturaX,1012.171875,2,134,False,24.687118902439025
12,49,69,CulturaX,1286.265625,2,134,False,26.25031887755102
65,289,405,CulturaX,7624.625,9,435,False,26.382785467128027
36,153,221,CulturaX,3915.15625,5,263,False,25.58925653594771
11,45,62,CulturaX,1146.0,2,134,False,25.466666666666665
10,40,57,CulturaX,1002.140625,2,134,False,25.053515625
14,64,81,CulturaX,1569.140625,2,134,False,24.517822265625
27,127,180,CulturaX,3422.609375,4,220,False,26.949680118110237
7,33,43,CulturaX,845.484375,1,91,True,25.620738636363637
14,57,79,CulturaX,1503.953125,2,134,False,26.38514254385965
20,91,129,CulturaX,2401.828125,3,177,False,26.39371565934066
16,70,101,CulturaX,1876.609375,2,134,False,26.808705357142856
11,55,80,CulturaX,1438.5625,2,134,False,26.15568181818182
12,68,98,CulturaX,1776.6875,2,134,False,26.127757352941178
55,271,391,CulturaX,7320.203125,8,392,False,27.011819649446494
9,30,40,CulturaX,719.65625,1,91,True,23.988541666666666
12,61,87,CulturaX,1740.125,2,134,False,28.526639344262296
17,77,112,CulturaX,2110.46875,3,177,False,27.408685064935064
9,35,48,CulturaX,922.703125,1,91,True,26.36294642857143
9,37,48,CulturaX,1065.46875,2,134,False,28.7964527027027
9,36,53,CulturaX,1011.15625,2,134,False,28.08767361111111
10,40,56,CulturaX,1101.4375,2,134,False,27.5359375
22,96,131,CulturaX,2569.921875,3,177,False,26.77001953125
8,39,55,CulturaX,1082.84375,2,134,False,27.765224358974358
22,92,132,CulturaX,2492.5,3,177,False,27.092391304347824
39,170,235,CulturaX,4464.984375,5,263,False,26.264613970588236
24,104,146,CulturaX,2902.265625,4,220,False,27.906400240384617
10,42,63,CulturaX,1220.125,2,134,False,29.050595238095237
8,36,52,CulturaX,863.9375,1,91,True,23.99826388888889
24,98,136,CulturaX,2549.765625,3,177,False,26.018016581632654
13,63,93,CulturaX,1602.53125,2,134,False,25.43700396825397
21,86,121,CulturaX,2412.421875,3,177,False,28.05141715116279
24,110,164,CulturaX,3034.3125,4,220,False,27.584659090909092
43,173,239,CulturaX,4712.765625,6,306,False,27.24141979768786
18,82,118,CulturaX,2143.203125,3,177,False,26.136623475609756
19,89,124,CulturaX,2293.578125,3,177,False,25.77054073033708
23,99,144,CulturaX,2593.546875,3,177,False,26.197443181818183
9,31,38,CulturaX,784.515625,1,91,True,25.306955645161292
8,40,55,CulturaX,982.359375,2,134,False,24.558984375
30,130,190,CulturaX,3275.484375,4,220,False,25.196033653846154
40,191,266,CulturaX,5051.640625,6,306,False,26.448380235602095
8,32,43,CulturaX,825.875,1,91,True,25.80859375
7,31,42,CulturaX,880.875,1,91,True,28.41532258064516
9,45,67,CulturaX,1323.59375,2,134,False,29.413194444444443
19,80,110,CulturaX,2111.21875,3,177,False,26.390234375
18,75,105,CulturaX,1966.296875,3,177,False,26.217291666666668
8,36,55,CulturaX,981.71875,2,134,False,27.26996527777778
34,142,213,CulturaX,4038.640625,5,263,False,28.441131161971832
16,74,109,CulturaX,2118.265625,3,177,False,28.62521114864865
12,55,80,CulturaX,1496.5625,2,134,False,27.210227272727273
7,37,55,CulturaX,1081.546875,2,134,False,29.23099662162162
69,338,445,CulturaX,8229.1875,9,435,False,24.346708579881657
28,143,197,CulturaX,3836.46875,5,263,False,26.828452797202797
26,133,201,CulturaX,3590.03125,4,220,False,26.992716165413533
10,44,60,CulturaX,1220.734375,2,134,False,27.743963068181817
25,109,146,CulturaX,2785.0,4,220,False,25.55045871559633
10,50,69,CulturaX,1270.484375,2,134,False,25.4096875
32,145,201,CulturaX,3637.125,4,220,False,25.083620689655174
8,39,51,CulturaX,1005.90625,2,134,False,25.79246794871795
12,59,87,CulturaX,1639.609375,2,134,False,27.78998940677966
35,155,224,CulturaX,4126.265625,5,263,False,26.621068548387097
19,90,129,CulturaX,2446.0,3,177,False,27.177777777777777
35,170,239,CulturaX,4653.609375,6,306,False,27.374172794117648
11,44,58,CulturaX,1134.828125,2,134,False,25.791548295454547
16,83,115,CulturaX,2210.296875,3,177,False,26.6300828313253
15,66,86,CulturaX,1591.34375,2,134,False,24.111268939393938
10,41,60,CulturaX,1113.484375,2,134,False,27.158155487804876
9,40,58,CulturaX,1103.96875,2,134,False,27.59921875
16,71,102,CulturaX,1980.609375,3,177,False,27.895906690140844
34,173,254,CulturaX,4823.640625,6,306,False,27.882315751445088
14,64,90,CulturaX,1755.21875,2,134,False,27.42529296875
17,76,107,CulturaX,1987.5625,3,177,False,26.152138157894736
30,134,181,CulturaX,3433.734375,4,220,False,25.62488339552239
21,97,144,CulturaX,2682.890625,4,220,False,27.6586662371134
8,28,38,CulturaX,743.0625,1,91,True,26.537946428571427
11,43,61,CulturaX,1176.3125,2,134,False,27.35610465116279
31,149,202,CulturaX,3402.703125,4,220,False,22.836933724832214
48,217,304,CulturaX,5809.46875,7,349,False,26.771745391705068
30,130,183,CulturaX,3470.828125,4,220,False,26.698677884615385
9,43,64,CulturaX,1169.609375,2,134,False,27.200218023255815
13,61,80,CulturaX,1567.953125,2,134,False,25.704149590163933
8,36,49,CulturaX,947.40625,1,91,True,26.31684027777778
26,122,163,CulturaX,3350.34375,4,220,False,27.461834016393443
9,36,49,CulturaX,979.703125,2,134,False,27.213975694444443
23,115,161,CulturaX,3075.421875,4,220,False,26.74279891304348
17,60,86,CulturaX,1640.59375,2,134,False,27.343229166666667
18,78,108,CulturaX,2082.8125,3,177,False,26.702724358974358
9,34,49,CulturaX,884.265625,1,91,True,26.0078125
10,36,50,CulturaX,976.453125,2,134,False,27.123697916666668
67,347,486,CulturaX,8869.765625,10,478,False,25.561284221902017
9,41,61,CulturaX,1113.828125,2,134,False,27.166539634146343
13,68,98,CulturaX,1704.484375,2,134,False,25.06594669117647
12,46,65,CulturaX,1239.453125,2,134,False,26.944633152173914
14,54,78,CulturaX,1492.421875,2,134,False,27.63744212962963
28,120,170,CulturaX,3281.109375,4,220,False,27.342578125
24,104,149,CulturaX,2817.859375,3,177,False,27.094801682692307
12,47,63,CulturaX,1185.71875,2,134,False,25.2280585106383
7,34,46,CulturaX,870.640625,1,91,True,25.60707720588235
10,37,54,CulturaX,1082.1875,2,134,False,29.24831081081081
19,74,100,CulturaX,1932.046875,3,177,False,26.108741554054053
31,145,212,CulturaX,3992.375,5,263,False,27.533620689655173
27,116,155,CulturaX,2993.03125,4,220,False,25.801993534482758
8,29,44,CulturaX,768.046875,1,91,True,26.484375
21,114,169,CulturaX,3220.5625,4,220,False,28.250548245614034
18,81,113,CulturaX,2194.96875,3,177,False,27.09837962962963
13,45,63,CulturaX,1266.890625,2,134,False,28.153125
15,64,90,CulturaX,1689.78125,2,134,False,26.40283203125
12,61,83,CulturaX,1653.828125,2,134,False,27.111936475409838
37,171,250,CulturaX,4871.484375,6,306,False,28.488212719298247
7,29,43,CulturaX,771.109375,1,91,True,26.58997844827586
11,61,91,CulturaX,1677.40625,2,134,False,27.4984631147541
8,40,51,CulturaX,1049.96875,2,134,False,26.24921875
14,63,84,CulturaX,1606.78125,2,134,False,25.504464285714285
20,87,115,CulturaX,2251.375,3,177,False,25.87787356321839
7,30,42,CulturaX,839.84375,1,91,True,27.994791666666668
13,53,76,CulturaX,1389.78125,2,134,False,26.222287735849058
16,70,96,CulturaX,1809.125,2,134,False,25.84464285714286
28,131,183,CulturaX,3355.8125,4,220,False,25.6168893129771
8,27,38,CulturaX,695.015625,1,91,True,25.741319444444443
12,44,60,CulturaX,1230.953125,2,134,False,27.976207386363637
10,37,55,CulturaX,1037.328125,2,134,False,28.03589527027027
15,68,95,CulturaX,1797.53125,2,134,False,26.434283088235293
44,212,296,CulturaX,5415.078125,7,349,False,25.54282134433962
12,51,65,CulturaX,1288.5625,2,134,False,25.26593137254902
15,57,71,CulturaX,1436.71875,2,134,False,25.205592105263158
32,129,176,CulturaX,3472.296875,4,220,False,26.91703003875969
26,112,159,CulturaX,2962.140625,4,220,False,26.447684151785715
31,151,206,CulturaX,3969.296875,5,263,False,26.28673427152318
22,103,138,CulturaX,2607.125,3,177,False,25.311893203883496
14,63,85,CulturaX,1502.3125,2,134,False,23.846230158730158
10,46,69,CulturaX,1279.0,2,134,False,27.804347826086957
13,50,74,CulturaX,1327.296875,2,134,False,26.5459375
31,155,223,CulturaX,4245.546875,5,263,False,27.390625
19,76,98,CulturaX,1962.15625,3,177,False,25.817845394736842
17,64,90,CulturaX,1767.28125,2,134,False,27.61376953125
11,40,57,CulturaX,1130.203125,2,134,False,28.255078125
13,61,83,CulturaX,1504.09375,2,134,False,24.657274590163933
12,44,57,CulturaX,1191.09375,2,134,False,27.0703125
17,76,110,CulturaX,1953.453125,3,177,False,25.703330592105264
17,72,96,CulturaX,1951.0625,3,177,False,27.09809027777778
8,42,63,CulturaX,1166.0,2,134,False,27.761904761904763
23,112,164,CulturaX,3206.96875,4,220,False,28.633649553571427
9,41,58,CulturaX,1002.140625,2,134,False,24.442454268292682
23,108,158,CulturaX,3009.0625,4,220,False,27.861689814814813
41,182,265,CulturaX,4990.9375,6,306,False,27.422733516483518
11,40,54,CulturaX,996.4375,2,134,False,24.9109375
15,74,108,CulturaX,1898.53125,2,134,False,25.6558277027027
11,50,69,CulturaX,1314.5,2,134,False,26.29
30,116,170,CulturaX,2999.890625,4,220,False,25.861126077586206
21,96,138,CulturaX,2441.984375,3,177,False,25.437337239583332
10,36,49,CulturaX,963.578125,2,134,False,26.76605902777778
30,139,191,CulturaX,3649.171875,4,220,False,26.253035071942445
8,35,46,CulturaX,920.5625,1,91,True,26.301785714285714
26,112,171,CulturaX,2972.265625,4,220,False,26.5380859375
27,120,167,CulturaX,3177.421875,4,220,False,26.478515625
36,177,247,CulturaX,4667.953125,6,306,False,26.37261652542373
7,32,42,CulturaX,764.59375,1,91,True,23.8935546875
11,56,78,CulturaX,1537.859375,2,134,False,27.461774553571427
7,31,42,CulturaX,801.328125,1,91,True,25.849294354838708
41,213,284,CulturaX,5168.703125,6,306,False,24.266211854460092
25,97,143,CulturaX,2654.0625,3,177,False,27.361469072164947
7,33,41,CulturaX,797.296875,1,91,True,24.160511363636363
14,57,77,CulturaX,1577.765625,2,134,False,27.680098684210527
10,44,70,CulturaX,1192.25,2,134,False,27.09659090909091
7,29,39,CulturaX,746.171875,1,91,True,25.730064655172413
8,41,59,CulturaX,1049.65625,2,134,False,25.601371951219512
26,115,161,CulturaX,3103.171875,4,220,False,26.984103260869563
11,58,89,CulturaX,1618.796875,2,134,False,27.91029094827586
18,95,143,CulturaX,2479.578125,3,177,False,26.100822368421053
11,56,88,CulturaX,1380.78125,2,134,False,24.656808035714285
24,100,147,CulturaX,2706.390625,3,177,False,27.06390625
8,32,48,CulturaX,831.671875,1,91,True,25.98974609375
7,35,46,CulturaX,815.59375,1,91,True,23.302678571428572
24,110,155,CulturaX,2995.59375,4,220,False,27.232670454545456
26,112,163,CulturaX,3033.765625,4,220,False,27.087193080357142
20,83,105,CulturaX,2165.71875,3,177,False,26.092996987951807
10,44,56,CulturaX,1145.0625,2,134,False,26.024147727272727
17,69,103,CulturaX,1902.34375,3,177,False,27.57019927536232
8,35,44,CulturaX,923.84375,1,91,True,26.395535714285714
14,51,67,CulturaX,1314.03125,2,134,False,25.76531862745098
21,119,185,CulturaX,3175.390625,4,220,False,26.683954831932773
33,127,173,CulturaX,3336.203125,4,220,False,26.26931594488189
19,74,108,CulturaX,2038.296875,3,177,False,27.544552364864863
14,54,81,CulturaX,1532.515625,2,134,False,28.37991898148148
14,76,101,CulturaX,1844.015625,2,134,False,24.263363486842106
8,40,56,CulturaX,1110.046875,2,134,False,27.751171875
19,76,110,CulturaX,1966.25,3,177,False,25.87171052631579
19,86,109,CulturaX,2126.0625,3,177,False,24.721656976744185
19,83,122,CulturaX,2205.609375,3,177,False,26.573606927710845
7,32,43,CulturaX,837.375,1,91,True,26.16796875
14,63,90,CulturaX,1760.703125,2,134,False,27.947668650793652
9,45,60,CulturaX,1105.5,2,134,False,24.566666666666666
7,26,37,CulturaX,720.8125,1,91,True,27.723557692307693
13,59,88,CulturaX,1564.84375,2,134,False,26.522775423728813
39,170,250,CulturaX,4370.28125,5,263,False,25.707536764705882
19,75,106,CulturaX,2030.734375,3,177,False,27.076458333333335
26,100,138,CulturaX,2718.921875,3,177,False,27.18921875
7,36,50,CulturaX,948.09375,1,91,True,26.3359375
19,92,129,CulturaX,2435.96875,3,177,False,26.477921195652176
16,104,126,CulturaX,2168.71875,3,177,False,20.853064903846153
10,38,53,CulturaX,1022.234375,2,134,False,26.900904605263158
32,124,172,CulturaX,3290.109375,4,220,False,26.53314012096774
15,65,99,CulturaX,1835.796875,3,177,False,28.243028846153845
17,70,100,CulturaX,1989.125,3,177,False,28.416071428571428
10,58,91,CulturaX,1678.8125,2,134,False,28.945043103448278
25,120,173,CulturaX,3239.671875,4,220,False,26.997265625
8,35,52,CulturaX,925.5625,1,91,True,26.444642857142856
36,165,238,CulturaX,4440.640625,5,263,False,26.912973484848486
14,61,85,CulturaX,1639.90625,2,134,False,26.883709016393443
23,108,149,CulturaX,2844.765625,4,220,False,26.340422453703702
11,51,73,CulturaX,1345.734375,2,134,False,26.386948529411764
21,94,130,CulturaX,2485.65625,3,177,False,26.44315159574468
24,106,146,CulturaX,2818.453125,4,220,False,26.5891804245283
14,67,98,CulturaX,1848.96875,2,134,False,27.596548507462686
8,35,51,CulturaX,923.796875,1,91,True,26.39419642857143
10,47,66,CulturaX,1300.609375,2,134,False,27.67253989361702
11,49,68,CulturaX,1390.8125,2,134,False,28.383928571428573
8,40,56,CulturaX,1014.78125,2,134,False,25.36953125
12,42,56,CulturaX,1090.328125,2,134,False,25.960193452380953
24,102,148,CulturaX,2757.9375,4,220,False,27.03860294117647
33,154,216,CulturaX,4137.359375,5,263,False,26.865969967532468
22,85,108,CulturaX,2034.6875,3,177,False,23.9375
13,53,78,CulturaX,1421.75,2,134,False,26.82547169811321
7,35,47,CulturaX,869.21875,1,91,True,24.834821428571427
15,61,88,CulturaX,1659.65625,2,134,False,27.20747950819672
42,182,244,CulturaX,4791.359375,6,306,False,26.326150412087912
18,82,122,CulturaX,2240.203125,3,177,False,27.31955030487805
13,59,88,CulturaX,1585.953125,2,134,False,26.880561440677965
9,51,73,CulturaX,1257.734375,2,134,False,24.661458333333332
11,49,68,CulturaX,1279.53125,2,134,False,26.112882653061224
11,50,67,CulturaX,1322.5,2,134,False,26.45
19,84,120,CulturaX,2153.25,3,177,False,25.633928571428573
15,58,82,CulturaX,1520.171875,2,134,False,26.209859913793103
9,49,62,CulturaX,1156.171875,2,134,False,23.5953443877551
37,177,250,CulturaX,4619.0625,6,306,False,26.096398305084747
16,59,82,CulturaX,1540.296875,2,134,False,26.106726694915253
9,38,50,CulturaX,1107.453125,2,134,False,29.143503289473685
30,136,197,CulturaX,3568.4375,4,220,False,26.238511029411764
24,105,154,CulturaX,2691.765625,3,177,False,25.635863095238093
15,73,101,CulturaX,1908.109375,2,134,False,26.138484589041095
12,53,79,CulturaX,1497.796875,2,134,False,28.260318396226417
8,35,48,CulturaX,888.71875,1,91,True,25.391964285714284
7,42,65,CulturaX,1144.703125,2,134,False,27.25483630952381
11,53,71,CulturaX,1454.796875,2,134,False,27.448997641509433
32,169,211,CulturaX,4078.171875,5,263,False,24.13119452662722
13,58,74,CulturaX,1457.5625,2,134,False,25.130387931034484
19,89,129,CulturaX,2349.203125,3,177,False,26.39554073033708
32,145,207,CulturaX,3855.515625,5,263,False,26.589762931034482
11,48,64,CulturaX,1253.65625,2,134,False,26.117838541666668
14,56,76,CulturaX,1289.84375,2,134,False,23.032924107142858
16,74,98,CulturaX,1935.921875,3,177,False,26.16110641891892
34,169,250,CulturaX,4445.640625,5,263,False,26.30556582840237
30,124,179,CulturaX,3382.625,4,220,False,27.27923387096774
7,27,45,CulturaX,748.71875,1,91,True,27.730324074074073
11,58,85,CulturaX,1455.0625,2,134,False,25.08728448275862
10,43,62,CulturaX,1208.796875,2,134,False,28.11155523255814
43,180,260,CulturaX,4816.125,6,306,False,26.75625
15,67,106,CulturaX,1864.546875,3,177,False,27.829057835820894
19,90,131,CulturaX,2423.84375,3,177,False,26.931597222222223
8,27,37,CulturaX,726.953125,1,91,True,26.924189814814813
9,39,62,CulturaX,1115.75,2,134,False,28.608974358974358
11,51,68,CulturaX,1207.734375,2,134,False,23.681066176470587
20,92,130,CulturaX,2436.640625,3,177,False,26.48522418478261
13,59,75,CulturaX,1548.953125,2,134,False,26.25344279661017
7,29,44,CulturaX,797.859375,1,91,True,27.51239224137931
9,37,50,CulturaX,1059.09375,2,134,False,28.624155405405407
20,82,121,CulturaX,2398.890625,3,177,False,29.254763719512194
14,59,82,CulturaX,1546.65625,2,134,False,26.21451271186441
12,59,84,CulturaX,1648.859375,2,134,False,27.94676906779661
28,124,172,CulturaX,3257.5625,4,220,False,26.270665322580644
8,37,48,CulturaX,1007.484375,2,134,False,27.22930743243243
20,92,132,CulturaX,2204.34375,3,177,False,23.960258152173914
17,83,124,CulturaX,2243.9375,3,177,False,27.03539156626506
11,49,73,CulturaX,1283.828125,2,134,False,26.200573979591837
16,71,103,CulturaX,1867.5,2,134,False,26.302816901408452
7,28,42,CulturaX,707.9375,1,91,True,25.283482142857142
8,32,41,CulturaX,721.5,1,91,True,22.546875
31,125,170,CulturaX,3356.234375,4,220,False,26.849875
9,46,73,CulturaX,1352.21875,2,134,False,29.396059782608695
16,67,88,CulturaX,1759.140625,2,134,False,26.255830223880597
10,51,75,CulturaX,1491.9375,2,134,False,29.253676470588236
16,69,96,CulturaX,1884.234375,2,134,False,27.30774456521739
19,72,107,CulturaX,1933.390625,3,177,False,26.852647569444443
7,30,46,CulturaX,823.09375,1,91,True,27.436458333333334
13,49,68,CulturaX,1284.5625,2,134,False,26.215561224489797
12,53,76,CulturaX,1420.5,2,134,False,26.80188679245283
19,82,124,CulturaX,2352.859375,3,177,False,28.693407012195124
19,72,95,CulturaX,1793.25,2,134,False,24.90625
19,84,114,CulturaX,2017.09375,3,177,False,24.013020833333332
38,181,261,CulturaX,4748.21875,6,306,False,26.23325276243094
8,33,42,CulturaX,887.015625,1,91,True,26.879261363636363
15,62,82,CulturaX,1592.78125,2,134,False,25.690020161290324
8,34,43,CulturaX,920.640625,1,91,True,27.07766544117647
9,41,57,CulturaX,1032.09375,2,134,False,25.173018292682926
22,89,119,CulturaX,2360.375,3,177,False,26.521067415730336
10,53,68,CulturaX,1440.515625,2,134,False,27.17954009433962
13,59,88,CulturaX,1604.3125,2,134,False,27.19173728813559
44,195,271,CulturaX,5105.6875,6,306,False,26.183012820512822
10,49,66,CulturaX,1207.546875,2,134,False,24.643813775510203
25,99,143,CulturaX,2778.328125,4,220,False,28.063920454545453
13,60,85,CulturaX,1458.921875,2,134,False,24.315364583333334
19,86,124,CulturaX,2309.3125,3,177,False,26.85247093023256
12,53,61,CulturaX,1224.015625,2,134,False,23.094634433962263
7,22,33,CulturaX,612.5,1,91,True,27.84090909090909
30,120,167,CulturaX,3112.265625,4,220,False,25.935546875
7,25,35,CulturaX,715.140625,1,91,True,28.605625
9,37,52,CulturaX,981.453125,2,134,False,26.525760135135137
26,117,175,CulturaX,3009.078125,4,220,False,25.71861645299145
22,89,126,CulturaX,2449.40625,3,177,False,27.521418539325843
16,69,94,CulturaX,1730.0625,2,134,False,25.07336956521739
14,60,85,CulturaX,1638.328125,2,134,False,27.30546875
23,92,122,CulturaX,2377.09375,3,177,False,25.83797554347826
19,77,101,CulturaX,1975.3125,3,177,False,25.65340909090909
14,77,111,CulturaX,2127.046875,3,177,False,27.62398538961039
15,62,82,CulturaX,1675.328125,2,134,False,27.02142137096774
10,36,48,CulturaX,934.296875,1,91,True,25.95269097222222
25,107,157,CulturaX,2908.828125,4,220,False,27.185309579439252
9,40,53,CulturaX,1054.609375,2,134,False,26.365234375
9,36,53,CulturaX,1040.5625,2,134,False,28.90451388888889
14,60,82,CulturaX,1563.71875,2,134,False,26.061979166666667
8,34,51,CulturaX,930.515625,1,91,True,27.368106617647058
13,47,66,CulturaX,1173.90625,2,134,False,24.976728723404257
18,72,89,CulturaX,1802.375,2,134,False,25.03298611111111
22,110,163,CulturaX,2888.921875,4,220,False,26.262926136363635
7,24,32,CulturaX,559.5625,1,91,True,23.315104166666668
22,95,134,CulturaX,2474.09375,3,177,False,26.04309210526316
25,118,146,CulturaX,2734.78125,3,177,False,23.17611228813559
9,39,49,CulturaX,970.0625,2,134,False,24.873397435897434
11,59,77,CulturaX,1581.078125,2,134,False,26.7979343220339
15,55,76,CulturaX,1501.734375,2,134,False,27.304261363636364
14,65,87,CulturaX,1742.609375,2,134,False,26.809375
10,38,55,CulturaX,944.859375,1,91,True,24.864720394736842
11,46,66,CulturaX,1175.6875,2,134,False,25.558423913043477
12,57,81,CulturaX,1503.0625,2,134,False,26.36951754385965
8,39,54,CulturaX,1058.078125,2,134,False,27.130208333333332
8,42,61,CulturaX,1049.328125,2,134,False,24.984002976190474
14,66,80,CulturaX,1571.421875,2,134,False,23.809422348484848
21,94,132,CulturaX,2414.84375,3,177,False,25.689827127659573
7,32,48,CulturaX,891.59375,1,91,True,27.8623046875
38,169,232,CulturaX,4460.46875,6,306,False,26.393306213017752
8,33,46,CulturaX,915.671875,1,91,True,27.747632575757574
18,96,132,CulturaX,2595.546875,3,177,False,27.036946614583332
47,229,335,CulturaX,6115.21875,7,349,False,26.704012008733624
11,62,86,CulturaX,1542.78125,2,134,False,24.883568548387096
12,53,77,CulturaX,1431.453125,2,134,False,27.008549528301888
8,45,65,CulturaX,1322.15625,2,134,False,29.38125
22,99,143,CulturaX,2639.203125,3,177,False,26.658617424242426
24,148,176,CulturaX,2922.609375,4,220,False,19.74736064189189
48,223,314,CulturaX,5822.78125,7,349,False,26.11112668161435
14,50,69,CulturaX,1293.15625,2,134,False,25.863125
40,154,204,CulturaX,4003.375,5,263,False,25.995941558441558
8,34,54,CulturaX,1035.359375,2,134,False,30.451746323529413
22,92,131,CulturaX,2573.34375,3,177,False,27.971127717391305
30,139,208,CulturaX,3860.671875,5,263,False,27.774617805755394
10,48,66,CulturaX,1251.6875,2,134,False,26.076822916666668
34,176,260,CulturaX,4739.203125,6,306,False,26.927290482954547
26,154,184,CulturaX,3581.421875,4,220,False,23.2559862012987
8,33,46,CulturaX,873.78125,1,91,True,26.478219696969695
10,48,63,CulturaX,1113.0625,2,134,False,23.188802083333332
9,52,78,CulturaX,1384.453125,2,134,False,26.624098557692307
11,36,50,CulturaX,899.1875,1,91,True,24.977430555555557
25,124,185,CulturaX,3441.53125,4,220,False,27.754284274193548
8,33,47,CulturaX,955.875,1,91,True,28.96590909090909
22,114,168,CulturaX,2990.265625,4,220,False,26.230400219298247
24,99,143,CulturaX,2675.8125,3,177,False,27.02840909090909
16,66,85,CulturaX,1711.421875,2,134,False,25.93063446969697
11,49,68,CulturaX,1316.53125,2,134,False,26.867984693877553
33,160,225,CulturaX,4344.0,5,263,False,27.15
10,43,65,CulturaX,1294.609375,2,134,False,30.10719476744186
7,36,53,CulturaX,999.34375,2,134,False,27.75954861111111
12,51,70,CulturaX,1355.0,2,134,False,26.568627450980394
11,58,93,CulturaX,1553.859375,2,134,False,26.790678879310345
21,98,141,CulturaX,2659.625,3,177,False,27.1390306122449
14,51,70,CulturaX,1365.21875,2,134,False,26.768995098039216
11,49,68,CulturaX,1276.96875,2,134,False,26.060586734693878
8,38,56,CulturaX,956.03125,1,91,True,25.158717105263158
17,85,126,CulturaX,2307.734375,3,177,False,27.149816176470587
19,79,115,CulturaX,2122.8125,3,177,False,26.87104430379747
17,64,87,CulturaX,1689.703125,2,134,False,26.401611328125
19,89,128,CulturaX,2441.0625,3,177,False,27.427668539325843
34,141,195,CulturaX,3789.15625,5,263,False,26.873448581560282
79,384,556,CulturaX,10198.765625,12,564,False,26.559285481770832
22,106,144,CulturaX,2839.78125,4,220,False,26.790389150943398
10,53,71,CulturaX,1281.0625,2,134,False,24.170990566037737
22,102,143,CulturaX,2687.28125,3,177,False,26.34589460784314
22,106,147,CulturaX,2952.46875,4,220,False,27.853478773584907
33,148,218,CulturaX,3926.609375,5,263,False,26.531144425675677
11,63,73,CulturaX,1366.1875,2,134,False,21.685515873015873
18,78,110,CulturaX,2119.796875,3,177,False,27.176883012820515
10,46,64,CulturaX,1290.96875,2,134,False,28.06453804347826
17,67,89,CulturaX,1773.3125,2,134,False,26.467350746268657
9,40,52,CulturaX,1043.078125,2,134,False,26.076953125
11,46,61,CulturaX,1171.828125,2,134,False,25.47452445652174
15,67,96,CulturaX,1918.09375,3,177,False,28.628264925373134
27,100,136,CulturaX,2652.171875,3,177,False,26.52171875
12,50,73,CulturaX,1358.21875,2,134,False,27.164375
22,110,165,CulturaX,3039.984375,4,220,False,27.63622159090909
44,180,249,CulturaX,4650.1875,6,306,False,25.834375
15,68,98,CulturaX,1924.265625,3,177,False,28.298023897058822
9,51,70,CulturaX,1339.84375,2,134,False,26.27144607843137
23,102,145,CulturaX,2717.59375,3,177,False,26.643075980392158
28,151,222,CulturaX,4187.59375,5,263,False,27.732408940397352
16,64,83,CulturaX,1673.234375,2,134,False,26.144287109375
28,108,151,CulturaX,2953.265625,4,220,False,27.345052083333332
11,43,65,CulturaX,1205.578125,2,134,False,28.036700581395348
9,42,60,CulturaX,1100.734375,2,134,False,26.20796130952381
27,123,171,CulturaX,3334.40625,4,220,False,27.108993902439025
13,58,81,CulturaX,1559.25,2,134,False,26.88362068965517
22,105,148,CulturaX,2871.46875,4,220,False,27.34732142857143
16,67,94,CulturaX,1841.734375,2,134,False,27.48857276119403
9,42,59,CulturaX,1151.859375,2,134,False,27.425223214285715
7,27,37,CulturaX,673.828125,1,91,True,24.95659722222222
9,44,52,CulturaX,936.65625,1,91,True,21.287642045454547
11,45,67,CulturaX,1276.46875,2,134,False,28.365972222222222
27,111,156,CulturaX,2994.734375,4,220,False,26.979588963963963
22,92,125,CulturaX,2439.3125,3,177,False,26.514266304347824
16,68,98,CulturaX,1829.15625,3,177,False,26.899356617647058
18,93,127,CulturaX,2491.625,3,177,False,26.791666666666668
18,71,97,CulturaX,1911.421875,3,177,False,26.921434859154928
10,52,76,CulturaX,1439.40625,2,134,False,27.680889423076923
9,37,54,CulturaX,1019.484375,2,134,False,27.553631756756758
15,67,101,CulturaX,1848.1875,3,177,False,27.58488805970149
23,112,157,CulturaX,2768.8125,3,177,False,24.721540178571427
7,28,38,CulturaX,778.578125,1,91,True,27.806361607142858
37,170,235,CulturaX,4470.734375,5,263,False,26.2984375
13,53,76,CulturaX,1365.109375,2,134,False,25.75678066037736
13,53,70,CulturaX,1385.359375,2,134,False,26.13885613207547
19,98,121,CulturaX,2314.5,3,177,False,23.617346938775512
7,43,60,CulturaX,1081.625,2,134,False,25.15406976744186
22,100,143,CulturaX,2580.84375,3,177,False,25.8084375
10,41,56,CulturaX,1166.46875,2,134,False,28.45045731707317
11,52,79,CulturaX,1501.546875,2,134,False,28.875901442307693
10,38,53,CulturaX,999.484375,2,134,False,26.302220394736842
9,34,50,CulturaX,958.765625,1,91,True,28.198988970588236
35,160,234,CulturaX,4214.265625,5,263,False,26.33916015625
10,51,74,CulturaX,1291.78125,2,134,False,25.329044117647058
11,49,70,CulturaX,1240.96875,2,134,False,25.325892857142858
22,98,139,CulturaX,2529.859375,3,177,False,25.814891581632654
27,105,155,CulturaX,2937.484375,4,220,False,27.976041666666667
11,68,97,CulturaX,1865.734375,3,177,False,27.437270220588236
9,41,63,CulturaX,1006.359375,2,134,False,24.5453506097561
9,35,49,CulturaX,932.625,1,91,True,26.646428571428572
36,179,243,CulturaX,4928.453125,6,306,False,27.533257681564248
21,85,118,CulturaX,2353.609375,3,177,False,27.68952205882353
10,36,46,CulturaX,931.953125,1,91,True,25.887586805555557
20,88,137,CulturaX,2399.3125,3,177,False,27.264914772727273
23,117,157,CulturaX,2807.78125,4,220,False,23.99813034188034
8,35,51,CulturaX,976.796875,2,134,False,27.908482142857142
15,75,114,CulturaX,2080.953125,3,177,False,27.746041666666667
42,177,249,CulturaX,4680.40625,6,306,False,26.442973163841806
29,120,169,CulturaX,3031.109375,4,220,False,25.259244791666667
10,66,94,CulturaX,1640.59375,2,134,False,24.857481060606062
15,72,112,CulturaX,2024.34375,3,177,False,28.115885416666668
18,77,112,CulturaX,2094.546875,3,177,False,27.201907467532468
29,114,153,CulturaX,2970.40625,4,220,False,26.056195175438596
51,235,326,CulturaX,6371.421875,8,392,False,27.112433510638297
32,147,200,CulturaX,3803.0625,5,263,False,25.871173469387756
8,27,36,CulturaX,730.203125,1,91,True,27.044560185185187
34,172,235,CulturaX,4194.578125,5,263,False,24.387082122093023
9,43,61,CulturaX,1340.4375,2,134,False,31.17296511627907
13,60,83,CulturaX,1730.09375,2,134,False,28.834895833333334
11,39,52,CulturaX,1043.28125,2,134,False,26.75080128205128
16,64,87,CulturaX,1765.03125,2,134,False,27.57861328125
27,124,177,CulturaX,3415.234375,4,220,False,27.542212701612904
10,38,50,CulturaX,965.03125,2,134,False,25.395559210526315
35,157,230,CulturaX,4216.453125,5,263,False,26.856389331210192
10,51,74,CulturaX,1358.515625,2,134,False,26.637561274509803
8,29,39,CulturaX,756.921875,1,91,True,26.10075431034483
31,144,203,CulturaX,3822.328125,5,263,False,26.5439453125
39,176,236,CulturaX,4474.578125,5,263,False,25.42373934659091
8,33,45,CulturaX,969.046875,2,134,False,29.365056818181817
8,30,39,CulturaX,771.5625,1,91,True,25.71875
15,62,88,CulturaX,1688.75,2,134,False,27.237903225806452
14,72,106,CulturaX,1909.53125,3,177,False,26.52126736111111
22,92,126,CulturaX,2385.828125,3,177,False,25.932914402173914
24,123,168,CulturaX,3213.390625,4,220,False,26.125127032520325
24,132,180,CulturaX,3573.375,4,220,False,27.071022727272727
14,55,79,CulturaX,1379.828125,2,134,False,25.08778409090909
13,50,73,CulturaX,1391.65625,2,134,False,27.833125
7,31,46,CulturaX,924.421875,1,91,True,29.820060483870968
11,55,69,CulturaX,1273.484375,2,134,False,23.154261363636362
11,45,64,CulturaX,1286.265625,2,134,False,28.583680555555556
7,28,37,CulturaX,755.21875,1,91,True,26.972098214285715
7,30,43,CulturaX,884.890625,1,91,True,29.496354166666666
9,43,60,CulturaX,1135.015625,2,134,False,26.395712209302324
11,43,57,CulturaX,1064.0625,2,134,False,24.745639534883722
21,101,144,CulturaX,2626.3125,3,177,False,26.003094059405942
16,78,107,CulturaX,2177.3125,3,177,False,27.91426282051282
17,68,99,CulturaX,1825.296875,2,134,False,26.842601102941178
10,50,73,CulturaX,1330.140625,2,134,False,26.6028125
11,53,80,CulturaX,1474.734375,2,134,False,27.825176886792452
11,55,80,CulturaX,1505.1875,2,134,False,27.367045454545455
10,39,58,CulturaX,1095.625,2,134,False,28.09294871794872
9,40,61,CulturaX,1157.5625,2,134,False,28.9390625
14,56,81,CulturaX,1618.0625,2,134,False,28.893973214285715
11,50,69,CulturaX,1260.078125,2,134,False,25.2015625
33,144,197,CulturaX,3813.5,5,263,False,26.48263888888889
16,78,105,CulturaX,2116.921875,3,177,False,27.14002403846154
13,56,77,CulturaX,1507.15625,2,134,False,26.913504464285715
14,65,86,CulturaX,1734.875,2,134,False,26.690384615384616
8,38,58,CulturaX,1068.046875,2,134,False,28.106496710526315
33,159,234,CulturaX,4159.328125,5,263,False,26.1592963836478
12,45,62,CulturaX,1173.546875,2,134,False,26.078819444444445
7,25,35,CulturaX,695.953125,1,91,True,27.838125
23,104,144,CulturaX,2442.765625,3,177,False,23.488131009615383
7,37,56,CulturaX,1054.4375,2,134,False,28.49831081081081
9,48,59,CulturaX,1040.4375,2,134,False,21.67578125
21,95,130,CulturaX,2462.359375,3,177,False,25.919572368421054
15,70,104,CulturaX,1758.28125,3,177,False,25.118303571428573
29,146,181,CulturaX,3529.0625,4,220,False,24.17166095890411
13,53,77,CulturaX,1404.40625,2,134,False,26.49823113207547
12,43,66,CulturaX,1225.46875,2,134,False,28.499273255813954
13,53,75,CulturaX,1439.875,2,134,False,27.16745283018868
11,42,59,CulturaX,1172.453125,2,134,False,27.915550595238095
9,34,51,CulturaX,947.84375,1,91,True,27.877757352941178
48,179,259,CulturaX,4850.921875,6,306,False,27.10012220670391
17,72,97,CulturaX,1942.65625,3,177,False,26.981336805555557
14,46,56,CulturaX,1086.953125,2,134,False,23.629415760869566
14,64,89,CulturaX,1590.828125,2,134,False,24.856689453125
7,21,25,CulturaX,520.546875,1,91,True,24.787946428571427
15,69,97,CulturaX,1872.359375,2,134,False,27.135643115942027
29,128,167,CulturaX,3296.796875,4,220,False,25.7562255859375
17,67,92,CulturaX,1773.359375,2,134,False,26.46805037313433
10,41,59,CulturaX,1100.640625,2,134,False,26.844893292682926
19,77,107,CulturaX,1951.265625,3,177,False,25.34111201298701
13,66,90,CulturaX,1661.03125,2,134,False,25.167140151515152
17,70,96,CulturaX,1931.796875,3,177,False,27.597098214285715
11,52,73,CulturaX,1350.484375,2,134,False,25.970853365384617
10,49,66,CulturaX,1270.90625,2,134,False,25.93686224489796
51,211,286,CulturaX,5400.96875,6,306,False,25.59700829383886
11,40,54,CulturaX,1043.96875,2,134,False,26.09921875
10,40,57,CulturaX,1036.78125,2,134,False,25.91953125
26,140,207,CulturaX,3666.828125,5,263,False,26.191629464285715
9,43,62,CulturaX,1202.046875,2,134,False,27.954578488372093
24,100,136,CulturaX,2677.671875,3,177,False,26.77671875
9,34,48,CulturaX,848.328125,1,91,True,24.95082720588235
10,38,53,CulturaX,988.046875,2,134,False,26.00123355263158
16,75,123,CulturaX,2029.734375,3,177,False,27.063125
13,54,68,CulturaX,1290.03125,2,134,False,23.88946759259259
36,173,252,CulturaX,4738.59375,6,306,False,27.390715317919074
28,131,192,CulturaX,3501.0625,4,220,False,26.7256679389313
12,58,75,CulturaX,1411.96875,2,134,False,24.34428879310345
63,303,428,CulturaX,8150.015625,10,478,False,26.897741336633665
19,80,119,CulturaX,2051.703125,3,177,False,25.6462890625
8,45,60,CulturaX,1085.78125,2,134,False,24.12847222222222
32,145,203,CulturaX,3819.453125,5,263,False,26.341056034482758
21,102,160,CulturaX,2862.625,3,177,False,28.064950980392158
54,241,347,CulturaX,6184.828125,7,349,False,25.663187240663902
7,34,47,CulturaX,911.171875,1,91,True,26.79917279411765
24,114,165,CulturaX,3013.109375,4,220,False,26.43078399122807
20,79,108,CulturaX,2007.859375,3,177,False,25.415941455696203
53,232,331,CulturaX,6311.9375,7,349,False,27.206627155172413
11,44,61,CulturaX,1194.78125,2,134,False,27.154119318181817
27,124,177,CulturaX,3061.59375,4,220,False,24.690272177419356
24,111,160,CulturaX,2963.890625,4,220,False,26.70171734234234
16,77,113,CulturaX,2043.5625,3,177,False,26.539772727272727
8,32,42,CulturaX,796.625,1,91,True,24.89453125
30,136,186,CulturaX,3586.515625,4,220,False,26.37143841911765
14,67,100,CulturaX,1802.453125,2,134,False,26.902285447761194
13,67,93,CulturaX,1876.453125,2,134,False,28.00676305970149
16,68,98,CulturaX,1749.828125,2,134,False,25.73276654411765
8,33,47,CulturaX,901.59375,1,91,True,27.321022727272727
14,57,75,CulturaX,1508.734375,2,134,False,26.469024122807017
12,49,66,CulturaX,1298.90625,2,134,False,26.508290816326532
10,48,69,CulturaX,1281.234375,2,134,False,26.6923828125
10,43,61,CulturaX,1152.578125,2,134,False,26.804142441860463
28,114,160,CulturaX,3151.28125,4,220,False,27.64281798245614
51,208,283,CulturaX,5904.265625,7,349,False,28.385892427884617
7,45,55,CulturaX,1072.6875,2,134,False,23.8375
14,67,92,CulturaX,1957.390625,3,177,False,29.214785447761194
12,64,91,CulturaX,1670.234375,2,134,False,26.097412109375
20,94,131,CulturaX,2473.734375,3,177,False,26.31632313829787
7,37,57,CulturaX,1055.078125,2,134,False,28.515625
14,57,81,CulturaX,1543.984375,2,134,False,27.087445175438596
36,151,228,CulturaX,3876.171875,5,263,False,25.670012417218544
8,29,44,CulturaX,804.078125,1,91,True,27.726831896551722
20,100,146,CulturaX,2792.71875,4,220,False,27.9271875
8,37,54,CulturaX,991.640625,2,134,False,26.801097972972972
10,50,76,CulturaX,1447.265625,2,134,False,28.9453125
17,72,100,CulturaX,1910.859375,3,177,False,26.539713541666668
7,35,52,CulturaX,963.0,2,134,False,27.514285714285716
9,42,56,CulturaX,1139.0625,2,134,False,27.120535714285715
9,52,80,CulturaX,1470.671875,2,134,False,28.282151442307693
14,52,71,CulturaX,1414.75,2,134,False,27.20673076923077
8,38,51,CulturaX,941.953125,1,91,True,24.78824013157895
10,39,55,CulturaX,1062.90625,2,134,False,27.25400641025641
33,129,168,CulturaX,3429.203125,4,220,False,26.58296996124031
16,62,86,CulturaX,1607.765625,2,134,False,25.93170362903226
20,100,139,CulturaX,2772.359375,4,220,False,27.72359375
18,76,103,CulturaX,1973.546875,3,177,False,25.967722039473685
8,44,61,CulturaX,1056.953125,2,134,False,24.021661931818183
26,118,173,CulturaX,3277.453125,4,220,False,27.775026483050848
11,44,61,CulturaX,1122.0625,2,134,False,25.501420454545453
35,164,238,CulturaX,4305.953125,5,263,False,26.255811737804876
45,157,194,CulturaX,3759.703125,4,220,False,23.947153662420384
10,40,59,CulturaX,1103.140625,2,134,False,27.578515625
28,106,146,CulturaX,2919.8125,4,220,False,27.545400943396228
42,196,294,CulturaX,5477.640625,6,306,False,27.947146045918366
12,58,88,CulturaX,1524.375,2,134,False,26.282327586206897
40,191,273,CulturaX,5288.953125,7,349,False,27.690854057591622
10,42,56,CulturaX,1085.671875,2,134,False,25.849330357142858
35,147,185,CulturaX,3469.09375,4,220,False,23.599277210884352
28,151,206,CulturaX,4024.671875,5,263,False,26.653456125827816
25,115,150,CulturaX,2878.21875,4,220,False,25.027989130434783
7,36,52,CulturaX,1032.71875,2,134,False,28.686631944444443
11,49,68,CulturaX,1356.375,2,134,False,27.681122448979593
13,55,79,CulturaX,1445.359375,2,134,False,26.279261363636362
9,44,62,CulturaX,1155.953125,2,134,False,26.271661931818183
25,103,129,CulturaX,2555.328125,3,177,False,24.809010922330096
7,30,40,CulturaX,798.265625,1,91,True,26.608854166666667
17,78,113,CulturaX,2077.9375,3,177,False,26.640224358974358
7,32,46,CulturaX,885.25,1,91,True,27.6640625
32,147,206,CulturaX,3853.703125,5,263,False,26.215667517006803
7,29,39,CulturaX,761.421875,1,91,True,26.255926724137932
13,58,81,CulturaX,1565.875,2,134,False,26.997844827586206
18,69,93,CulturaX,1858.546875,2,134,False,26.93546195652174
15,60,82,CulturaX,1463.4375,2,134,False,24.390625
9,36,55,CulturaX,900.125,1,91,True,25.00347222222222
34,157,232,CulturaX,4149.265625,5,263,False,26.42844347133758
64,275,375,CulturaX,7439.125,9,435,False,27.051363636363636
11,53,74,CulturaX,1406.890625,2,134,False,26.54510613207547
8,37,50,CulturaX,965.703125,2,134,False,26.10008445945946
9,38,54,CulturaX,945.25,1,91,True,24.875
20,91,126,CulturaX,2501.796875,3,177,False,27.49227335164835
12,47,66,CulturaX,1203.109375,2,134,False,25.59807180851064
12,49,70,CulturaX,1344.78125,2,134,False,27.444515306122447
11,49,65,CulturaX,1341.875,2,134,False,27.385204081632654
38,174,239,CulturaX,4623.078125,6,306,False,26.56941451149425
27,126,186,CulturaX,3453.953125,4,220,False,27.41232638888889
12,65,96,CulturaX,1845.625,2,134,False,28.39423076923077
26,120,163,CulturaX,3190.0,4,220,False,26.583333333333332
22,86,123,CulturaX,2328.765625,3,177,False,27.078670058139537
28,124,181,CulturaX,3496.75,4,220,False,28.199596774193548
12,64,91,CulturaX,1764.578125,2,134,False,27.571533203125
22,94,130,CulturaX,2471.453125,3,177,False,26.292054521276597
8,36,48,CulturaX,983.25,2,134,False,27.3125
9,45,63,CulturaX,1254.234375,2,134,False,27.871875
24,114,155,CulturaX,2961.75,4,220,False,25.980263157894736
13,60,79,CulturaX,1564.71875,2,134,False,26.078645833333333
12,52,72,CulturaX,1388.9375,2,134,False,26.71033653846154
7,24,36,CulturaX,655.390625,1,91,True,27.307942708333332
13,69,103,CulturaX,1854.90625,3,177,False,26.88269927536232
10,42,60,CulturaX,1242.015625,2,134,False,29.571800595238095
17,73,102,CulturaX,1916.953125,3,177,False,26.259631849315067
19,90,134,CulturaX,2413.234375,3,177,False,26.813715277777778
13,57,88,CulturaX,1558.90625,2,134,False,27.34923245614035
16,68,105,CulturaX,1922.5,3,177,False,28.272058823529413
22,94,135,CulturaX,2544.609375,3,177,False,27.0703125
7,30,43,CulturaX,816.140625,1,91,True,27.2046875
11,51,67,CulturaX,1193.046875,2,134,False,23.393075980392158
7,32,44,CulturaX,847.921875,1,91,True,26.49755859375
11,51,70,CulturaX,1346.359375,2,134,False,26.39920343137255
8,36,50,CulturaX,994.03125,2,134,False,27.611979166666668
46,212,298,CulturaX,5675.28125,7,349,False,26.7701945754717
11,49,68,CulturaX,1139.09375,2,134,False,23.246811224489797
10,33,45,CulturaX,893.5625,1,91,True,27.077651515151516
19,108,160,CulturaX,2848.03125,4,220,False,26.37065972222222
11,47,65,CulturaX,1176.484375,2,134,False,25.03158244680851
22,104,156,CulturaX,2851.640625,4,220,False,27.41962139423077
10,38,52,CulturaX,1036.5625,2,134,False,27.27796052631579
7,25,34,CulturaX,730.265625,1,91,True,29.210625
30,131,183,CulturaX,3444.15625,4,220,False,26.291269083969464
36,179,249,CulturaX,4569.65625,6,306,False,25.528805865921786
27,114,159,CulturaX,2957.234375,4,220,False,25.940652412280702
25,134,192,CulturaX,3625.875,5,263,False,27.058768656716417
31,132,186,CulturaX,3482.375,4,220,False,26.38162878787879
9,41,59,CulturaX,1077.921875,2,134,False,26.29077743902439
13,53,72,CulturaX,1403.46875,2,134,False,26.48054245283019
21,86,124,CulturaX,2363.59375,3,177,False,27.483648255813954
18,82,122,CulturaX,2274.640625,3,177,False,27.73951981707317
7,37,58,CulturaX,965.5,2,134,False,26.094594594594593
8,38,57,CulturaX,1035.703125,2,134,False,27.255345394736842
8,40,59,CulturaX,1069.421875,2,134,False,26.735546875
36,168,223,CulturaX,4167.796875,5,263,False,24.808314732142858
9,28,39,CulturaX,799.59375,1,91,True,28.556919642857142
11,51,72,CulturaX,1402.59375,2,134,False,27.501838235294116
7,31,42,CulturaX,767.0625,1,91,True,24.743951612903224
9,38,51,CulturaX,1050.765625,2,134,False,27.65172697368421
8,34,46,CulturaX,915.75,1,91,True,26.933823529411764
41,182,265,CulturaX,4896.90625,6,306,False,26.906078296703296
19,77,110,CulturaX,2053.203125,3,177,False,26.664975649350648
14,66,92,CulturaX,1711.5,2,134,False,25.931818181818183
16,64,89,CulturaX,1673.6875,2,134,False,26.1513671875
25,103,140,CulturaX,2798.296875,4,220,False,27.167930825242717
7,28,38,CulturaX,731.609375,1,91,True,26.12890625
16,74,106,CulturaX,1961.765625,3,177,False,26.510346283783782
44,205,286,CulturaX,5702.8125,7,349,False,27.81859756097561
38,168,241,CulturaX,4629.578125,6,306,False,27.557012648809526
9,36,52,CulturaX,984.890625,2,134,False,27.358072916666668
14,63,83,CulturaX,1670.90625,2,134,False,26.522321428571427
23,114,150,CulturaX,2973.0625,4,220,False,26.07949561403509
17,73,94,CulturaX,1898.4375,2,134,False,26.005993150684933
9,43,66,CulturaX,1140.0625,2,134,False,26.513081395348838
39,168,235,CulturaX,4722.921875,6,306,False,28.112630208333332
7,33,48,CulturaX,840.703125,1,91,True,25.475852272727273
35,129,174,CulturaX,3220.09375,4,220,False,24.961967054263567
15,66,90,CulturaX,1859.640625,3,177,False,28.176373106060606
17,70,95,CulturaX,1606.28125,2,134,False,22.946875
12,51,71,CulturaX,1390.765625,2,134,False,27.269914215686274
29,124,170,CulturaX,3265.453125,4,220,False,26.334299395161292
45,221,304,CulturaX,5861.734375,7,349,False,26.523684954751133
38,168,250,CulturaX,4750.109375,6,306,False,28.27446056547619
17,76,105,CulturaX,2015.03125,3,177,False,26.51356907894737
21,102,140,CulturaX,2537.515625,3,177,False,24.877604166666668
19,85,120,CulturaX,2322.625,3,177,False,27.325
24,125,184,CulturaX,3448.84375,4,220,False,27.59075
10,44,53,CulturaX,961.0,2,134,False,21.84090909090909
11,49,65,CulturaX,1293.171875,2,134,False,26.39126275510204
15,61,85,CulturaX,1563.21875,2,134,False,25.6265368852459
18,95,140,CulturaX,2558.0625,3,177,False,26.926973684210527
31,140,189,CulturaX,3673.0625,5,263,False,26.236160714285713
15,70,97,CulturaX,1835.90625,2,134,False,26.227232142857144
13,57,85,CulturaX,1567.09375,2,134,False,27.492872807017545
17,70,103,CulturaX,2005.578125,3,177,False,28.65111607142857
13,60,82,CulturaX,1594.71875,2,134,False,26.578645833333333
17,73,107,CulturaX,1915.09375,3,177,False,26.23416095890411
19,76,107,CulturaX,1953.703125,3,177,False,25.706620065789473
12,41,55,CulturaX,1067.359375,2,134,False,26.033155487804876
8,29,39,CulturaX,744.4375,1,91,True,25.670258620689655
9,31,37,CulturaX,771.0625,1,91,True,24.87298387096774
14,61,91,CulturaX,1662.15625,2,134,False,27.2484631147541
13,53,71,CulturaX,1332.75,2,134,False,25.14622641509434
16,68,93,CulturaX,1817.59375,2,134,False,26.729319852941178
16,74,98,CulturaX,1892.0,3,177,False,25.56756756756757
7,34,52,CulturaX,953.234375,1,91,True,28.036305147058822
19,83,116,CulturaX,2259.125,3,177,False,27.218373493975903
7,27,40,CulturaX,705.4375,1,91,True,26.127314814814813
9,41,49,CulturaX,848.78125,1,91,True,20.701981707317074
7,34,47,CulturaX,886.71875,1,91,True,26.079963235294116
9,33,51,CulturaX,954.21875,1,91,True,28.915719696969695
22,89,127,CulturaX,2530.75,3,177,False,28.435393258426966
20,97,145,CulturaX,2651.640625,3,177,False,27.336501288659793
47,204,290,CulturaX,5356.546875,6,306,False,26.257582720588236
8,42,65,CulturaX,1202.109375,2,134,False,28.621651785714285
14,63,87,CulturaX,1668.796875,2,134,False,26.488839285714285
10,49,60,CulturaX,1130.25,2,134,False,23.066326530612244
10,49,71,CulturaX,1341.734375,2,134,False,27.382334183673468
17,70,102,CulturaX,1923.625,3,177,False,27.480357142857144
8,28,36,CulturaX,717.421875,1,91,True,25.622209821428573
10,39,55,CulturaX,910.40625,1,91,True,23.34375
12,51,73,CulturaX,1335.625,2,134,False,26.188725490196077
11,58,86,CulturaX,1529.1875,2,134,False,26.365301724137932
14,54,68,CulturaX,1536.578125,2,134,False,28.455150462962962
12,56,76,CulturaX,1524.453125,2,134,False,27.222377232142858
23,102,140,CulturaX,2652.171875,3,177,False,26.001685049019606
10,42,61,CulturaX,1127.484375,2,134,False,26.844866071428573
15,67,94,CulturaX,1772.953125,2,134,False,26.46198694029851
18,87,123,CulturaX,2169.96875,3,177,False,24.942169540229884
16,83,113,CulturaX,2192.359375,3,177,False,26.413968373493976
8,37,48,CulturaX,938.34375,1,91,True,25.36064189189189
29,122,180,CulturaX,3296.90625,4,220,False,27.023821721311474
11,49,72,CulturaX,1275.140625,2,134,False,26.023278061224488
10,46,69,CulturaX,1312.375,2,134,False,28.529891304347824
22,96,148,CulturaX,2735.5625,4,220,False,28.495442708333332
36,181,259,CulturaX,4898.40625,6,306,False,27.063017955801104
27,130,190,CulturaX,3656.0,4,220,False,28.123076923076923
7,33,45,CulturaX,883.96875,1,91,True,26.786931818181817
9,44,66,CulturaX,1254.765625,2,134,False,28.517400568181817
11,51,59,CulturaX,1125.0625,2,134,False,22.060049019607842
38,171,250,CulturaX,4741.640625,6,306,False,27.72889254385965
79,362,498,CulturaX,9119.421875,10,478,False,25.191773135359117
15,72,94,CulturaX,1808.71875,2,134,False,25.12109375
27,121,179,CulturaX,3090.671875,4,220,False,25.54274276859504
11,47,66,CulturaX,1288.8125,2,134,False,27.42154255319149
10,47,69,CulturaX,1195.015625,2,134,False,25.42586436170213
19,79,111,CulturaX,2022.234375,3,177,False,25.597903481012658
22,87,118,CulturaX,2388.0625,3,177,False,27.448994252873565
20,70,96,CulturaX,1763.53125,2,134,False,25.193303571428572
126,558,762,CulturaX,14556.90625,16,736,False,26.087645609318997
23,92,122,CulturaX,2347.3125,3,177,False,25.514266304347824
8,41,57,CulturaX,1042.3125,2,134,False,25.422256097560975
29,147,209,CulturaX,3861.03125,5,263,False,26.265518707482993
8,54,62,CulturaX,1197.53125,2,134,False,22.17650462962963
15,55,74,CulturaX,1446.578125,2,134,False,26.301420454545454
10,48,71,CulturaX,1344.390625,2,134,False,28.008138020833332
10,39,53,CulturaX,1107.28125,2,134,False,28.391826923076923
38,144,208,CulturaX,3854.15625,5,263,False,26.764973958333332
13,53,76,CulturaX,1562.71875,2,134,False,29.485259433962263
31,137,190,CulturaX,3611.0,4,220,False,26.357664233576642
19,88,128,CulturaX,2386.40625,3,177,False,27.11825284090909
19,85,119,CulturaX,2217.234375,3,177,False,26.085110294117648
7,38,54,CulturaX,986.234375,2,134,False,25.953536184210527
10,54,75,CulturaX,1455.890625,2,134,False,26.9609375
7,34,53,CulturaX,853.765625,1,91,True,25.110753676470587
11,53,71,CulturaX,1393.90625,2,134,False,26.3001179245283
11,64,90,CulturaX,1655.234375,2,134,False,25.863037109375
10,46,54,CulturaX,800.390625,1,91,True,17.399796195652176
18,83,118,CulturaX,2317.75,3,177,False,27.924698795180724
25,125,182,CulturaX,3315.609375,4,220,False,26.524875
13,75,102,CulturaX,2048.21875,3,177,False,27.309583333333332
9,22,31,CulturaX,574.375,1,91,True,26.107954545454547
22,94,137,CulturaX,2636.109375,3,177,False,28.04371675531915
7,28,42,CulturaX,760.46875,1,91,True,27.159598214285715
33,154,230,CulturaX,4008.40625,5,263,False,26.02861201298701
16,70,101,CulturaX,1964.359375,3,177,False,28.062276785714285
26,118,166,CulturaX,3047.0625,4,220,False,25.822563559322035
11,46,66,CulturaX,1240.96875,2,134,False,26.97758152173913
45,206,299,CulturaX,5530.515625,6,306,False,26.84716322815534
9,38,55,CulturaX,1129.359375,2,134,False,29.71998355263158
12,50,74,CulturaX,1329.515625,2,134,False,26.5903125
27,113,165,CulturaX,3154.515625,4,220,False,27.916067477876105
72,340,498,CulturaX,8889.671875,10,478,False,26.14609375
30,129,176,CulturaX,3458.078125,4,220,False,26.806807170542637
9,34,48,CulturaX,862.40625,1,91,True,25.36488970588235
13,50,72,CulturaX,1416.609375,2,134,False,28.3321875
23,96,127,CulturaX,2483.5625,3,177,False,25.870442708333332
8,32,45,CulturaX,849.015625,1,91,True,26.53173828125
12,58,71,CulturaX,1409.046875,2,134,False,24.293911637931036
19,87,124,CulturaX,2365.859375,3,177,False,27.19378591954023
21,104,163,CulturaX,2820.734375,4,220,False,27.12244591346154
39,173,242,CulturaX,4447.875,5,263,False,25.710260115606935
22,95,130,CulturaX,2408.296875,3,177,False,25.350493421052633
18,81,118,CulturaX,2061.765625,3,177,False,25.453896604938272
16,77,114,CulturaX,2007.3125,3,177,False,26.068993506493506
26,135,187,CulturaX,3625.65625,5,263,False,26.856712962962963
20,98,141,CulturaX,2706.015625,3,177,False,27.612404336734695
36,171,251,CulturaX,4678.15625,6,306,False,27.35763888888889
15,69,88,CulturaX,1656.734375,2,134,False,24.010643115942027
72,313,403,CulturaX,7389.5625,8,392,False,23.60882587859425
15,65,89,CulturaX,1592.515625,2,134,False,24.500240384615385
27,121,163,CulturaX,3159.828125,4,220,False,26.11428202479339
29,115,167,CulturaX,3082.96875,4,220,False,26.808423913043477
15,66,91,CulturaX,1742.09375,2,134,False,26.395359848484848
15,74,114,CulturaX,1964.09375,3,177,False,26.54180743243243
42,188,274,CulturaX,4969.71875,6,306,False,26.43467420212766
12,37,54,CulturaX,952.28125,1,91,True,25.73733108108108
8,29,37,CulturaX,757.203125,1,91,True,26.110452586206897
28,123,177,CulturaX,3237.75,4,220,False,26.323170731707318
8,45,58,CulturaX,1055.03125,2,134,False,23.445138888888888
21,103,145,CulturaX,2791.671875,4,220,False,27.103610436893202
7,28,40,CulturaX,759.46875,1,91,True,27.123883928571427
22,102,134,CulturaX,2189.875,3,177,False,21.46936274509804
8,37,54,CulturaX,992.125,2,134,False,26.81418918918919
27,123,181,CulturaX,3319.96875,4,220,False,26.991615853658537
18,84,118,CulturaX,2294.078125,3,177,False,27.31045386904762
15,64,90,CulturaX,1812.3125,2,134,False,28.3173828125
16,67,89,CulturaX,1777.875,2,134,False,26.53544776119403
9,42,61,CulturaX,1129.328125,2,134,False,26.88876488095238
16,71,97,CulturaX,1749.59375,2,134,False,24.642165492957748
22,96,145,CulturaX,2734.953125,4,220,False,28.489095052083332
9,40,60,CulturaX,1168.203125,2,134,False,29.205078125
27,113,152,CulturaX,2997.015625,4,220,False,26.522262168141594
8,36,53,CulturaX,1004.28125,2,134,False,27.89670138888889
9,42,60,CulturaX,1112.984375,2,134,False,26.499627976190474
7,32,50,CulturaX,951.703125,1,91,True,29.74072265625
29,138,197,CulturaX,3612.46875,5,263,False,26.177309782608695
14,66,94,CulturaX,1795.171875,2,134,False,27.199573863636363
61,296,428,CulturaX,8010.96875,9,435,False,27.064083614864863
63,269,387,CulturaX,7149.5625,8,392,False,26.578299256505577
41,180,257,CulturaX,4722.8125,6,306,False,26.23784722222222
53,336,428,CulturaX,7410.9375,9,435,False,22.056361607142858
12,55,80,CulturaX,1486.375,2,134,False,27.025
8,40,55,CulturaX,1099.59375,2,134,False,27.48984375
16,70,90,CulturaX,1827.0,2,134,False,26.1
7,20,30,CulturaX,510.328125,1,91,True,25.51640625
13,55,77,CulturaX,1561.421875,2,134,False,28.389488636363637
12,45,60,CulturaX,1073.5,2,134,False,23.855555555555554
11,50,69,CulturaX,1338.234375,2,134,False,26.7646875
7,30,40,CulturaX,789.828125,1,91,True,26.327604166666667
12,54,75,CulturaX,1422.390625,2,134,False,26.34056712962963
10,39,55,CulturaX,1061.84375,2,134,False,27.22676282051282
19,85,115,CulturaX,2214.3125,3,177,False,26.050735294117647
14,67,97,CulturaX,1779.046875,2,134,False,26.55293843283582
8,33,47,CulturaX,903.15625,1,91,True,27.36837121212121
13,48,63,CulturaX,1330.59375,2,134,False,27.720703125
24,107,150,CulturaX,2911.875,4,220,False,27.213785046728972
17,81,120,CulturaX,2123.75,3,177,False,26.219135802469136
17,90,131,CulturaX,2480.75,3,177,False,27.56388888888889
11,54,85,CulturaX,1457.3125,2,134,False,26.98726851851852
34,140,204,CulturaX,3606.8125,4,220,False,25.76294642857143
28,130,165,CulturaX,3424.0,4,220,False,26.338461538461537
30,134,184,CulturaX,3524.765625,4,220,False,26.30422108208955
34,151,214,CulturaX,4078.21875,5,263,False,27.00807119205298
14,64,99,CulturaX,1809.578125,2,134,False,28.274658203125
16,73,88,CulturaX,1824.078125,2,134,False,24.987371575342465
18,71,94,CulturaX,1814.625,2,134,False,25.558098591549296
15,66,102,CulturaX,1721.6875,2,134,False,26.086174242424242
7,34,50,CulturaX,896.8125,1,91,True,26.376838235294116
23,110,157,CulturaX,2952.140625,4,220,False,26.837642045454544
12,63,86,CulturaX,1651.28125,2,134,False,26.21081349206349
17,80,114,CulturaX,2173.09375,3,177,False,27.163671875
9,46,69,CulturaX,1183.421875,2,134,False,25.7265625
20,95,134,CulturaX,2451.78125,3,177,False,25.808223684210525
26,112,161,CulturaX,3026.109375,4,220,False,27.018833705357142
20,78,114,CulturaX,2176.109375,3,177,False,27.898838141025642
8,48,70,CulturaX,1287.890625,2,134,False,26.8310546875
7,36,58,CulturaX,962.59375,2,134,False,26.73871527777778
36,163,225,CulturaX,4253.828125,5,263,False,26.097105061349694
17,85,126,CulturaX,2269.0,3,177,False,26.694117647058825
16,60,86,CulturaX,1691.25,2,134,False,28.1875
33,142,193,CulturaX,3590.890625,4,220,False,25.287962147887324
13,55,76,CulturaX,1421.953125,2,134,False,25.853693181818183
8,27,39,CulturaX,669.546875,1,91,True,24.79803240740741
9,42,54,CulturaX,1134.328125,2,134,False,27.0078125
12,60,79,CulturaX,1452.328125,2,134,False,24.20546875
15,78,104,CulturaX,1892.484375,3,177,False,24.262620192307693
14,66,94,CulturaX,1835.234375,2,134,False,27.806581439393938
8,31,43,CulturaX,815.828125,1,91,True,26.31703629032258
11,57,85,CulturaX,1428.03125,2,134,False,25.053179824561404
7,27,37,CulturaX,724.359375,1,91,True,26.828125
36,184,277,CulturaX,5101.671875,6,306,False,27.72647758152174
16,60,78,CulturaX,1571.484375,2,134,False,26.19140625
20,81,124,CulturaX,2065.046875,3,177,False,25.49440586419753
13,54,81,CulturaX,1427.953125,2,134,False,26.44357638888889
26,122,175,CulturaX,3288.78125,4,220,False,26.95722336065574
7,35,48,CulturaX,952.296875,1,91,True,27.208482142857143
23,119,172,CulturaX,3090.703125,4,220,False,25.972295168067227
29,128,184,CulturaX,3459.328125,4,220,False,27.0260009765625
17,73,104,CulturaX,1819.625,2,134,False,24.926369863013697
13,55,77,CulturaX,1535.265625,2,134,False,27.913920454545455
11,60,81,CulturaX,1408.90625,2,134,False,23.481770833333332
13,58,81,CulturaX,1588.28125,2,134,False,27.38415948275862
7,29,41,CulturaX,784.640625,1,91,True,27.056573275862068
13,58,84,CulturaX,1742.015625,2,134,False,30.034752155172413
8,36,54,CulturaX,934.96875,1,91,True,25.971354166666668
8,30,39,CulturaX,768.828125,1,91,True,25.627604166666668
12,51,67,CulturaX,1332.25,2,134,False,26.122549019607842
22,107,157,CulturaX,3061.515625,4,220,False,28.612295560747665
34,146,203,CulturaX,4092.21875,5,263,False,28.028895547945204
14,58,85,CulturaX,1623.25,2,134,False,27.987068965517242
7,24,33,CulturaX,702.453125,1,91,True,29.268880208333332
10,36,51,CulturaX,963.5,2,134,False,26.76388888888889
15,74,93,CulturaX,1809.421875,2,134,False,24.45164695945946
8,30,42,CulturaX,851.75,1,91,True,28.391666666666666
28,121,171,CulturaX,3134.640625,4,220,False,25.906120867768596
13,52,73,CulturaX,1353.484375,2,134,False,26.028545673076923
20,97,141,CulturaX,2709.234375,3,177,False,27.930251288659793
8,33,46,CulturaX,880.796875,1,91,True,26.690814393939394
26,101,145,CulturaX,2725.65625,3,177,False,26.986695544554454
20,87,117,CulturaX,2262.6875,3,177,False,26.007902298850574
54,233,337,CulturaX,6395.0625,8,392,False,27.44662017167382
13,55,84,CulturaX,1503.15625,2,134,False,27.330113636363638
10,49,64,CulturaX,1197.40625,2,134,False,24.43686224489796
19,82,117,CulturaX,2251.171875,3,177,False,27.453315548780488
15,68,99,CulturaX,1826.34375,2,134,False,26.857996323529413
14,57,83,CulturaX,1571.8125,2,134,False,27.575657894736842
11,44,60,CulturaX,1126.078125,2,134,False,25.59268465909091
16,67,97,CulturaX,1798.109375,2,134,False,26.837453358208954
46,217,303,CulturaX,5883.859375,7,349,False,27.114559331797235
37,185,254,CulturaX,5061.84375,6,306,False,27.361317567567568
21,94,129,CulturaX,2294.828125,3,177,False,24.41306515957447
14,54,72,CulturaX,1412.0625,2,134,False,26.149305555555557
19,80,110,CulturaX,2079.625,3,177,False,25.9953125
8,38,51,CulturaX,911.234375,1,91,True,23.97985197368421
10,37,47,CulturaX,938.265625,1,91,True,25.358530405405407
56,256,355,CulturaX,6701.6875,8,392,False,26.178466796875
7,26,36,CulturaX,710.359375,1,91,True,27.321514423076923
16,68,97,CulturaX,1857.828125,2,134,False,27.321001838235293
16,65,86,CulturaX,1740.59375,2,134,False,26.778365384615384
24,100,143,CulturaX,2718.109375,3,177,False,27.18109375
16,74,103,CulturaX,1990.984375,3,177,False,26.905194256756758
59,228,334,CulturaX,6241.671875,7,349,False,27.375753837719298
12,50,70,CulturaX,1405.96875,2,134,False,28.119375
8,30,39,CulturaX,785.265625,1,91,True,26.175520833333334
28,138,198,CulturaX,3659.640625,5,263,False,26.519134963768117
7,37,55,CulturaX,1071.65625,2,134,False,28.96368243243243
35,178,259,CulturaX,4616.140625,5,263,False,25.93337429775281
49,240,338,CulturaX,6368.3125,7,349,False,26.534635416666667
10,34,48,CulturaX,839.671875,1,91,True,24.696231617647058
7,30,43,CulturaX,821.375,1,91,True,27.379166666666666
8,40,58,CulturaX,995.1875,2,134,False,24.8796875
11,45,61,CulturaX,1240.53125,2,134,False,27.56736111111111
12,46,65,CulturaX,1264.921875,2,134,False,27.49830163043478
36,162,233,CulturaX,4069.859375,5,263,False,25.122588734567902
21,103,148,CulturaX,2981.5,4,220,False,28.946601941747574
23,102,144,CulturaX,2497.21875,3,177,False,24.482536764705884
10,43,57,CulturaX,1168.296875,2,134,False,27.16969476744186
7,30,42,CulturaX,852.984375,1,91,True,28.4328125
46,220,311,CulturaX,5789.90625,7,349,False,26.31775568181818
10,47,69,CulturaX,1101.609375,2,134,False,23.43849734042553
16,71,101,CulturaX,1796.390625,2,134,False,25.301276408450704
14,60,90,CulturaX,1621.0,2,134,False,27.016666666666666
7,32,42,CulturaX,879.3125,1,91,True,27.478515625
19,84,127,CulturaX,2143.03125,3,177,False,25.512276785714285
11,48,75,CulturaX,1297.34375,2,134,False,27.027994791666668
16,70,101,CulturaX,1999.46875,3,177,False,28.563839285714284
20,93,132,CulturaX,2532.546875,3,177,False,27.231686827956988
14,60,77,CulturaX,1566.109375,2,134,False,26.101822916666666
41,177,244,CulturaX,4620.078125,6,306,False,26.102136299435028
7,27,34,CulturaX,736.1875,1,91,True,27.266203703703702
16,78,109,CulturaX,2058.546875,3,177,False,26.391626602564102
7,30,44,CulturaX,910.96875,1,91,True,30.365625
16,73,110,CulturaX,1992.640625,3,177,False,27.29644691780822
8,39,58,CulturaX,1100.0625,2,134,False,28.20673076923077
16,70,103,CulturaX,1828.5,2,134,False,26.12142857142857
9,34,55,CulturaX,983.09375,2,134,False,28.91452205882353
7,30,41,CulturaX,773.578125,1,91,True,25.7859375
24,115,162,CulturaX,3182.625,4,220,False,27.675
20,104,156,CulturaX,2835.171875,4,220,False,27.261268028846153
11,49,73,CulturaX,1371.6875,2,134,False,27.993622448979593
12,55,73,CulturaX,1471.53125,2,134,False,26.755113636363635
34,152,227,CulturaX,4196.96875,5,263,False,27.611636513157894
7,32,48,CulturaX,931.40625,1,91,True,29.1064453125
18,65,85,CulturaX,1540.078125,2,134,False,23.693509615384617
14,61,86,CulturaX,1628.96875,2,134,False,26.704405737704917
21,86,124,CulturaX,2263.484375,3,177,False,26.319585755813954
11,57,87,CulturaX,1641.171875,2,134,False,28.79248903508772
9,42,58,CulturaX,1032.5625,2,134,False,24.584821428571427
17,84,118,CulturaX,2224.109375,3,177,False,26.47749255952381
17,80,108,CulturaX,2143.59375,3,177,False,26.794921875
44,224,329,CulturaX,5913.546875,7,349,False,26.399762834821427
14,66,95,CulturaX,1780.140625,2,134,False,26.971827651515152
9,38,55,CulturaX,1026.84375,2,134,False,27.02220394736842
38,159,234,CulturaX,4525.453125,6,306,False,28.46196933962264
11,45,59,CulturaX,1184.265625,2,134,False,26.317013888888887
17,84,117,CulturaX,2162.03125,3,177,False,25.738467261904763
12,49,70,CulturaX,1418.046875,2,134,False,28.939732142857142
9,35,50,CulturaX,988.625,2,134,False,28.24642857142857
63,284,401,CulturaX,7555.265625,9,435,False,26.603047975352112
12,61,86,CulturaX,1681.296875,2,134,False,27.562243852459016
26,115,159,CulturaX,3050.453125,4,220,False,26.525679347826088
7,24,36,CulturaX,634.828125,1,91,True,26.451171875
19,81,111,CulturaX,2112.625,3,177,False,26.08179012345679
32,160,222,CulturaX,4108.21875,5,263,False,25.6763671875
41,176,243,CulturaX,4554.578125,5,263,False,25.878284801136363
27,100,138,CulturaX,2546.96875,3,177,False,25.4696875
64,292,409,CulturaX,7752.171875,9,435,False,26.54853381849315
32,135,199,CulturaX,3647.875,4,220,False,27.021296296296295
11,62,82,CulturaX,1437.8125,2,134,False,23.190524193548388
11,54,74,CulturaX,1437.0625,2,134,False,26.61226851851852
30,122,167,CulturaX,3168.40625,4,220,False,25.970543032786885
19,87,117,CulturaX,2443.84375,3,177,False,28.090158045977013
17,83,129,CulturaX,2345.8125,3,177,False,28.262801204819276
9,32,45,CulturaX,849.296875,1,91,True,26.54052734375
33,155,224,CulturaX,4143.46875,5,263,False,26.732056451612902
10,34,45,CulturaX,897.71875,1,91,True,26.403492647058822
40,188,247,CulturaX,4574.515625,6,306,False,24.332529920212767
7,34,51,CulturaX,906.109375,1,91,True,26.650275735294116
19,76,106,CulturaX,1972.65625,3,177,False,25.956003289473685
33,160,220,CulturaX,4299.65625,5,263,False,26.8728515625
36,201,238,CulturaX,4209.9375,5,263,False,20.944962686567163
13,56,81,CulturaX,1561.859375,2,134,False,27.890345982142858
8,29,41,CulturaX,781.0,1,91,True,26.93103448275862
8,49,75,CulturaX,1409.5,2,134,False,28.76530612244898
18,69,102,CulturaX,1932.1875,3,177,False,28.002717391304348
16,82,118,CulturaX,2168.109375,3,177,False,26.440358231707318
7,25,34,CulturaX,651.296875,1,91,True,26.051875
21,90,119,CulturaX,2310.015625,3,177,False,25.666840277777776
34,163,241,CulturaX,4375.375,5,263,False,26.842791411042946
20,85,117,CulturaX,2313.953125,3,177,False,27.22297794117647
9,46,67,CulturaX,1289.875,2,134,False,28.04076086956522
11,46,61,CulturaX,1200.375,2,134,False,26.095108695652176
22,99,119,CulturaX,2318.3125,3,177,False,23.41729797979798
9,35,51,CulturaX,953.1875,1,91,True,27.23392857142857
16,61,76,CulturaX,1523.734375,2,134,False,24.979252049180328
9,40,55,CulturaX,1059.515625,2,134,False,26.487890625
14,58,84,CulturaX,1623.109375,2,134,False,27.984644396551722
12,60,90,CulturaX,1526.09375,2,134,False,25.434895833333332
9,29,42,CulturaX,775.484375,1,91,True,26.74084051724138
10,45,56,CulturaX,1190.3125,2,134,False,26.45138888888889
18,93,139,CulturaX,2602.34375,3,177,False,27.982190860215052
25,122,178,CulturaX,3120.09375,4,220,False,25.57453893442623
15,66,97,CulturaX,1653.0625,2,134,False,25.046401515151516
23,99,130,CulturaX,2679.453125,3,177,False,27.06518308080808
27,98,140,CulturaX,2715.90625,4,220,False,27.713329081632654
12,50,69,CulturaX,1299.453125,2,134,False,25.9890625
24,100,148,CulturaX,2705.109375,3,177,False,27.05109375
7,31,39,CulturaX,735.59375,1,91,True,23.728830645161292
9,42,56,CulturaX,1085.65625,2,134,False,25.848958333333332
31,146,204,CulturaX,3958.640625,5,263,False,27.113976883561644
7,25,34,CulturaX,694.375,1,91,True,27.775
11,52,78,CulturaX,1423.1875,2,134,False,27.368990384615383
16,71,102,CulturaX,1856.09375,2,134,False,26.142165492957748
9,49,68,CulturaX,1193.3125,2,134,False,24.353316326530614
31,146,200,CulturaX,3832.796875,5,263,False,26.252033390410958
31,168,216,CulturaX,4190.578125,5,263,False,24.943917410714285
8,29,41,CulturaX,803.140625,1,91,True,27.69450431034483
16,67,91,CulturaX,1679.453125,2,134,False,25.066464552238806
32,132,186,CulturaX,3540.34375,4,220,False,26.820785984848484
7,41,52,CulturaX,906.3125,1,91,True,22.10518292682927
30,115,166,CulturaX,3115.453125,4,220,False,27.090896739130436
15,67,88,CulturaX,1785.40625,2,134,False,26.64785447761194
7,32,47,CulturaX,884.046875,1,91,True,27.62646484375
11,47,63,CulturaX,1224.21875,2,134,False,26.04720744680851
10,40,60,CulturaX,1146.484375,2,134,False,28.662109375
30,122,163,CulturaX,2947.109375,4,220,False,24.156634221311474
21,80,116,CulturaX,2137.78125,3,177,False,26.722265625
11,48,72,CulturaX,1397.78125,2,134,False,29.120442708333332
11,41,61,CulturaX,1273.4375,2,134,False,31.059451219512194
8,29,39,CulturaX,818.296875,1,91,True,28.217133620689655
18,69,90,CulturaX,1740.34375,2,134,False,25.222373188405797
17,72,100,CulturaX,1890.328125,2,134,False,26.254557291666668
9,37,45,CulturaX,895.453125,1,91,True,24.20143581081081
10,33,46,CulturaX,909.125,1,91,True,27.549242424242426
31,137,191,CulturaX,3579.34375,4,220,False,26.126596715328468
16,85,123,CulturaX,2457.546875,3,177,False,28.91231617647059
9,28,39,CulturaX,782.9375,1,91,True,27.962053571428573
16,65,96,CulturaX,1749.890625,2,134,False,26.92139423076923
7,34,40,CulturaX,776.21875,1,91,True,22.829963235294116
15,77,115,CulturaX,1973.234375,3,177,False,25.626420454545453
16,74,105,CulturaX,1721.53125,2,134,False,23.26393581081081
11,63,90,CulturaX,1623.75,2,134,False,25.773809523809526
8,34,48,CulturaX,936.21875,1,91,True,27.535845588235293
15,57,76,CulturaX,1465.890625,2,134,False,25.71737938596491
19,81,102,CulturaX,2080.53125,3,177,False,25.68557098765432
27,126,169,CulturaX,3334.53125,4,220,False,26.46453373015873
18,77,112,CulturaX,2053.34375,3,177,False,26.666801948051948
17,72,103,CulturaX,1994.921875,3,177,False,27.70724826388889
14,54,78,CulturaX,1428.4375,2,134,False,26.452546296296298
27,124,186,CulturaX,3445.140625,4,220,False,27.783392137096776
12,39,54,CulturaX,995.53125,2,134,False,25.526442307692307
9,43,63,CulturaX,1142.96875,2,134,False,26.580668604651162
14,70,102,CulturaX,1810.25,3,177,False,25.860714285714284
21,92,122,CulturaX,2226.453125,3,177,False,24.200577445652176
18,74,102,CulturaX,1922.171875,3,177,False,25.97529560810811
23,103,144,CulturaX,2750.890625,4,220,False,26.707675970873787
46,177,231,CulturaX,4600.0625,5,263,False,25.989053672316384
9,37,58,CulturaX,1057.703125,2,134,False,28.586570945945947
7,25,36,CulturaX,704.296875,1,91,True,28.171875
26,114,152,CulturaX,3086.796875,4,220,False,27.07716557017544
19,75,104,CulturaX,1932.53125,3,177,False,25.767083333333332
12,53,68,CulturaX,1464.5625,2,134,False,27.63325471698113
10,37,52,CulturaX,1013.734375,2,134,False,27.39822635135135
10,41,57,CulturaX,1083.703125,2,134,False,26.431783536585368
9,43,65,CulturaX,1188.640625,2,134,False,27.64280523255814
34,158,224,CulturaX,4303.296875,5,263,False,27.236056170886076
26,122,183,CulturaX,3140.140625,4,220,False,25.738857581967213
18,85,124,CulturaX,2410.71875,3,177,False,28.36139705882353
26,113,163,CulturaX,3084.109375,4,220,False,27.29300331858407
14,79,120,CulturaX,2201.21875,3,177,False,27.863528481012658
13,65,85,CulturaX,1549.046875,2,134,False,23.831490384615385
7,32,46,CulturaX,802.234375,1,91,True,25.06982421875
18,66,93,CulturaX,1672.671875,2,134,False,25.343513257575758
23,110,155,CulturaX,3086.203125,4,220,False,28.056392045454544
34,159,228,CulturaX,4106.875,5,263,False,25.82940251572327
11,54,81,CulturaX,1417.890625,2,134,False,26.257233796296298
13,43,61,CulturaX,1160.0,2,134,False,26.976744186046513
19,76,110,CulturaX,1942.828125,3,177,False,25.563527960526315
10,37,52,CulturaX,1014.5,2,134,False,27.41891891891892
45,186,267,CulturaX,5067.671875,6,306,False,27.245547715053764
11,50,67,CulturaX,1352.359375,2,134,False,27.0471875
51,226,307,CulturaX,6001.40625,7,349,False,26.554894911504423
7,29,43,CulturaX,850.21875,1,91,True,29.317887931034484
9,39,58,CulturaX,1026.265625,2,134,False,26.314503205128204
9,35,47,CulturaX,925.265625,1,91,True,26.436160714285716
9,48,72,CulturaX,1355.25,2,134,False,28.234375
60,282,401,CulturaX,7472.296875,9,435,False,26.49750664893617
17,70,107,CulturaX,2146.109375,3,177,False,30.658705357142857
9,38,56,CulturaX,973.46875,2,134,False,25.617598684210527
15,64,88,CulturaX,1730.109375,2,134,False,27.032958984375
16,82,117,CulturaX,2262.53125,3,177,False,27.591844512195124
10,37,48,CulturaX,980.5625,2,134,False,26.50168918918919
12,47,67,CulturaX,1267.71875,2,134,False,26.97273936170213
14,59,89,CulturaX,1642.875,2,134,False,27.845338983050848
11,47,69,CulturaX,1304.71875,2,134,False,27.75997340425532
23,102,144,CulturaX,2963.9375,4,220,False,29.058210784313726
52,222,299,CulturaX,5562.53125,6,306,False,25.05644707207207
10,38,52,CulturaX,977.875,2,134,False,25.73355263157895
45,186,260,CulturaX,5090.90625,6,306,False,27.37046370967742
11,42,52,CulturaX,1084.8125,2,134,False,25.828869047619047
9,39,53,CulturaX,1029.453125,2,134,False,26.396233974358974
19,84,124,CulturaX,2294.390625,3,177,False,27.314174107142858
15,81,102,CulturaX,2064.1875,3,177,False,25.483796296296298
9,44,61,CulturaX,1094.078125,2,134,False,24.865411931818183
14,65,85,CulturaX,1657.4375,2,134,False,25.49903846153846
40,182,259,CulturaX,4760.0625,6,306,False,26.154189560439562
14,64,94,CulturaX,1793.0,2,134,False,28.015625
18,69,98,CulturaX,1996.28125,3,177,False,28.93161231884058
44,183,258,CulturaX,4908.421875,6,306,False,26.821977459016395
16,62,92,CulturaX,1791.34375,2,134,False,28.89264112903226
25,122,176,CulturaX,3223.3125,4,220,False,26.420594262295083
10,39,52,CulturaX,1026.5,2,134,False,26.32051282051282
23,105,147,CulturaX,2729.84375,3,177,False,25.998511904761905
11,63,86,CulturaX,1635.53125,2,134,False,25.96081349206349
22,103,146,CulturaX,2871.25,4,220,False,27.87621359223301
10,39,51,CulturaX,1068.71875,2,134,False,27.403044871794872
11,54,79,CulturaX,1444.375,2,134,False,26.747685185185187
19,89,131,CulturaX,2394.390625,3,177,False,26.9032654494382
15,80,113,CulturaX,2166.59375,3,177,False,27.082421875
7,23,33,CulturaX,651.3125,1,91,True,28.317934782608695
30,126,182,CulturaX,3569.609375,4,220,False,28.330233134920636
7,31,43,CulturaX,835.09375,1,91,True,26.938508064516128
29,125,189,CulturaX,3377.359375,4,220,False,27.018875
22,96,136,CulturaX,2500.265625,3,177,False,26.04443359375
18,78,113,CulturaX,2123.0625,3,177,False,27.21875
29,147,207,CulturaX,4013.03125,5,263,False,27.29953231292517
9,40,59,CulturaX,1127.921875,2,134,False,28.198046875
28,122,173,CulturaX,3193.21875,4,220,False,26.17392418032787
19,87,116,CulturaX,2218.9375,3,177,False,25.505028735632184
9,37,52,CulturaX,998.21875,2,134,False,26.978885135135137
36,165,228,CulturaX,4195.6875,5,263,False,25.428409090909092
17,101,144,CulturaX,2523.875,3,177,False,24.988861386138613
16,60,86,CulturaX,1632.71875,2,134,False,27.211979166666666
9,39,54,CulturaX,1055.53125,2,134,False,27.064903846153847
16,70,96,CulturaX,1757.609375,2,134,False,25.108705357142856
50,214,316,CulturaX,5799.140625,7,349,False,27.09878796728972
19,76,103,CulturaX,2149.359375,3,177,False,28.281044407894736
9,33,45,CulturaX,889.515625,1,91,True,26.955018939393938
15,53,81,CulturaX,1461.609375,2,134,False,27.57753537735849
14,63,94,CulturaX,1723.109375,2,134,False,27.35094246031746
42,190,264,CulturaX,5066.25,6,306,False,26.664473684210527
14,53,79,CulturaX,1577.1875,2,134,False,29.75825471698113
12,55,84,CulturaX,1562.828125,2,134,False,28.415056818181817
24,111,160,CulturaX,3060.546875,4,220,False,27.57249436936937
29,136,201,CulturaX,3726.875,5,263,False,27.403492647058822
21,98,136,CulturaX,2558.671875,3,177,False,26.108896683673468
11,41,55,CulturaX,1094.765625,2,134,False,26.7016006097561
7,32,44,CulturaX,820.96875,1,91,True,25.6552734375
8,30,38,CulturaX,720.421875,1,91,True,24.0140625
7,24,32,CulturaX,632.21875,1,91,True,26.342447916666668
21,90,127,CulturaX,2449.5,3,177,False,27.216666666666665
7,27,40,CulturaX,761.359375,1,91,True,28.19849537037037
10,49,69,CulturaX,1373.265625,2,134,False,28.025829081632654
24,113,167,CulturaX,2933.671875,4,220,False,25.961698008849556
26,123,176,CulturaX,3352.625,4,220,False,27.257113821138212
8,37,56,CulturaX,960.3125,2,134,False,25.95439189189189
25,113,163,CulturaX,2929.0,4,220,False,25.920353982300885
14,62,90,CulturaX,1634.5625,2,134,False,26.36391129032258
8,43,65,CulturaX,1086.359375,2,134,False,25.264171511627907
8,33,46,CulturaX,919.78125,1,91,True,27.87215909090909
25,108,151,CulturaX,2808.28125,3,177,False,26.002604166666668
39,181,258,CulturaX,5146.46875,6,306,False,28.43352900552486
23,94,121,CulturaX,2340.515625,3,177,False,24.89910239361702
8,30,40,CulturaX,773.0,1,91,True,25.766666666666666
7,28,37,CulturaX,755.515625,1,91,True,26.982700892857142
8,45,57,CulturaX,1013.296875,2,134,False,22.517708333333335
15,59,83,CulturaX,1680.078125,2,134,False,28.475900423728813
10,41,53,CulturaX,1000.15625,2,134,False,24.39405487804878
8,26,39,CulturaX,720.484375,1,91,True,27.7109375
18,89,139,CulturaX,2432.609375,3,177,False,27.332689606741575
10,46,60,CulturaX,1237.25,2,134,False,26.89673913043478
39,170,230,CulturaX,4448.5625,5,263,False,26.168014705882353
38,159,219,CulturaX,4144.5,5,263,False,26.066037735849058
8,61,78,CulturaX,1390.5,2,134,False,22.795081967213115
7,28,40,CulturaX,763.90625,1,91,True,27.282366071428573
7,28,42,CulturaX,713.984375,1,91,True,25.499441964285715
13,50,75,CulturaX,1416.046875,2,134,False,28.3209375
10,41,52,CulturaX,1050.640625,2,134,False,25.625381097560975
7,26,38,CulturaX,680.046875,1,91,True,26.15564903846154
54,240,342,CulturaX,6267.359375,7,349,False,26.113997395833334
10,48,70,CulturaX,1341.453125,2,134,False,27.946940104166668
8,30,40,CulturaX,839.03125,1,91,True,27.967708333333334
29,118,160,CulturaX,2978.046875,4,220,False,25.23768538135593
8,33,45,CulturaX,801.828125,1,91,True,24.29782196969697
21,89,131,CulturaX,2592.03125,3,177,False,29.12394662921348
7,34,47,CulturaX,863.34375,1,91,True,25.392463235294116
27,124,169,CulturaX,2988.046875,4,220,False,24.097152217741936
9,37,57,CulturaX,991.46875,2,134,False,26.7964527027027
11,50,71,CulturaX,1311.03125,2,134,False,26.220625
11,41,60,CulturaX,1169.453125,2,134,False,28.523246951219512
11,48,59,CulturaX,1231.125,2,134,False,25.6484375
11,54,75,CulturaX,1332.109375,2,134,False,24.66869212962963
53,219,296,CulturaX,5679.890625,7,349,False,25.935573630136986
19,76,104,CulturaX,1925.078125,2,134,False,25.32997532894737
25,95,137,CulturaX,2519.96875,3,177,False,26.52598684210526
15,85,101,CulturaX,1945.015625,3,177,False,22.882536764705883
8,29,42,CulturaX,732.734375,1,91,True,25.266702586206897
9,33,50,CulturaX,917.625,1,91,True,27.806818181818183
11,47,63,CulturaX,1208.578125,2,134,False,25.71442819148936
13,68,97,CulturaX,1870.75,2,134,False,27.511029411764707
27,105,150,CulturaX,2647.21875,3,177,False,25.211607142857144
15,59,86,CulturaX,1608.03125,2,134,False,27.254766949152543
35,154,233,CulturaX,3937.578125,5,263,False,25.568689123376622
9,45,60,CulturaX,1187.140625,2,134,False,26.380902777777777
40,185,262,CulturaX,5001.546875,6,306,False,27.035388513513514
8,28,42,CulturaX,814.4375,1,91,True,29.087053571428573
7,28,42,CulturaX,757.171875,1,91,True,27.041852678571427
11,46,66,CulturaX,1187.421875,2,134,False,25.81351902173913
27,126,174,CulturaX,3344.640625,4,220,False,26.544766865079364
7,27,40,CulturaX,683.171875,1,91,True,25.302662037037038
15,73,99,CulturaX,1932.671875,3,177,False,26.47495719178082
7,32,42,CulturaX,762.15625,1,91,True,23.8173828125
52,218,304,CulturaX,5675.484375,7,349,False,26.034331995412845
13,57,83,CulturaX,1474.015625,2,134,False,25.859923245614034
9,47,62,CulturaX,1168.625,2,134,False,24.86436170212766
19,76,113,CulturaX,2153.78125,3,177,False,28.33922697368421
9,41,59,CulturaX,1202.625,2,134,False,29.33231707317073
8,31,44,CulturaX,861.59375,1,91,True,27.793346774193548
7,32,46,CulturaX,875.9375,1,91,True,27.373046875
8,38,55,CulturaX,1059.265625,2,134,False,27.875411184210527
34,153,206,CulturaX,4065.578125,5,263,False,26.572406045751634
29,147,208,CulturaX,3857.5625,5,263,False,26.24192176870748
16,66,98,CulturaX,1777.25,2,134,False,26.928030303030305
14,76,113,CulturaX,2111.46875,3,177,False,27.78248355263158
25,116,155,CulturaX,3025.890625,4,220,False,26.08526400862069
35,172,252,CulturaX,4710.625,6,306,False,27.38735465116279
28,118,165,CulturaX,3264.4375,4,220,False,27.664724576271187
14,72,93,CulturaX,1853.75,2,134,False,25.74652777777778
33,144,193,CulturaX,3701.671875,5,263,False,25.7060546875
7,31,38,CulturaX,738.234375,1,91,True,23.814012096774192
11,57,72,CulturaX,1413.46875,2,134,False,24.79769736842105
48,231,321,CulturaX,6351.53125,7,349,False,27.49580627705628
15,71,103,CulturaX,1890.5625,3,177,False,26.627640845070424
16,80,123,CulturaX,2179.375,3,177,False,27.2421875
7,33,45,CulturaX,860.671875,1,91,True,26.08096590909091
35,159,215,CulturaX,4060.578125,5,263,False,25.53822720125786
20,89,128,CulturaX,2356.078125,3,177,False,26.472787921348313
10,48,67,CulturaX,1299.796875,2,134,False,27.0791015625
7,55,73,CulturaX,1152.546875,2,134,False,20.95539772727273
33,120,173,CulturaX,3268.390625,4,220,False,27.236588541666666
11,51,63,CulturaX,1138.40625,2,134,False,22.321691176470587
12,53,75,CulturaX,1381.65625,2,134,False,26.068985849056602
20,104,142,CulturaX,2878.3125,4,220,False,27.67608173076923
11,63,80,CulturaX,1510.859375,2,134,False,23.981894841269842
10,40,57,CulturaX,1109.78125,2,134,False,27.74453125
43,185,229,CulturaX,4561.28125,6,306,False,24.655574324324323
14,64,95,CulturaX,1762.59375,2,134,False,27.54052734375
14,74,112,CulturaX,1933.9375,3,177,False,26.13429054054054
8,36,52,CulturaX,1009.140625,2,134,False,28.03168402777778
34,141,188,CulturaX,3292.25,4,220,False,23.349290780141843
14,72,105,CulturaX,2018.203125,3,177,False,28.030598958333332
7,37,53,CulturaX,983.078125,2,134,False,26.569679054054053
7,41,50,CulturaX,922.40625,1,91,True,22.497713414634145
13,59,81,CulturaX,1577.265625,2,134,False,26.7333156779661
25,108,154,CulturaX,2805.46875,3,177,False,25.9765625
33,153,206,CulturaX,4076.625,5,263,False,26.644607843137255
24,131,185,CulturaX,3499.28125,4,220,False,26.71207061068702
26,104,142,CulturaX,2665.125,3,177,False,25.626201923076923
28,136,211,CulturaX,3624.15625,4,220,False,26.648207720588236
12,44,60,CulturaX,1164.9375,2,134,False,26.475852272727273
16,60,85,CulturaX,1637.921875,2,134,False,27.298697916666665
34,147,212,CulturaX,3783.046875,5,263,False,25.73501275510204
19,81,114,CulturaX,2182.984375,3,177,False,26.95042438271605
11,51,76,CulturaX,1541.84375,2,134,False,30.23223039215686
29,111,156,CulturaX,3043.78125,4,220,False,27.4214527027027
9,36,50,CulturaX,935.515625,1,91,True,25.98654513888889
16,74,106,CulturaX,1918.53125,3,177,False,25.926097972972972
15,72,100,CulturaX,1962.765625,3,177,False,27.260633680555557
16,67,100,CulturaX,1869.78125,2,134,False,27.907182835820894
7,25,36,CulturaX,708.046875,1,91,True,28.321875
8,38,54,CulturaX,1140.5,2,134,False,30.013157894736842
8,35,52,CulturaX,977.9375,2,134,False,27.94107142857143
7,27,38,CulturaX,713.703125,1,91,True,26.433449074074073
24,105,149,CulturaX,2831.984375,3,177,False,26.97127976190476
9,37,49,CulturaX,956.75,1,91,True,25.85810810810811
19,93,136,CulturaX,2542.203125,3,177,False,27.33551747311828
14,61,91,CulturaX,1700.921875,2,134,False,27.883965163934427
19,87,123,CulturaX,2242.75,3,177,False,25.778735632183906
13,76,95,CulturaX,1715.90625,2,134,False,22.577713815789473
9,56,79,CulturaX,1422.859375,2,134,False,25.408203125
13,67,100,CulturaX,1865.65625,3,177,False,27.84561567164179
46,211,278,CulturaX,5148.21875,6,306,False,24.399140995260662
13,50,75,CulturaX,1409.953125,2,134,False,28.1990625
9,36,48,CulturaX,932.328125,1,91,True,25.89800347222222
8,29,44,CulturaX,867.796875,1,91,True,29.924030172413794
13,54,76,CulturaX,1546.234375,2,134,False,28.63396990740741
12,50,65,CulturaX,1321.90625,2,134,False,26.438125
8,41,58,CulturaX,1170.109375,2,134,False,28.539253048780488
12,61,83,CulturaX,1509.140625,2,134,False,24.74001024590164
22,95,121,CulturaX,2389.34375,3,177,False,25.15098684210526
8,31,42,CulturaX,880.359375,1,91,True,28.398689516129032
19,92,142,CulturaX,2353.234375,3,177,False,25.578634510869566
9,36,47,CulturaX,1018.3125,2,134,False,28.286458333333332
25,116,167,CulturaX,3046.140625,4,220,False,26.259832974137932
16,58,79,CulturaX,1517.984375,2,134,False,26.172144396551722
15,61,91,CulturaX,1721.484375,2,134,False,28.221055327868854
11,54,76,CulturaX,1467.734375,2,134,False,27.180266203703702
18,80,117,CulturaX,2157.125,3,177,False,26.9640625
15,71,102,CulturaX,1831.109375,2,134,False,25.790272887323944
9,40,55,CulturaX,1078.375,2,134,False,26.959375
7,37,49,CulturaX,986.140625,2,134,False,26.652449324324323
12,50,70,CulturaX,1325.109375,2,134,False,26.5021875
51,223,326,CulturaX,6089.265625,7,349,False,27.306123878923767
39,183,264,CulturaX,4763.234375,6,306,False,26.028603142076502
29,141,197,CulturaX,3735.25,5,263,False,26.49113475177305
11,43,61,CulturaX,1218.328125,2,134,False,28.333212209302324
8,41,56,CulturaX,1069.5,2,134,False,26.085365853658537
12,50,71,CulturaX,1318.203125,2,134,False,26.3640625
10,40,58,CulturaX,1091.734375,2,134,False,27.293359375
9,42,59,CulturaX,1076.765625,2,134,False,25.637276785714285
10,40,51,CulturaX,1009.796875,2,134,False,25.244921875
19,85,114,CulturaX,2200.15625,3,177,False,25.884191176470587
14,47,66,CulturaX,1236.96875,2,134,False,26.31848404255319
17,90,137,CulturaX,2700.078125,4,220,False,30.000868055555557
18,79,97,CulturaX,1810.90625,2,134,False,22.922863924050635
26,103,151,CulturaX,2851.15625,4,220,False,27.6811286407767
19,82,112,CulturaX,2126.9375,3,177,False,25.93826219512195
17,88,126,CulturaX,2329.328125,3,177,False,26.46963778409091
7,23,35,CulturaX,685.5,1,91,True,29.804347826086957
8,41,57,CulturaX,991.671875,2,134,False,24.187118902439025
31,129,177,CulturaX,3412.796875,4,220,False,26.45578972868217
9,31,38,CulturaX,779.84375,1,91,True,25.15625
18,84,117,CulturaX,2061.546875,3,177,False,24.542224702380953
22,89,132,CulturaX,2317.765625,3,177,False,26.042310393258425
9,39,56,CulturaX,1056.84375,2,134,False,27.098557692307693
15,65,96,CulturaX,1710.34375,2,134,False,26.31298076923077
20,102,158,CulturaX,2812.34375,3,177,False,27.571997549019606
39,177,256,CulturaX,4724.046875,6,306,False,26.68953036723164
28,132,197,CulturaX,3441.296875,4,220,False,26.07043087121212
17,75,104,CulturaX,1989.8125,3,177,False,26.530833333333334
14,67,91,CulturaX,1777.71875,3,177,False,26.53311567164179
15,73,102,CulturaX,1893.171875,3,177,False,25.933861301369863
10,44,64,CulturaX,1207.0,2,134,False,27.431818181818183
18,81,109,CulturaX,2026.5,3,177,False,25.01851851851852
22,106,142,CulturaX,2529.9375,3,177,False,23.86733490566038
32,130,164,CulturaX,3384.015625,4,220,False,26.030889423076925
11,52,75,CulturaX,1442.125,2,134,False,27.733173076923077
12,47,61,CulturaX,1217.8125,2,134,False,25.91090425531915
17,75,111,CulturaX,2083.5,3,177,False,27.78
18,81,119,CulturaX,2159.640625,3,177,False,26.662229938271604
24,117,177,CulturaX,3187.953125,4,220,False,27.24746260683761
40,186,259,CulturaX,5046.296875,6,306,False,27.130628360215052
55,215,301,CulturaX,4923.21875,6,306,False,22.898691860465117
7,26,40,CulturaX,702.328125,1,91,True,27.012620192307693
9,38,48,CulturaX,629.59375,1,91,True,16.56825657894737
9,49,80,CulturaX,1450.5,2,134,False,29.602040816326532
10,34,52,CulturaX,895.53125,1,91,True,26.339154411764707
14,63,91,CulturaX,1618.0625,2,134,False,25.683531746031747
9,39,58,CulturaX,1081.6875,2,134,False,27.735576923076923
9,42,55,CulturaX,1071.0625,2,134,False,25.501488095238095
16,70,92,CulturaX,1844.25,2,134,False,26.34642857142857
13,58,83,CulturaX,1519.90625,2,134,False,26.205280172413794
10,39,54,CulturaX,957.65625,1,91,True,24.55528846153846
20,86,121,CulturaX,2271.765625,3,177,False,26.415879360465116
12,42,57,CulturaX,1219.515625,2,134,False,29.03608630952381
8,37,52,CulturaX,1051.53125,2,134,False,28.419763513513512
13,65,96,CulturaX,1779.328125,2,134,False,27.374278846153846
18,103,154,CulturaX,2409.546875,3,177,False,23.393658980582526
9,49,75,CulturaX,1378.328125,2,134,False,28.129145408163264
17,82,118,CulturaX,2184.640625,3,177,False,26.641958841463413
8,36,47,CulturaX,793.5,1,91,True,22.041666666666668
10,46,66,CulturaX,1293.03125,2,134,False,28.109375
14,64,92,CulturaX,1748.203125,2,134,False,27.315673828125
11,40,54,CulturaX,1040.171875,2,134,False,26.004296875
11,37,53,CulturaX,987.53125,2,134,False,26.690033783783782
15,62,77,CulturaX,1604.984375,2,134,False,25.886844758064516
8,36,53,CulturaX,984.0,2,134,False,27.333333333333332
8,27,36,CulturaX,683.46875,1,91,True,25.31365740740741
18,77,97,CulturaX,1763.234375,2,134,False,22.899147727272727
17,75,105,CulturaX,2036.34375,3,177,False,27.15125
19,97,139,CulturaX,2572.5625,3,177,False,26.52126288659794
30,132,193,CulturaX,3428.21875,4,220,False,25.971354166666668
25,113,158,CulturaX,2985.546875,4,220,False,26.420768805309734
12,59,78,CulturaX,1616.53125,2,134,False,27.398834745762713
8,30,46,CulturaX,860.8125,1,91,True,28.69375
27,130,186,CulturaX,3514.875,4,220,False,27.0375
14,63,92,CulturaX,1651.796875,2,134,False,26.218998015873016
19,71,99,CulturaX,1848.5,3,177,False,26.035211267605632
41,158,224,CulturaX,4145.59375,5,263,False,26.23793512658228
19,77,108,CulturaX,2016.109375,3,177,False,26.183238636363637
9,38,54,CulturaX,940.625,1,91,True,24.75328947368421
17,81,120,CulturaX,2222.578125,3,177,False,27.43923611111111
17,74,112,CulturaX,1995.265625,3,177,False,26.963048986486488
9,36,48,CulturaX,989.15625,2,134,False,27.4765625
23,107,155,CulturaX,2890.453125,4,220,False,27.013580607476637
9,43,65,CulturaX,1217.875,2,134,False,28.322674418604652
13,59,81,CulturaX,1509.0625,2,134,False,25.577330508474578
9,43,54,CulturaX,1066.78125,2,134,False,24.80886627906977
24,98,135,CulturaX,2589.75,3,177,False,26.426020408163264
12,55,76,CulturaX,1420.625,2,134,False,25.829545454545453
21,92,127,CulturaX,2507.1875,3,177,False,27.25203804347826
13,66,81,CulturaX,1457.21875,2,134,False,22.07907196969697
8,33,50,CulturaX,842.953125,1,91,True,25.54403409090909
30,137,191,CulturaX,3735.53125,4,220,False,27.266651459854014
38,187,260,CulturaX,5050.203125,6,306,False,27.006433823529413
14,53,78,CulturaX,1587.984375,2,134,False,29.96196933962264
10,42,62,CulturaX,1095.984375,2,134,False,26.094866071428573
20,87,121,CulturaX,2404.671875,3,177,False,27.639906609195403
26,132,185,CulturaX,3602.4375,4,220,False,27.291193181818183
28,131,179,CulturaX,3517.609375,4,220,False,26.85197996183206
29,128,190,CulturaX,3570.78125,5,263,False,27.896728515625
27,112,155,CulturaX,2947.390625,4,220,False,26.315987723214285
17,71,99,CulturaX,1850.3125,2,134,False,26.06073943661972
30,140,200,CulturaX,3668.484375,5,263,False,26.20345982142857
41,174,222,CulturaX,4198.6875,5,263,False,24.130387931034484
8,35,45,CulturaX,925.234375,1,91,True,26.435267857142858
31,144,205,CulturaX,3972.078125,5,263,False,27.583875868055557
12,57,80,CulturaX,1523.203125,2,134,False,26.722861842105264
14,71,107,CulturaX,1990.375,3,177,False,28.033450704225352
15,58,83,CulturaX,1613.921875,2,134,False,27.826239224137932
35,154,214,CulturaX,4076.890625,5,263,False,26.473315746753247
20,100,151,CulturaX,2597.578125,3,177,False,25.97578125
17,84,106,CulturaX,1864.765625,3,177,False,22.199590773809526
21,94,134,CulturaX,2429.25,3,177,False,25.84308510638298
15,77,115,CulturaX,2069.953125,3,177,False,26.882508116883116
8,29,42,CulturaX,823.0625,1,91,True,28.38146551724138
44,209,287,CulturaX,5550.359375,7,349,False,26.55674342105263
23,106,154,CulturaX,2842.171875,3,177,False,26.81294221698113
28,121,169,CulturaX,3342.515625,4,220,False,27.624096074380166
14,66,86,CulturaX,1520.171875,2,134,False,23.032907196969695
10,39,59,CulturaX,1087.890625,2,134,False,27.89463141025641
10,54,81,CulturaX,1556.40625,2,134,False,28.822337962962962
20,84,112,CulturaX,2220.625,3,177,False,26.436011904761905
12,66,75,CulturaX,1495.40625,2,134,False,22.657670454545453
7,33,46,CulturaX,925.59375,1,91,True,28.048295454545453
9,40,53,CulturaX,1055.890625,2,134,False,26.397265625
22,110,157,CulturaX,2986.390625,4,220,False,27.14900568181818
14,54,75,CulturaX,1380.359375,2,134,False,25.56221064814815
16,66,89,CulturaX,1685.59375,2,134,False,25.539299242424242
7,30,39,CulturaX,715.671875,1,91,True,23.855729166666666
8,39,56,CulturaX,900.6875,1,91,True,23.09455128205128
8,36,56,CulturaX,926.078125,1,91,True,25.72439236111111
8,37,56,CulturaX,1054.96875,2,134,False,28.51266891891892
15,53,71,CulturaX,1479.59375,2,134,False,27.91686320754717
11,51,70,CulturaX,1333.015625,2,134,False,26.137561274509803
16,75,103,CulturaX,2043.765625,3,177,False,27.250208333333333
15,55,79,CulturaX,1536.921875,2,134,False,27.944034090909092
18,65,93,CulturaX,1818.859375,2,134,False,27.982451923076923
12,52,75,CulturaX,1426.109375,2,134,False,27.42518028846154
14,58,77,CulturaX,1482.296875,2,134,False,25.556842672413794
7,31,40,CulturaX,790.09375,1,91,True,25.486895161290324
7,24,36,CulturaX,690.375,1,91,True,28.765625
9,43,62,CulturaX,1118.8125,2,134,False,26.01889534883721
12,53,78,CulturaX,1530.0,2,134,False,28.867924528301888
15,61,83,CulturaX,1579.484375,2,134,False,25.893186475409838
44,211,309,CulturaX,5667.640625,7,349,False,26.860856042654028
16,77,105,CulturaX,1977.625,3,177,False,25.683441558441558
36,142,195,CulturaX,3803.140625,5,263,False,26.78268045774648
8,32,40,CulturaX,834.234375,1,91,True,26.06982421875
10,46,58,CulturaX,1110.171875,2,134,False,24.134171195652176
24,112,162,CulturaX,2929.4375,4,220,False,26.155691964285715
12,53,75,CulturaX,1382.515625,2,134,False,26.085200471698112
9,39,57,CulturaX,1016.546875,2,134,False,26.065304487179485
40,164,230,CulturaX,4402.296875,5,263,False,26.84327362804878
11,46,65,CulturaX,1340.578125,2,134,False,29.143002717391305
39,201,283,CulturaX,5150.96875,6,306,False,25.626710199004975
45,214,316,CulturaX,5665.578125,7,349,False,26.47466413551402
10,45,58,CulturaX,1153.390625,2,134,False,25.630902777777777
15,63,86,CulturaX,1490.203125,2,134,False,23.654017857142858
25,140,194,CulturaX,3682.484375,4,220,False,26.30345982142857
8,38,55,CulturaX,1123.34375,2,134,False,29.56167763157895
17,78,111,CulturaX,2175.6875,3,177,False,27.893429487179485
12,59,86,CulturaX,1511.984375,2,134,False,25.626853813559322
25,107,160,CulturaX,2832.859375,4,220,False,26.475321261682243
16,69,97,CulturaX,1877.046875,3,177,False,27.203577898550726
15,64,90,CulturaX,1662.84375,2,134,False,25.98193359375
10,47,64,CulturaX,1125.9375,2,134,False,23.956117021276597
23,102,137,CulturaX,2816.46875,3,177,False,27.612438725490197
7,33,49,CulturaX,837.875,1,91,True,25.390151515151516
12,50,72,CulturaX,1395.796875,2,134,False,27.9159375
31,126,183,CulturaX,3420.484375,4,220,False,27.14670138888889
10,47,66,CulturaX,1347.234375,2,134,False,28.664561170212767
20,84,112,CulturaX,2237.078125,3,177,False,26.63188244047619
35,156,205,CulturaX,3999.875,5,263,False,25.640224358974358
17,76,107,CulturaX,2017.0,3,177,False,26.539473684210527
13,55,79,CulturaX,1473.921875,2,134,False,26.798579545454544
27,127,175,CulturaX,3293.53125,4,220,False,25.93331692913386
12,46,65,CulturaX,1297.96875,2,134,False,28.21671195652174
19,195,273,CulturaX,5418.09375,8,392,False,27.785096153846155
28,139,202,CulturaX,3638.421875,4,220,False,26.17569694244604
25,101,144,CulturaX,2617.4375,3,177,False,25.91522277227723
10,43,66,CulturaX,1198.03125,2,134,False,27.861191860465116
11,56,74,CulturaX,1470.203125,2,134,False,26.253627232142858
16,64,94,CulturaX,1800.65625,2,134,False,28.13525390625
9,40,59,CulturaX,1046.96875,2,134,False,26.17421875
10,40,55,CulturaX,986.5625,2,134,False,24.6640625
8,29,39,CulturaX,785.265625,1,91,True,27.078125
12,48,68,CulturaX,1344.796875,2,134,False,28.0166015625
7,32,49,CulturaX,945.0625,1,91,True,29.533203125
14,65,90,CulturaX,1788.6875,2,134,False,27.51826923076923
10,40,53,CulturaX,1139.953125,2,134,False,28.498828125
19,83,123,CulturaX,2335.140625,3,177,False,28.134224397590362
15,71,101,CulturaX,1800.59375,2,134,False,25.360475352112676
49,235,322,CulturaX,6187.109375,7,349,False,26.328125
14,71,99,CulturaX,1881.125,3,177,False,26.494718309859156
13,59,84,CulturaX,1614.921875,2,134,False,27.37155720338983
26,121,170,CulturaX,3039.171875,4,220,False,25.117122933884296
43,188,262,CulturaX,5046.859375,6,306,False,26.844996675531913
14,57,84,CulturaX,1564.875,2,134,False,27.45394736842105
28,162,207,CulturaX,3859.9375,5,263,False,23.826774691358025
27,103,139,CulturaX,2453.078125,3,177,False,23.816292475728154
26,110,153,CulturaX,2868.0,4,220,False,26.072727272727274
7,31,42,CulturaX,792.5,1,91,True,25.56451612903226
12,43,58,CulturaX,1136.734375,2,134,False,26.435683139534884
9,36,53,CulturaX,964.578125,2,134,False,26.793836805555557
43,209,254,CulturaX,4632.15625,5,263,False,22.163427033492823
31,128,186,CulturaX,3295.796875,4,220,False,25.7484130859375
11,55,79,CulturaX,1445.96875,2,134,False,26.290340909090908
11,43,62,CulturaX,1175.46875,2,134,False,27.336482558139537
7,34,46,CulturaX,931.3125,1,91,True,27.391544117647058
7,25,34,CulturaX,625.9375,1,91,True,25.0375
12,46,67,CulturaX,1255.53125,2,134,False,27.294157608695652
11,45,61,CulturaX,1239.953125,2,134,False,27.554513888888888
50,215,317,CulturaX,5873.5,7,349,False,27.31860465116279
55,260,370,CulturaX,6962.09375,8,392,False,26.777283653846155
12,54,73,CulturaX,1299.5625,2,134,False,24.06597222222222
9,40,55,CulturaX,1099.03125,2,134,False,27.47578125
13,57,75,CulturaX,1413.5,2,134,False,24.79824561403509
16,83,117,CulturaX,2153.8125,3,177,False,25.949548192771083
19,74,103,CulturaX,1861.15625,3,177,False,25.150760135135137
16,79,117,CulturaX,2096.6875,3,177,False,26.540348101265824
28,114,157,CulturaX,3063.78125,4,220,False,26.875274122807017
7,29,36,CulturaX,718.484375,1,91,True,24.775323275862068
14,56,74,CulturaX,1400.953125,2,134,False,25.017020089285715
18,79,115,CulturaX,2098.671875,3,177,False,26.5654667721519
14,62,84,CulturaX,1599.0625,2,134,False,25.791330645161292
22,101,140,CulturaX,2726.40625,3,177,False,26.994121287128714
10,46,63,CulturaX,1189.5625,2,134,False,25.860054347826086
11,38,51,CulturaX,962.921875,2,134,False,25.340049342105264
38,180,242,CulturaX,4429.109375,5,263,False,24.606163194444445
27,122,163,CulturaX,2942.890625,4,220,False,24.122054303278688
33,169,236,CulturaX,4512.828125,6,306,False,26.703125
21,82,115,CulturaX,2218.75,3,177,False,27.057926829268293
7,34,46,CulturaX,940.90625,1,91,True,27.673713235294116
16,69,93,CulturaX,1585.09375,2,134,False,22.972373188405797
17,78,115,CulturaX,2195.296875,3,177,False,28.14483173076923
30,141,206,CulturaX,4028.515625,5,263,False,28.57103280141844
10,57,73,CulturaX,1294.328125,2,134,False,22.70751096491228
9,30,41,CulturaX,791.453125,1,91,True,26.381770833333334
22,103,142,CulturaX,2797.34375,4,220,False,27.15867718446602
9,37,51,CulturaX,1019.59375,2,134,False,27.55658783783784
19,95,145,CulturaX,2494.734375,3,177,False,26.26036184210526
37,159,219,CulturaX,4221.0,5,263,False,26.547169811320753
10,50,68,CulturaX,1353.875,2,134,False,27.0775
43,189,256,CulturaX,5047.921875,6,306,False,26.708581349206348
12,61,92,CulturaX,1602.109375,2,134,False,26.2640881147541
24,111,160,CulturaX,3046.109375,4,220,False,27.4424268018018
46,224,275,CulturaX,5144.109375,6,306,False,22.964773995535715
21,80,116,CulturaX,2265.46875,3,177,False,28.318359375
8,27,34,CulturaX,700.375,1,91,True,25.939814814814813
16,76,108,CulturaX,1995.84375,3,177,False,26.26110197368421
20,93,135,CulturaX,2641.25,3,177,False,28.400537634408604
40,162,225,CulturaX,4218.078125,5,263,False,26.037519290123456
11,42,70,CulturaX,1213.734375,2,134,False,28.8984375
24,98,140,CulturaX,2584.375,3,177,False,26.371173469387756
8,30,39,CulturaX,677.421875,1,91,True,22.580729166666668
10,37,49,CulturaX,980.4375,2,134,False,26.49831081081081
16,67,92,CulturaX,1750.640625,2,134,False,26.128964552238806
11,55,81,CulturaX,1576.890625,2,134,False,28.670738636363637
24,97,134,CulturaX,2584.234375,3,177,False,26.64159149484536
25,116,174,CulturaX,3177.0625,4,220,False,27.388469827586206
11,41,54,CulturaX,1091.8125,2,134,False,26.629573170731707
13,51,71,CulturaX,1284.375,2,134,False,25.183823529411764
19,67,104,CulturaX,1908.34375,2,134,False,28.48274253731343
29,113,156,CulturaX,2916.015625,4,220,False,25.805448008849556
38,182,268,CulturaX,4727.0,6,306,False,25.97252747252747
40,154,208,CulturaX,4091.515625,5,263,False,26.56828327922078
13,56,72,CulturaX,1481.828125,2,134,False,26.461216517857142
8,27,36,CulturaX,703.984375,1,91,True,26.07349537037037
22,97,133,CulturaX,2573.515625,3,177,False,26.531088917525775
7,37,52,CulturaX,959.703125,1,91,True,25.9379222972973
13,60,88,CulturaX,1732.53125,2,134,False,28.875520833333333
24,106,150,CulturaX,2804.328125,3,177,False,26.45592570754717
18,77,105,CulturaX,2041.953125,3,177,False,26.518871753246753
19,109,128,CulturaX,2564.296875,3,177,False,23.525659403669724
13,62,85,CulturaX,1712.8125,2,134,False,27.626008064516128
13,49,67,CulturaX,1260.65625,2,134,False,25.727678571428573
7,26,33,CulturaX,633.9375,1,91,True,24.38221153846154
9,46,62,CulturaX,1127.875,2,134,False,24.519021739130434
17,66,98,CulturaX,1845.0,2,134,False,27.954545454545453
11,46,58,CulturaX,1169.578125,2,134,False,25.425611413043477
14,51,75,CulturaX,1354.453125,2,134,False,26.557904411764707
13,45,65,CulturaX,1214.171875,2,134,False,26.981597222222224
13,53,73,CulturaX,1413.96875,2,134,False,26.67865566037736
7,24,33,CulturaX,622.15625,1,91,True,25.923177083333332
8,33,45,CulturaX,863.40625,1,91,True,26.163825757575758
8,42,59,CulturaX,1077.28125,2,134,False,25.649553571428573
20,93,131,CulturaX,2407.984375,3,177,False,25.89230510752688
15,64,82,CulturaX,1657.6875,2,134,False,25.9013671875
22,94,124,CulturaX,2383.625,3,177,False,25.357712765957448
7,29,37,CulturaX,673.34375,1,91,True,23.21875
31,129,173,CulturaX,3391.5625,4,220,False,26.291182170542637
7,30,43,CulturaX,818.234375,1,91,True,27.274479166666666
21,87,119,CulturaX,2211.40625,3,177,False,25.41846264367816
15,73,99,CulturaX,1961.453125,3,177,False,26.869220890410958
26,120,170,CulturaX,3247.140625,4,220,False,27.059505208333334
11,49,73,CulturaX,1426.75,2,134,False,29.117346938775512
15,75,106,CulturaX,1970.109375,3,177,False,26.268125
18,62,82,CulturaX,1533.0625,2,134,False,24.726814516129032
23,93,132,CulturaX,2495.75,3,177,False,26.836021505376344
22,107,152,CulturaX,2874.203125,4,220,False,26.861711448598133
22,99,148,CulturaX,2613.671875,3,177,False,26.40072601010101
10,60,78,CulturaX,1285.734375,2,134,False,21.42890625
12,50,77,CulturaX,1379.359375,2,134,False,27.5871875
17,69,101,CulturaX,1825.84375,2,134,False,26.461503623188406
10,47,66,CulturaX,1172.625,2,134,False,24.949468085106382
9,39,53,CulturaX,1069.828125,2,134,False,27.431490384615383
7,36,46,CulturaX,821.71875,1,91,True,22.825520833333332
30,111,154,CulturaX,2992.015625,4,220,False,26.95509572072072
11,42,63,CulturaX,1166.734375,2,134,False,27.77938988095238
11,45,60,CulturaX,1171.859375,2,134,False,26.041319444444444
17,87,129,CulturaX,2347.234375,3,177,False,26.979705459770116
15,62,84,CulturaX,1593.015625,2,134,False,25.693800403225808
21,88,125,CulturaX,2199.671875,3,177,False,24.996271306818183
25,123,175,CulturaX,3201.921875,4,220,False,26.031885162601625
12,48,65,CulturaX,1327.28125,2,134,False,27.651692708333332
16,76,112,CulturaX,2081.65625,3,177,False,27.390213815789473
13,59,83,CulturaX,1656.078125,2,134,False,28.069120762711865
16,69,100,CulturaX,1806.078125,2,134,False,26.175045289855074
17,74,106,CulturaX,1933.5625,3,177,False,26.129222972972972
10,47,65,CulturaX,1248.828125,2,134,False,26.570811170212767
26,112,150,CulturaX,2900.40625,4,220,False,25.896484375
11,56,86,CulturaX,1512.40625,2,134,False,27.007254464285715
20,89,127,CulturaX,2275.53125,3,177,False,25.567766853932586
18,75,105,CulturaX,2031.40625,3,177,False,27.085416666666667
24,105,153,CulturaX,2697.28125,3,177,False,25.68839285714286
32,129,184,CulturaX,3536.765625,4,220,False,27.416787790697676
11,48,70,CulturaX,1349.9375,2,134,False,28.123697916666668
19,97,138,CulturaX,2547.9375,3,177,False,26.267396907216494
8,32,49,CulturaX,867.34375,1,91,True,27.1044921875
11,57,85,CulturaX,1567.75,2,134,False,27.50438596491228
16,75,104,CulturaX,2039.984375,3,177,False,27.199791666666666
9,32,46,CulturaX,888.40625,1,91,True,27.7626953125
56,248,348,CulturaX,6278.546875,7,349,False,25.316721270161292
11,47,67,CulturaX,1312.609375,2,134,False,27.92785904255319
16,81,108,CulturaX,2209.515625,3,177,False,27.277970679012345
9,35,56,CulturaX,847.484375,1,91,True,24.213839285714286
19,77,110,CulturaX,2053.5625,3,177,False,26.669642857142858
10,44,63,CulturaX,1175.375,2,134,False,26.713068181818183
8,28,38,CulturaX,722.9375,1,91,True,25.819196428571427
33,156,230,CulturaX,4387.8125,5,263,False,28.127003205128204
14,54,76,CulturaX,1460.578125,2,134,False,27.047743055555557
17,74,107,CulturaX,2050.75,3,177,False,27.71283783783784
10,41,55,CulturaX,1064.0,2,134,False,25.951219512195124
15,60,85,CulturaX,1648.65625,2,134,False,27.477604166666666
15,79,116,CulturaX,2184.75,3,177,False,27.65506329113924
32,150,217,CulturaX,4035.703125,5,263,False,26.9046875
14,62,87,CulturaX,1656.921875,2,134,False,26.72454637096774
17,76,106,CulturaX,1937.140625,3,177,False,25.488692434210527
10,42,62,CulturaX,1078.09375,2,134,False,25.66889880952381
8,36,50,CulturaX,982.78125,2,134,False,27.299479166666668
27,117,162,CulturaX,3184.671875,4,220,False,27.219417735042736
10,45,51,CulturaX,1003.484375,2,134,False,22.299652777777776
8,27,40,CulturaX,745.625,1,91,True,27.61574074074074
21,85,116,CulturaX,2286.953125,3,177,False,26.905330882352942
17,75,111,CulturaX,2098.96875,3,177,False,27.98625
7,31,37,CulturaX,761.671875,1,91,True,24.570060483870968
21,97,136,CulturaX,2500.40625,3,177,False,25.777384020618555
13,63,91,CulturaX,1691.625,2,134,False,26.851190476190474
9,33,50,CulturaX,900.09375,1,91,True,27.275568181818183
19,61,93,CulturaX,1793.953125,2,134,False,29.40906762295082
23,103,147,CulturaX,2755.859375,4,220,False,26.755916262135923
7,36,48,CulturaX,762.71875,1,91,True,21.186631944444443
15,68,100,CulturaX,1992.0625,3,177,False,29.295036764705884
11,36,51,CulturaX,1035.734375,2,134,False,28.770399305555557
38,180,255,CulturaX,4860.140625,6,306,False,27.00078125
10,49,69,CulturaX,1312.703125,2,134,False,26.789859693877553
16,87,122,CulturaX,2217.140625,3,177,False,25.484375
13,54,83,CulturaX,1500.28125,2,134,False,27.78298611111111
16,75,101,CulturaX,1996.125,3,177,False,26.615
11,46,65,CulturaX,1190.765625,2,134,False,25.886209239130434
41,177,259,CulturaX,4578.21875,5,263,False,25.865642655367232
14,69,95,CulturaX,1792.3125,2,134,False,25.97554347826087
21,87,121,CulturaX,2312.3125,3,177,False,26.57830459770115
19,89,107,CulturaX,2178.171875,3,177,False,24.473841292134832
10,40,62,CulturaX,1099.890625,2,134,False,27.497265625
11,50,69,CulturaX,1346.09375,2,134,False,26.921875
45,193,263,CulturaX,4882.703125,6,306,False,25.29897992227979
39,174,252,CulturaX,4799.875,6,306,False,27.585488505747126
24,99,134,CulturaX,2724.84375,3,177,False,27.523674242424242
19,99,148,CulturaX,2587.46875,3,177,False,26.13604797979798
9,40,61,CulturaX,1061.203125,2,134,False,26.530078125
42,193,284,CulturaX,5264.90625,6,306,False,27.279306994818654
17,70,104,CulturaX,2004.171875,3,177,False,28.631026785714287
17,87,119,CulturaX,2222.484375,3,177,False,25.545797413793103
12,53,80,CulturaX,1489.90625,2,134,False,28.111438679245282
8,40,54,CulturaX,1077.390625,2,134,False,26.934765625
8,32,44,CulturaX,859.375,1,91,True,26.85546875
12,54,80,CulturaX,1457.71875,2,134,False,26.994791666666668
7,29,38,CulturaX,767.921875,1,91,True,26.480064655172413
9,41,54,CulturaX,949.28125,1,91,True,23.153201219512194
9,43,51,CulturaX,1006.78125,2,134,False,23.413517441860463
19,59,79,CulturaX,1438.015625,2,134,False,24.373146186440678
12,49,69,CulturaX,1302.84375,2,134,False,26.588647959183675
21,92,128,CulturaX,2480.8125,3,177,False,26.965353260869566
10,80,102,CulturaX,1754.09375,2,134,False,21.926171875
24,120,168,CulturaX,3149.0,4,220,False,26.241666666666667
30,155,211,CulturaX,3739.609375,5,263,False,24.126512096774192
10,54,73,CulturaX,1388.5,2,134,False,25.712962962962962
11,58,90,CulturaX,1528.1875,2,134,False,26.348060344827587
10,41,53,CulturaX,1028.15625,2,134,False,25.076981707317074
16,102,128,CulturaX,2449.421875,3,177,False,24.013939950980394
27,131,183,CulturaX,3443.703125,4,220,False,26.287810114503817
16,71,97,CulturaX,1938.734375,3,177,False,27.30611795774648
24,126,181,CulturaX,3342.9375,4,220,False,26.53125
9,44,56,CulturaX,1112.359375,2,134,False,25.280894886363637
7,42,64,CulturaX,1197.375,2,134,False,28.508928571428573
19,79,111,CulturaX,2051.015625,3,177,False,25.962223101265824
10,40,58,CulturaX,1188.953125,2,134,False,29.723828125
11,47,65,CulturaX,1291.859375,2,134,False,27.486369680851062
25,114,160,CulturaX,2871.6875,4,220,False,25.190241228070175
17,70,101,CulturaX,1769.21875,2,134,False,25.274553571428573
17,73,109,CulturaX,2008.71875,3,177,False,27.51669520547945
13,70,94,CulturaX,1744.015625,2,134,False,24.91450892857143
29,125,188,CulturaX,3534.703125,4,220,False,28.277625
21,92,132,CulturaX,2544.890625,3,177,False,27.66185461956522
9,40,63,CulturaX,1015.984375,2,134,False,25.399609375
8,33,45,CulturaX,870.25,1,91,True,26.37121212121212
14,64,91,CulturaX,1876.21875,3,177,False,29.31591796875
28,127,171,CulturaX,3235.1875,4,220,False,25.473917322834644
19,76,108,CulturaX,2031.90625,3,177,False,26.73560855263158
17,77,112,CulturaX,2209.765625,3,177,False,28.69825487012987
20,96,138,CulturaX,2490.359375,3,177,False,25.941243489583332
27,137,194,CulturaX,3570.453125,5,263,False,26.061701642335766
20,92,132,CulturaX,2465.703125,3,177,False,26.801120923913043
18,78,107,CulturaX,2043.71875,3,177,False,26.201522435897434
37,159,218,CulturaX,4231.9375,5,263,False,26.615959119496857
12,46,68,CulturaX,1265.078125,2,134,False,27.50169836956522
9,34,48,CulturaX,934.40625,1,91,True,27.482536764705884
11,52,79,CulturaX,1454.328125,2,134,False,27.967848557692307
15,64,90,CulturaX,1792.25,2,134,False,28.00390625
16,73,93,CulturaX,1615.203125,2,134,False,22.12607020547945
9,36,47,CulturaX,928.6875,1,91,True,25.796875
15,62,85,CulturaX,1655.671875,2,134,False,26.70438508064516
30,136,196,CulturaX,3556.75,4,220,False,26.152573529411764
10,41,63,CulturaX,1071.875,2,134,False,26.14329268292683
30,145,212,CulturaX,3892.421875,5,263,False,26.84428879310345
20,101,144,CulturaX,2703.46875,3,177,False,26.767017326732674
14,64,85,CulturaX,1734.8125,2,134,False,27.1064453125
13,65,88,CulturaX,1754.03125,2,134,False,26.985096153846154
31,151,211,CulturaX,3975.578125,5,263,False,26.328331953642383
7,28,41,CulturaX,687.578125,1,91,True,24.556361607142858
19,87,129,CulturaX,2269.34375,3,177,False,26.08441091954023
11,49,64,CulturaX,1275.265625,2,134,False,26.025829081632654
12,51,68,CulturaX,1257.4375,2,134,False,24.65563725490196
12,48,75,CulturaX,1375.59375,2,134,False,28.658203125
20,103,163,CulturaX,2808.328125,4,220,False,27.265321601941746
10,40,54,CulturaX,1126.609375,2,134,False,28.165234375
32,158,220,CulturaX,4280.109375,5,263,False,27.089299841772153
13,56,76,CulturaX,1471.765625,2,134,False,26.281529017857142
16,74,101,CulturaX,1947.8125,3,177,False,26.32179054054054
8,30,38,CulturaX,798.28125,1,91,True,26.609375
14,52,77,CulturaX,1327.875,2,134,False,25.536057692307693
7,22,31,CulturaX,644.125,1,91,True,29.27840909090909
8,42,62,CulturaX,1208.078125,2,134,False,28.76376488095238
15,53,83,CulturaX,1500.9375,2,134,False,28.319575471698112
38,167,241,CulturaX,4513.03125,5,263,False,27.024139221556887
16,80,97,CulturaX,1845.203125,2,134,False,23.0650390625
7,29,39,CulturaX,807.125,1,91,True,27.83189655172414
7,23,24,CulturaX,521.125,1,91,True,22.657608695652176
11,58,82,CulturaX,1462.359375,2,134,False,25.213092672413794
11,57,74,CulturaX,1478.765625,2,134,False,25.94325657894737
86,361,517,CulturaX,9560.40625,11,521,False,26.483119806094184
9,41,62,CulturaX,1102.296875,2,134,False,26.885289634146343
8,36,46,CulturaX,901.03125,1,91,True,25.028645833333332
19,89,125,CulturaX,2401.140625,3,177,False,26.979108146067414
18,78,113,CulturaX,2097.015625,3,177,False,26.884815705128204
31,129,180,CulturaX,3413.71875,4,220,False,26.46293604651163
9,35,49,CulturaX,995.125,2,134,False,28.432142857142857
14,59,85,CulturaX,1544.453125,2,134,False,26.17717161016949
13,63,85,CulturaX,1680.796875,2,134,False,26.679315476190474
15,60,82,CulturaX,1663.875,2,134,False,27.73125
21,99,136,CulturaX,2765.515625,4,220,False,27.934501262626263
13,47,65,CulturaX,1179.703125,2,134,False,25.1000664893617
50,207,294,CulturaX,5494.890625,6,306,False,26.545365338164252
9,34,48,CulturaX,928.1875,1,91,True,27.299632352941178
30,140,191,CulturaX,3677.9375,4,220,False,26.270982142857143
10,54,76,CulturaX,1344.0,2,134,False,24.88888888888889
10,37,50,CulturaX,996.703125,2,134,False,26.9379222972973
10,36,50,CulturaX,951.71875,1,91,True,26.436631944444443
12,57,78,CulturaX,1463.9375,2,134,False,25.68311403508772
25,122,173,CulturaX,3180.609375,4,220,False,26.070568647540984
44,235,288,CulturaX,5324.703125,6,306,False,22.658311170212766
10,61,80,CulturaX,1461.328125,2,134,False,23.956198770491802
18,67,87,CulturaX,1784.515625,2,134,False,26.63456156716418
23,100,142,CulturaX,2667.15625,4,220,False,26.6715625
25,113,153,CulturaX,2881.21875,4,220,False,25.497511061946902
15,69,104,CulturaX,1829.328125,3,177,False,26.512001811594203
21,104,148,CulturaX,2817.234375,4,220,False,27.088792067307693
9,39,52,CulturaX,1012.0625,2,134,False,25.950320512820515
26,116,165,CulturaX,3125.359375,4,220,False,26.94275323275862
7,28,41,CulturaX,808.234375,1,91,True,28.865513392857142
8,29,36,CulturaX,742.328125,1,91,True,25.59752155172414
13,68,91,CulturaX,1798.34375,2,134,False,26.446231617647058
13,59,79,CulturaX,1476.53125,2,134,False,25.02595338983051
8,31,44,CulturaX,917.859375,1,91,True,29.608366935483872
8,31,44,CulturaX,767.046875,1,91,True,24.74344758064516
14,64,96,CulturaX,1777.484375,2,134,False,27.773193359375
19,90,132,CulturaX,2409.4375,3,177,False,26.771527777777777
8,41,55,CulturaX,982.625,2,134,False,23.966463414634145
20,86,129,CulturaX,2383.953125,3,177,False,27.720385174418606
18,90,109,CulturaX,2048.109375,3,177,False,22.756770833333334
8,28,41,CulturaX,781.46875,1,91,True,27.909598214285715
12,49,70,CulturaX,1382.765625,2,134,False,28.21970663265306
14,63,91,CulturaX,1694.96875,2,134,False,26.904265873015873
13,48,62,CulturaX,1269.90625,2,134,False,26.456380208333332
9,38,52,CulturaX,1040.6875,2,134,False,27.386513157894736
18,83,118,CulturaX,2195.859375,3,177,False,26.456137048192772
18,74,106,CulturaX,1915.46875,3,177,False,25.88471283783784
12,49,71,CulturaX,1279.46875,2,134,False,26.111607142857142
37,175,242,CulturaX,4733.4375,6,306,False,27.048214285714284
24,103,127,CulturaX,2662.953125,3,177,False,25.853913834951456
32,160,231,CulturaX,4123.8125,5,263,False,25.773828125
11,56,80,CulturaX,1345.40625,2,134,False,24.025111607142858
43,203,297,CulturaX,5430.40625,6,306,False,26.750769704433498
10,43,59,CulturaX,1156.4375,2,134,False,26.89389534883721
8,34,48,CulturaX,924.390625,1,91,True,27.18795955882353
14,61,84,CulturaX,1560.828125,2,134,False,25.58734631147541
8,38,54,CulturaX,1048.78125,2,134,False,27.59950657894737
7,29,42,CulturaX,798.734375,1,91,True,27.542564655172413
15,68,96,CulturaX,1892.078125,3,177,False,27.82467830882353
12,53,77,CulturaX,1411.921875,2,134,False,26.64003537735849
8,35,50,CulturaX,919.546875,1,91,True,26.272767857142856
7,26,36,CulturaX,631.84375,1,91,True,24.301682692307693
7,28,45,CulturaX,762.515625,1,91,True,27.232700892857142
15,69,102,CulturaX,1749.34375,2,134,False,25.352807971014492
11,47,67,CulturaX,1330.09375,2,134,False,28.299867021276597
15,67,101,CulturaX,1748.296875,2,134,False,26.093983208955223
30,130,152,CulturaX,2883.109375,4,220,False,22.177764423076923
8,34,48,CulturaX,917.84375,1,91,True,26.995404411764707
9,34,50,CulturaX,983.765625,2,134,False,28.934283088235293
16,70,107,CulturaX,1881.21875,2,134,False,26.87455357142857
8,37,51,CulturaX,1006.546875,2,134,False,27.203969594594593
21,93,130,CulturaX,2453.875,3,177,False,26.385752688172044
11,54,76,CulturaX,1474.0,2,134,False,27.296296296296298
8,35,46,CulturaX,997.5625,2,134,False,28.501785714285713
41,172,237,CulturaX,4691.203125,6,306,False,27.274436773255815
24,108,164,CulturaX,3023.5,4,220,False,27.99537037037037
10,46,61,CulturaX,1173.09375,2,134,False,25.50203804347826
15,69,104,CulturaX,1833.765625,2,134,False,26.5763134057971
16,81,125,CulturaX,2209.125,3,177,False,27.27314814814815
13,54,74,CulturaX,1318.421875,2,134,False,24.41521990740741
15,64,95,CulturaX,1632.28125,2,134,False,25.50439453125
15,79,114,CulturaX,2070.40625,3,177,False,26.20767405063291
10,47,66,CulturaX,1221.390625,2,134,False,25.987034574468087
7,34,48,CulturaX,958.71875,1,91,True,28.19761029411765
36,172,248,CulturaX,4493.921875,5,263,False,26.127452761627907
9,36,56,CulturaX,1056.78125,2,134,False,29.35503472222222
13,52,75,CulturaX,1470.3125,2,134,False,28.275240384615383
7,32,38,CulturaX,770.78125,1,91,True,24.0869140625
12,46,62,CulturaX,1165.8125,2,134,False,25.34375
26,107,145,CulturaX,2865.796875,4,220,False,26.78314836448598
23,92,125,CulturaX,2510.703125,3,177,False,27.290251358695652
13,56,87,CulturaX,1649.15625,2,134,False,29.44921875
10,33,42,CulturaX,782.578125,1,91,True,23.714488636363637
32,133,186,CulturaX,3422.21875,4,220,False,25.730968045112782
38,152,203,CulturaX,3906.28125,5,263,False,25.69921875
15,62,96,CulturaX,1600.734375,2,134,False,25.81829637096774
21,104,148,CulturaX,2819.28125,4,220,False,27.108473557692307
15,84,107,CulturaX,1979.734375,3,177,False,23.56826636904762
15,73,114,CulturaX,1984.046875,3,177,False,27.178724315068493
17,65,96,CulturaX,1826.390625,2,134,False,28.09831730769231
16,71,106,CulturaX,1980.84375,3,177,False,27.899207746478872
36,166,248,CulturaX,4308.8125,5,263,False,25.956701807228917
31,148,216,CulturaX,3916.28125,5,263,False,26.4613597972973
20,87,120,CulturaX,2230.75,3,177,False,25.64080459770115
22,88,124,CulturaX,2260.0625,3,177,False,25.68252840909091
7,22,29,CulturaX,518.03125,1,91,True,23.546875
23,104,149,CulturaX,2881.171875,4,220,False,27.703575721153847
21,92,142,CulturaX,2512.703125,3,177,False,27.311990489130434
12,51,77,CulturaX,1332.6875,2,134,False,26.131127450980394
8,30,44,CulturaX,711.046875,1,91,True,23.7015625
10,50,74,CulturaX,1379.625,2,134,False,27.5925
35,163,236,CulturaX,4462.046875,6,306,False,27.374520705521473
17,89,126,CulturaX,2339.0625,3,177,False,26.281601123595507
31,120,175,CulturaX,3329.125,4,220,False,27.742708333333333
14,60,81,CulturaX,1603.59375,2,134,False,26.7265625
20,82,121,CulturaX,2265.578125,3,177,False,27.629001524390244
18,75,101,CulturaX,2040.53125,3,177,False,27.207083333333333
12,58,87,CulturaX,1600.234375,2,134,False,27.590247844827587
12,59,86,CulturaX,1572.703125,2,134,False,26.655985169491526
14,65,91,CulturaX,1741.671875,2,134,False,26.794951923076923
10,53,72,CulturaX,1413.328125,2,134,False,26.666568396226417
12,54,79,CulturaX,1403.328125,2,134,False,25.98755787037037
8,37,51,CulturaX,1101.921875,2,134,False,29.7816722972973
14,62,78,CulturaX,1486.296875,2,134,False,23.972530241935484
17,86,123,CulturaX,2197.96875,3,177,False,25.5577761627907
33,139,191,CulturaX,4010.84375,5,263,False,28.854991007194243
23,99,138,CulturaX,2652.921875,3,177,False,26.797190656565657
15,75,106,CulturaX,1938.359375,3,177,False,25.844791666666666
7,31,41,CulturaX,764.5625,1,91,True,24.663306451612904
18,78,113,CulturaX,1994.359375,3,177,False,25.568709935897434
10,37,53,CulturaX,1077.984375,2,134,False,29.13471283783784
9,40,57,CulturaX,1073.609375,2,134,False,26.840234375
40,203,278,CulturaX,5428.0625,6,306,False,26.739224137931036
23,95,133,CulturaX,2509.421875,3,177,False,26.41496710526316
34,169,247,CulturaX,4502.5,6,306,False,26.642011834319526
7,25,37,CulturaX,589.609375,1,91,True,23.584375
14,63,84,CulturaX,1660.359375,2,134,False,26.354910714285715
20,97,119,CulturaX,2206.96875,3,177,False,22.752255154639176
21,90,130,CulturaX,2414.390625,3,177,False,26.8265625
43,197,298,CulturaX,5429.515625,6,306,False,27.56099302030457
58,257,358,CulturaX,6933.890625,8,392,False,26.980119163424124
22,88,121,CulturaX,2251.5625,3,177,False,25.5859375
20,100,146,CulturaX,2685.390625,3,177,False,26.85390625
8,34,45,CulturaX,890.515625,1,91,True,26.191636029411764
12,47,66,CulturaX,1306.5625,2,134,False,27.799202127659573
7,26,37,CulturaX,635.375,1,91,True,24.4375
14,56,75,CulturaX,1675.296875,2,134,False,29.916015625
9,33,48,CulturaX,939.5,1,91,True,28.46969696969697
32,132,189,CulturaX,3568.671875,4,220,False,27.035392992424242
12,54,76,CulturaX,1415.9375,2,134,False,26.221064814814813
14,69,95,CulturaX,1928.3125,3,177,False,27.946557971014492
25,103,145,CulturaX,2869.6875,4,220,False,27.86104368932039
18,74,109,CulturaX,2004.0,3,177,False,27.08108108108108
18,78,112,CulturaX,2044.125,3,177,False,26.20673076923077
15,66,90,CulturaX,1728.4375,2,134,False,26.18844696969697
22,107,143,CulturaX,2725.09375,3,177,False,25.468165887850468
17,80,115,CulturaX,2180.390625,3,177,False,27.2548828125
35,163,220,CulturaX,4319.15625,5,263,False,26.497891104294478
14,64,84,CulturaX,1698.84375,2,134,False,26.54443359375
23,103,152,CulturaX,2839.359375,4,220,False,27.566595873786408
9,41,58,CulturaX,1153.4375,2,134,False,28.132621951219512
20,84,119,CulturaX,2401.546875,3,177,False,28.58984375
9,47,60,CulturaX,1095.671875,2,134,False,23.31216755319149
7,32,45,CulturaX,921.734375,1,91,True,28.80419921875
21,75,108,CulturaX,2033.984375,3,177,False,27.119791666666668
18,77,113,CulturaX,2017.1875,3,177,False,26.19724025974026
11,46,67,CulturaX,1263.6875,2,134,False,27.471467391304348
13,53,72,CulturaX,1411.359375,2,134,False,26.62942216981132
29,136,186,CulturaX,3462.875,5,263,False,25.462316176470587
37,114,156,CulturaX,2715.375,3,177,False,23.81907894736842
7,25,34,CulturaX,657.890625,1,91,True,26.315625
54,212,296,CulturaX,5615.59375,7,349,False,26.488649764150942
23,110,174,CulturaX,2915.140625,4,220,False,26.501278409090908
14,63,87,CulturaX,1729.21875,2,134,False,27.447916666666668
12,60,84,CulturaX,1492.96875,2,134,False,24.8828125
21,80,116,CulturaX,2267.078125,3,177,False,28.3384765625
15,49,70,CulturaX,1339.03125,2,134,False,27.32716836734694
13,52,72,CulturaX,1475.890625,2,134,False,28.38251201923077
19,85,124,CulturaX,2238.34375,3,177,False,26.33345588235294
12,50,68,CulturaX,1312.28125,2,134,False,26.245625
16,66,95,CulturaX,1852.03125,2,134,False,28.061079545454547
15,73,92,CulturaX,1918.203125,3,177,False,26.276755136986303
7,29,40,CulturaX,764.640625,1,91,True,26.366918103448278
7,33,49,CulturaX,859.125,1,91,True,26.03409090909091
10,39,54,CulturaX,1001.96875,2,134,False,25.69150641025641
13,66,94,CulturaX,1725.84375,2,134,False,26.149147727272727
14,57,74,CulturaX,1528.171875,2,134,False,26.810032894736842
27,121,165,CulturaX,3077.703125,4,220,False,25.435563016528924
22,105,152,CulturaX,2944.484375,4,220,False,28.042708333333334
41,172,242,CulturaX,4755.390625,6,306,False,27.6476199127907
12,57,86,CulturaX,1527.921875,2,134,False,26.80564692982456
20,97,133,CulturaX,2545.5,3,177,False,26.242268041237114
9,37,54,CulturaX,906.65625,1,91,True,24.504222972972972
21,81,119,CulturaX,2329.953125,3,177,False,28.764853395061728
10,39,51,CulturaX,1018.6875,2,134,False,26.120192307692307
9,35,55,CulturaX,921.578125,1,91,True,26.33080357142857
21,88,122,CulturaX,2316.8125,3,177,False,26.327414772727273
86,380,566,CulturaX,10277.21875,12,564,False,27.0453125
11,51,73,CulturaX,1476.65625,2,134,False,28.954044117647058
54,261,364,CulturaX,6541.5625,8,392,False,25.06345785440613
13,61,88,CulturaX,1706.0,2,134,False,27.9672131147541
8,34,49,CulturaX,967.171875,2,134,False,28.446231617647058
7,33,43,CulturaX,905.21875,1,91,True,27.43087121212121
25,109,147,CulturaX,2837.265625,4,220,False,26.029959862385322
8,32,44,CulturaX,851.046875,1,91,True,26.59521484375
14,59,88,CulturaX,1575.421875,2,134,False,26.7020656779661
22,101,138,CulturaX,2808.078125,4,220,False,27.802753712871286
20,89,132,CulturaX,2522.421875,3,177,False,28.34181882022472
22,101,140,CulturaX,2442.96875,3,177,False,24.187809405940595
7,29,36,CulturaX,748.8125,1,91,True,25.82112068965517
11,40,56,CulturaX,1094.515625,2,134,False,27.362890625
37,175,245,CulturaX,4570.53125,6,306,False,26.11732142857143
51,240,336,CulturaX,6588.0625,8,392,False,27.450260416666666
7,26,37,CulturaX,646.65625,1,91,True,24.87139423076923
21,104,153,CulturaX,2702.09375,4,220,False,25.981670673076923
8,29,42,CulturaX,736.015625,1,91,True,25.379849137931036
8,42,55,CulturaX,892.234375,1,91,True,21.243675595238095
9,39,57,CulturaX,934.96875,1,91,True,23.973557692307693
8,34,48,CulturaX,924.59375,1,91,True,27.193933823529413
27,112,162,CulturaX,3055.375,4,220,False,27.280133928571427
18,82,122,CulturaX,2116.5625,3,177,False,25.81173780487805
18,78,110,CulturaX,2033.109375,3,177,False,26.065504807692307
15,68,98,CulturaX,1798.09375,2,134,False,26.442555147058822
26,115,163,CulturaX,3148.125,4,220,False,27.375
36,186,270,CulturaX,5115.3125,6,306,False,27.50168010752688
21,117,160,CulturaX,2860.28125,4,220,False,24.44684829059829
11,53,74,CulturaX,1445.703125,2,134,False,27.27741745283019
21,94,122,CulturaX,2333.40625,3,177,False,24.82347074468085
8,37,54,CulturaX,995.609375,2,134,False,26.908361486486488
10,44,65,CulturaX,1192.59375,2,134,False,27.10440340909091
16,82,128,CulturaX,2268.546875,3,177,False,27.665205792682926
8,35,47,CulturaX,833.203125,1,91,True,23.805803571428573
7,31,42,CulturaX,842.609375,1,91,True,27.18094758064516
7,34,52,CulturaX,943.765625,1,91,True,27.7578125
21,89,121,CulturaX,2267.453125,3,177,False,25.47700140449438
17,78,107,CulturaX,2191.203125,3,177,False,28.092347756410255
7,29,42,CulturaX,880.390625,1,91,True,30.358297413793103
7,28,40,CulturaX,676.25,1,91,True,24.151785714285715
13,61,84,CulturaX,1632.46875,2,134,False,26.761782786885245
24,101,133,CulturaX,2565.734375,3,177,False,25.403310643564357
12,45,65,CulturaX,1056.015625,2,134,False,23.46701388888889
17,72,102,CulturaX,1940.953125,3,177,False,26.957682291666668
7,28,39,CulturaX,745.328125,1,91,True,26.618861607142858
19,81,116,CulturaX,2155.6875,3,177,False,26.613425925925927
9,31,46,CulturaX,835.328125,1,91,True,26.946068548387096
7,29,41,CulturaX,799.375,1,91,True,27.564655172413794
7,30,47,CulturaX,846.53125,1,91,True,28.217708333333334
12,58,84,CulturaX,1545.515625,2,134,False,26.646821120689655
8,33,46,CulturaX,901.0625,1,91,True,27.304924242424242
8,33,46,CulturaX,908.34375,1,91,True,27.525568181818183
29,131,172,CulturaX,3436.4375,4,220,False,26.232347328244273
7,31,43,CulturaX,820.75,1,91,True,26.475806451612904
9,34,45,CulturaX,946.359375,1,91,True,27.834099264705884
16,76,112,CulturaX,2031.421875,3,177,False,26.72923519736842
7,28,36,CulturaX,743.21875,1,91,True,26.543526785714285
19,92,127,CulturaX,2497.5625,3,177,False,27.14741847826087
25,109,156,CulturaX,2896.84375,4,220,False,26.576548165137616
12,41,53,CulturaX,1000.875,2,134,False,24.411585365853657
18,93,125,CulturaX,2460.359375,3,177,False,26.455477150537636
16,72,95,CulturaX,1893.234375,3,177,False,26.294921875
17,83,119,CulturaX,2095.828125,3,177,False,25.25094126506024
21,96,134,CulturaX,2531.90625,3,177,False,26.3740234375
12,48,73,CulturaX,1310.109375,2,134,False,27.2939453125
12,56,79,CulturaX,1499.375,2,134,False,26.774553571428573
10,41,59,CulturaX,1214.171875,2,134,False,29.613948170731707
7,42,60,CulturaX,1093.359375,2,134,False,26.032366071428573
12,65,100,CulturaX,1816.875,2,134,False,27.951923076923077
28,135,201,CulturaX,3575.09375,4,220,False,26.482175925925926
12,42,55,CulturaX,1134.75,2,134,False,27.017857142857142
21,112,157,CulturaX,2945.65625,4,220,False,26.300502232142858
13,76,104,CulturaX,2010.03125,3,177,False,26.447779605263158
17,70,96,CulturaX,1867.859375,3,177,False,26.683705357142856
17,106,154,CulturaX,2963.6875,4,220,False,27.95931603773585
46,182,256,CulturaX,4862.015625,6,306,False,26.714371565934066
21,81,116,CulturaX,2206.5625,3,177,False,27.241512345679013
17,73,98,CulturaX,1873.359375,2,134,False,25.66245719178082
10,36,52,CulturaX,1049.34375,2,134,False,29.1484375
32,162,229,CulturaX,4460.09375,6,306,False,27.531442901234566
16,72,104,CulturaX,1971.796875,3,177,False,27.386067708333332
24,110,155,CulturaX,2908.015625,4,220,False,26.436505681818183
10,43,71,CulturaX,1097.71875,2,134,False,25.528343023255815
50,245,334,CulturaX,6489.875,7,349,False,26.489285714285714
8,29,42,CulturaX,840.40625,1,91,True,28.979525862068964
16,70,102,CulturaX,1886.640625,2,134,False,26.952008928571427
48,261,329,CulturaX,6271.96875,7,349,False,24.030531609195403
14,64,86,CulturaX,1648.984375,2,134,False,25.765380859375
11,54,70,CulturaX,1423.453125,2,134,False,26.360243055555557
22,102,138,CulturaX,2599.3125,3,177,False,25.483455882352942
24,116,150,CulturaX,2925.3125,4,220,False,25.21821120689655
10,48,69,CulturaX,1316.46875,2,134,False,27.426432291666668
14,53,77,CulturaX,1405.265625,2,134,False,26.51444575471698
7,28,38,CulturaX,799.734375,1,91,True,28.561941964285715
13,56,80,CulturaX,1472.234375,2,134,False,26.289899553571427
15,74,92,CulturaX,1823.1875,2,134,False,24.63766891891892
12,47,63,CulturaX,1088.328125,2,134,False,23.15591755319149
23,106,149,CulturaX,2754.25,4,220,False,25.983490566037737
14,74,104,CulturaX,2065.359375,3,177,False,27.910261824324323
33,161,240,CulturaX,4320.46875,5,263,False,26.835209627329192
18,82,115,CulturaX,2242.453125,3,177,False,27.346989329268293
23,99,147,CulturaX,2735.890625,3,177,False,27.635258838383837
30,146,212,CulturaX,3990.34375,5,263,False,27.331121575342465
11,50,73,CulturaX,1386.078125,2,134,False,27.7215625
28,115,170,CulturaX,3090.984375,4,220,False,26.878125
11,36,48,CulturaX,945.421875,1,91,True,26.26171875
9,43,63,CulturaX,1208.625,2,134,False,28.107558139534884
18,90,120,CulturaX,2286.5,3,177,False,25.405555555555555
7,25,33,CulturaX,672.078125,1,91,True,26.883125
26,121,180,CulturaX,3194.921875,4,220,False,26.404313016528924
8,38,52,CulturaX,1011.828125,2,134,False,26.62705592105263
37,153,200,CulturaX,4038.453125,5,263,False,26.39511846405229
7,32,50,CulturaX,951.96875,1,91,True,29.7490234375
23,96,136,CulturaX,2670.046875,3,177,False,27.81298828125
18,76,96,CulturaX,1932.375,3,177,False,25.425986842105264
14,66,94,CulturaX,1821.125,2,134,False,27.59280303030303
18,73,99,CulturaX,1964.953125,3,177,False,26.917166095890412
18,78,106,CulturaX,2096.46875,3,177,False,26.877804487179485
99,414,564,CulturaX,10657.390625,12,564,False,25.74248943236715
26,126,186,CulturaX,3694.359375,5,263,False,29.3203125
9,40,51,CulturaX,984.375,2,134,False,24.609375
21,88,125,CulturaX,2278.328125,3,177,False,25.890092329545453
18,100,129,CulturaX,2524.8125,3,177,False,25.248125
17,87,111,CulturaX,2133.5625,3,177,False,24.523706896551722
12,56,80,CulturaX,1426.046875,2,134,False,25.465122767857142
24,100,144,CulturaX,2655.796875,3,177,False,26.55796875
10,46,68,CulturaX,1324.671875,2,134,False,28.797214673913043
15,69,98,CulturaX,1852.171875,2,134,False,26.843070652173914
16,72,99,CulturaX,1880.53125,3,177,False,26.118489583333332
28,124,174,CulturaX,3293.75,4,220,False,26.5625
14,54,71,CulturaX,1519.859375,2,134,False,28.14554398148148
11,43,60,CulturaX,1230.609375,2,134,False,28.618822674418606
12,49,72,CulturaX,1248.5,2,134,False,25.479591836734695
10,44,67,CulturaX,1330.640625,2,134,False,30.241832386363637
51,226,314,CulturaX,5612.234375,7,349,False,24.83289546460177
18,68,94,CulturaX,1832.8125,2,134,False,26.953125
11,52,69,CulturaX,1337.84375,2,134,False,25.727764423076923
19,86,129,CulturaX,2176.765625,3,177,False,25.311228197674417
10,48,72,CulturaX,1232.03125,2,134,False,25.667317708333332
11,46,67,CulturaX,1158.078125,2,134,False,25.175611413043477
14,56,79,CulturaX,1567.09375,2,134,False,27.983816964285715
58,266,368,CulturaX,7323.078125,9,435,False,27.530368890977442
24,109,159,CulturaX,2874.453125,4,220,False,26.371129587155963
12,48,67,CulturaX,1242.921875,2,134,False,25.894205729166668
10,45,64,CulturaX,1181.46875,2,134,False,26.25486111111111
28,128,183,CulturaX,3446.265625,4,220,False,26.9239501953125
31,107,166,CulturaX,2810.625,4,220,False,26.26752336448598
8,42,63,CulturaX,1233.953125,2,134,False,29.37983630952381
27,114,163,CulturaX,3048.90625,4,220,False,26.744791666666668
25,102,145,CulturaX,2564.90625,3,177,False,25.14613970588235
7,23,31,CulturaX,596.640625,1,91,True,25.940896739130434
13,52,72,CulturaX,1277.03125,2,134,False,24.55829326923077
25,123,165,CulturaX,3242.859375,4,220,False,26.364710365853657
21,102,137,CulturaX,2666.234375,3,177,False,26.139552696078432
22,101,146,CulturaX,2733.78125,4,220,False,27.06714108910891
7,52,64,CulturaX,1272.40625,2,134,False,24.46935096153846
40,171,234,CulturaX,4657.171875,6,306,False,27.234923245614034
15,76,108,CulturaX,2062.359375,3,177,False,27.136307565789473
29,117,169,CulturaX,3104.578125,4,220,False,26.53485576923077
25,114,157,CulturaX,3005.421875,4,220,False,26.363349780701753
25,105,143,CulturaX,2709.5,3,177,False,25.804761904761904
7,28,42,CulturaX,783.1875,1,91,True,27.970982142857142
22,115,166,CulturaX,3197.96875,4,220,False,27.808423913043477
21,102,142,CulturaX,2669.515625,3,177,False,26.17172181372549
8,32,47,CulturaX,884.859375,1,91,True,27.65185546875
13,57,86,CulturaX,1543.21875,2,134,False,27.074013157894736
13,58,75,CulturaX,1438.171875,2,134,False,24.79606681034483
7,30,41,CulturaX,790.84375,1,91,True,26.361458333333335
20,101,145,CulturaX,2624.46875,4,220,False,25.98483910891089
13,60,82,CulturaX,1655.0625,2,134,False,27.584375
12,61,87,CulturaX,1714.34375,2,134,False,28.103995901639344
20,105,156,CulturaX,2874.796875,4,220,False,27.379017857142856
16,88,125,CulturaX,2282.65625,3,177,False,25.939275568181817
9,36,52,CulturaX,994.71875,2,134,False,27.63107638888889
7,30,41,CulturaX,860.625,1,91,True,28.6875
15,66,89,CulturaX,1668.46875,2,134,False,25.279829545454547
7,33,44,CulturaX,931.328125,1,91,True,28.222064393939394
14,67,91,CulturaX,1836.828125,2,134,False,27.41534514925373
7,39,57,CulturaX,1101.40625,2,134,False,28.241185897435898
35,152,203,CulturaX,3850.25,5,263,False,25.330592105263158
62,296,425,CulturaX,7602.71875,9,435,False,25.68486064189189
21,98,138,CulturaX,2693.625,3,177,False,27.4859693877551
10,42,61,CulturaX,1183.453125,2,134,False,28.177455357142858
8,37,47,CulturaX,913.75,1,91,True,24.695945945945947
14,64,98,CulturaX,1789.15625,2,134,False,27.95556640625
29,118,152,CulturaX,3095.328125,4,220,False,26.231594279661017
12,54,78,CulturaX,1507.15625,2,134,False,27.910300925925927
7,29,43,CulturaX,754.875,1,91,True,26.030172413793103
34,156,210,CulturaX,4160.546875,5,263,False,26.670172275641026
19,90,130,CulturaX,2412.953125,3,177,False,26.810590277777777
11,45,63,CulturaX,1207.265625,2,134,False,26.828125
38,167,233,CulturaX,4381.8125,5,263,False,26.238398203592816
7,21,31,CulturaX,584.703125,1,91,True,27.843005952380953
19,88,135,CulturaX,2470.09375,3,177,False,28.06924715909091
21,102,142,CulturaX,2676.46875,4,220,False,26.23988970588235
16,65,89,CulturaX,1658.21875,2,134,False,25.51105769230769
29,121,169,CulturaX,3310.765625,4,220,False,27.36169938016529
31,160,234,CulturaX,4207.34375,5,263,False,26.2958984375
22,91,124,CulturaX,2437.734375,3,177,False,26.788289835164836
17,86,129,CulturaX,2441.84375,3,177,False,28.393531976744185
22,105,125,CulturaX,2341.9375,3,177,False,22.304166666666667
9,46,68,CulturaX,1168.375,2,134,False,25.39945652173913
11,43,62,CulturaX,1132.5,2,134,False,26.337209302325583
11,46,67,CulturaX,1315.546875,2,134,False,28.598845108695652
9,42,60,CulturaX,1135.0625,2,134,False,27.02529761904762
25,99,135,CulturaX,2563.515625,3,177,False,25.89409722222222
66,307,451,CulturaX,8362.46875,10,478,False,27.239311889250814
13,58,89,CulturaX,1597.265625,2,134,False,27.5390625
14,58,81,CulturaX,1565.921875,2,134,False,26.99865301724138
17,64,91,CulturaX,1681.546875,2,134,False,26.274169921875
19,76,105,CulturaX,2031.859375,3,177,False,26.73499177631579
31,153,222,CulturaX,4227.625,5,263,False,27.63153594771242
40,173,245,CulturaX,4616.875,6,306,False,26.6871387283237
22,82,116,CulturaX,2174.90625,3,177,False,26.523246951219512
10,44,62,CulturaX,1152.96875,2,134,False,26.203835227272727
30,126,180,CulturaX,3353.6875,4,220,False,26.61656746031746
29,141,213,CulturaX,4032.3125,5,263,False,28.5979609929078
13,68,94,CulturaX,1783.90625,2,134,False,26.23391544117647
7,33,42,CulturaX,823.484375,1,91,True,24.95407196969697
37,189,268,CulturaX,5005.84375,6,306,False,26.485945767195766
9,41,59,CulturaX,1089.296875,2,134,False,26.568216463414632
8,30,43,CulturaX,815.046875,1,91,True,27.168229166666666
9,40,56,CulturaX,1084.25,2,134,False,27.10625
7,30,42,CulturaX,865.046875,1,91,True,28.834895833333334
9,35,49,CulturaX,963.5625,2,134,False,27.53035714285714
9,38,52,CulturaX,1047.546875,2,134,False,27.56702302631579
7,37,56,CulturaX,1009.75,2,134,False,27.29054054054054
17,84,121,CulturaX,2209.21875,3,177,False,26.300223214285715
10,41,54,CulturaX,1114.28125,2,134,False,27.177591463414632
9,51,64,CulturaX,1243.640625,2,134,False,24.38511029411765
24,98,141,CulturaX,2546.6875,3,177,False,25.986607142857142
12,62,71,CulturaX,1335.625,2,134,False,21.54233870967742
8,34,45,CulturaX,894.171875,1,91,True,26.29917279411765
54,270,386,CulturaX,7102.15625,8,392,False,26.304282407407406
10,48,68,CulturaX,1254.703125,2,134,False,26.1396484375
27,109,153,CulturaX,3001.859375,4,220,False,27.539994266055047
23,105,156,CulturaX,2782.65625,3,177,False,26.501488095238095
11,42,59,CulturaX,1138.75,2,134,False,27.113095238095237
22,87,121,CulturaX,2387.96875,3,177,False,27.447916666666668
33,140,191,CulturaX,3814.921875,5,263,False,27.249441964285715
10,42,58,CulturaX,1097.59375,2,134,False,26.133184523809526
8,32,46,CulturaX,898.375,1,91,True,28.07421875
7,33,45,CulturaX,810.453125,1,91,True,24.559185606060606
17,81,104,CulturaX,2130.78125,3,177,False,26.30594135802469
18,77,106,CulturaX,1984.078125,3,177,False,25.767248376623378
26,112,158,CulturaX,2916.03125,4,220,False,26.035993303571427
11,52,75,CulturaX,1422.578125,2,134,False,27.357271634615383
9,33,43,CulturaX,835.90625,1,91,True,25.330492424242426
12,50,71,CulturaX,1367.390625,2,134,False,27.3478125
10,61,76,CulturaX,1506.84375,2,134,False,24.702356557377048
7,34,51,CulturaX,936.890625,1,91,True,27.555606617647058
30,136,194,CulturaX,3535.8125,4,220,False,25.998621323529413
16,65,92,CulturaX,1766.5625,2,134,False,27.177884615384617
42,195,280,CulturaX,5454.359375,7,349,False,27.97107371794872
15,73,109,CulturaX,1970.0625,3,177,False,26.987157534246574
42,181,250,CulturaX,4651.828125,6,306,False,25.700707872928177
15,58,77,CulturaX,1566.59375,2,134,False,27.010237068965516
7,35,55,CulturaX,1003.65625,2,134,False,28.675892857142856
9,48,67,CulturaX,1087.28125,2,134,False,22.651692708333332
14,60,92,CulturaX,1558.078125,2,134,False,25.96796875
24,127,186,CulturaX,3311.890625,4,220,False,26.077878937007874
7,33,50,CulturaX,871.484375,1,91,True,26.408617424242426
17,60,82,CulturaX,1607.140625,2,134,False,26.785677083333333
28,125,177,CulturaX,3362.484375,4,220,False,26.899875
40,169,223,CulturaX,4413.859375,5,263,False,26.117511094674555
30,137,180,CulturaX,3432.46875,4,220,False,25.054516423357665
7,32,41,CulturaX,762.15625,1,91,True,23.8173828125
23,106,142,CulturaX,2802.0625,4,220,False,26.434551886792452
7,31,44,CulturaX,742.046875,1,91,True,23.936995967741936
27,144,206,CulturaX,3693.078125,5,263,False,25.646375868055557
12,43,56,CulturaX,1123.390625,2,134,False,26.125363372093023
13,58,82,CulturaX,1525.265625,2,134,False,26.29768318965517
9,35,53,CulturaX,1013.21875,2,134,False,28.949107142857144
25,117,154,CulturaX,2895.046875,4,220,False,24.743990384615383
48,205,288,CulturaX,5515.15625,6,306,False,26.903201219512194
7,30,37,CulturaX,808.875,1,91,True,26.9625
15,59,82,CulturaX,1573.859375,2,134,False,26.675582627118644
16,68,98,CulturaX,1907.90625,3,177,False,28.057444852941178
10,39,53,CulturaX,986.015625,2,134,False,25.282451923076923
10,48,68,CulturaX,1332.515625,2,134,False,27.7607421875
7,29,38,CulturaX,756.546875,1,91,True,26.087823275862068
13,56,71,CulturaX,1452.890625,2,134,False,25.944475446428573
8,35,48,CulturaX,887.34375,1,91,True,25.352678571428573
52,267,358,CulturaX,6646.953125,8,392,False,24.89495552434457
11,57,81,CulturaX,1349.90625,2,134,False,23.682565789473685
20,84,118,CulturaX,2282.484375,3,177,False,27.172433035714285
22,88,117,CulturaX,2304.890625,3,177,False,26.191938920454547
22,88,123,CulturaX,2319.484375,3,177,False,26.357776988636363
13,57,81,CulturaX,1458.15625,2,134,False,25.58168859649123
7,31,39,CulturaX,818.78125,1,91,True,26.412298387096776
27,124,175,CulturaX,3363.515625,4,220,False,27.125126008064516
7,29,41,CulturaX,743.34375,1,91,True,25.632543103448278
32,174,250,CulturaX,4525.578125,6,306,False,26.009069683908045
7,32,37,CulturaX,591.671875,1,91,True,18.48974609375
13,60,79,CulturaX,1510.625,2,134,False,25.177083333333332
13,67,95,CulturaX,1783.125,2,134,False,26.613805970149254
22,100,135,CulturaX,2613.953125,3,177,False,26.13953125
9,37,52,CulturaX,1009.921875,2,134,False,27.29518581081081
10,43,67,CulturaX,1173.515625,2,134,False,27.29106104651163
21,98,133,CulturaX,2675.015625,3,177,False,27.296077806122447
12,55,78,CulturaX,1558.75,2,134,False,28.34090909090909
26,122,177,CulturaX,3295.734375,4,220,False,27.01421618852459
31,158,237,CulturaX,4305.6875,5,263,False,27.25118670886076
9,34,46,CulturaX,905.515625,1,91,True,26.6328125
30,131,192,CulturaX,3515.34375,4,220,False,26.834685114503817
29,135,194,CulturaX,3537.59375,4,220,False,26.204398148148147
23,97,137,CulturaX,2536.359375,3,177,False,26.148034793814432
10,39,57,CulturaX,1044.421875,2,134,False,26.780048076923077
10,39,58,CulturaX,1059.859375,2,134,False,27.17588141025641
10,41,59,CulturaX,1169.828125,2,134,False,28.532393292682926
21,91,137,CulturaX,2393.578125,3,177,False,26.303056318681318
25,112,158,CulturaX,2992.765625,4,220,False,26.721121651785715
29,133,191,CulturaX,3711.21875,5,263,False,27.90390037593985
32,139,192,CulturaX,3752.078125,5,263,False,26.993367805755394
18,93,140,CulturaX,2628.015625,4,220,False,28.25823252688172
27,162,183,CulturaX,3556.765625,4,220,False,21.95534336419753
9,34,45,CulturaX,869.921875,1,91,True,25.5859375
8,34,46,CulturaX,884.875,1,91,True,26.02573529411765
11,44,61,CulturaX,1215.765625,2,134,False,27.631036931818183
24,98,133,CulturaX,2668.921875,3,177,False,27.233896683673468
18,78,108,CulturaX,1999.734375,3,177,False,25.637620192307693
10,50,78,CulturaX,1383.5625,2,134,False,27.67125
9,46,70,CulturaX,1267.25,2,134,False,27.54891304347826
9,41,58,CulturaX,1135.03125,2,134,False,27.683689024390244
20,81,112,CulturaX,2037.03125,3,177,False,25.148533950617285
7,28,38,CulturaX,712.609375,1,91,True,25.450334821428573
8,43,63,CulturaX,1213.609375,2,134,False,28.2234738372093
20,79,109,CulturaX,1964.75,3,177,False,24.870253164556964
10,42,53,CulturaX,1031.46875,2,134,False,24.558779761904763
15,77,106,CulturaX,1861.875,2,134,False,24.180194805194805
22,101,142,CulturaX,2266.9375,3,177,False,22.444925742574256
18,70,100,CulturaX,1913.90625,3,177,False,27.341517857142858
19,85,116,CulturaX,1906.625,3,177,False,22.430882352941175
15,64,84,CulturaX,1607.6875,2,134,False,25.1201171875
12,52,75,CulturaX,1396.34375,2,134,False,26.852764423076923
7,30,45,CulturaX,777.4375,1,91,True,25.914583333333333
17,69,95,CulturaX,1785.859375,2,134,False,25.88201992753623
25,119,170,CulturaX,3053.90625,4,220,False,25.663077731092436
11,69,102,CulturaX,1869.8125,3,177,False,27.098731884057973
11,43,59,CulturaX,1111.5625,2,134,False,25.850290697674417
16,68,104,CulturaX,1875.53125,3,177,False,27.581341911764707
8,49,63,CulturaX,1189.984375,2,134,False,24.285395408163264
8,34,42,CulturaX,884.203125,1,91,True,26.005974264705884
25,101,150,CulturaX,2781.390625,3,177,False,27.53852103960396
8,30,43,CulturaX,731.09375,1,91,True,24.369791666666668
7,23,30,CulturaX,548.34375,1,91,True,23.841032608695652
13,56,81,CulturaX,1565.0625,2,134,False,27.947544642857142
32,143,212,CulturaX,3759.0,5,263,False,26.286713286713287
9,39,60,CulturaX,1102.625,2,134,False,28.272435897435898
20,102,146,CulturaX,2657.515625,4,220,False,26.05407475490196
15,66,93,CulturaX,1794.46875,2,134,False,27.188920454545453
14,57,79,CulturaX,1618.25,2,134,False,28.390350877192983
20,82,114,CulturaX,2070.375,3,177,False,25.2484756097561
19,96,145,CulturaX,2627.359375,3,177,False,27.368326822916668
15,66,92,CulturaX,1846.78125,2,134,False,27.98153409090909
9,43,61,CulturaX,1199.28125,2,134,False,27.890261627906977
18,83,117,CulturaX,2048.453125,3,177,False,24.68015813253012
48,218,312,CulturaX,5522.671875,6,306,False,25.33335722477064
10,45,63,CulturaX,1173.5,2,134,False,26.07777777777778
12,48,65,CulturaX,1233.3125,2,134,False,25.694010416666668
8,46,69,CulturaX,1260.09375,2,134,False,27.393342391304348
7,28,36,CulturaX,626.140625,1,91,True,22.362165178571427
32,128,179,CulturaX,3417.78125,4,220,False,26.701416015625
33,162,225,CulturaX,4364.890625,5,263,False,26.943769290123456
17,82,119,CulturaX,2149.03125,3,177,False,26.207698170731707
22,98,133,CulturaX,2448.265625,3,177,False,24.982302295918366
10,46,63,CulturaX,1234.171875,2,134,False,26.82982336956522
27,129,181,CulturaX,3464.90625,4,220,False,26.859738372093023
11,39,52,CulturaX,986.265625,2,134,False,25.28886217948718
14,70,96,CulturaX,1764.203125,2,134,False,25.202901785714285
7,24,31,CulturaX,590.09375,1,91,True,24.587239583333332
18,78,115,CulturaX,2157.0625,3,177,False,27.654647435897434
18,73,104,CulturaX,2046.5,3,177,False,28.034246575342465
17,68,99,CulturaX,1878.0625,3,177,False,27.618566176470587
44,202,283,CulturaX,5408.828125,6,306,False,26.776376856435643
11,42,55,CulturaX,1040.53125,2,134,False,24.774553571428573
30,130,182,CulturaX,3400.59375,4,220,False,26.158413461538462
7,26,39,CulturaX,829.84375,1,91,True,31.917067307692307
11,44,70,CulturaX,1197.40625,2,134,False,27.21377840909091
11,47,61,CulturaX,1188.234375,2,134,False,25.28158244680851
20,94,137,CulturaX,2538.328125,3,177,False,27.00349069148936
25,104,140,CulturaX,2732.25,3,177,False,26.271634615384617
37,145,222,CulturaX,3997.546875,5,263,False,27.56928879310345
32,154,194,CulturaX,3699.875,5,263,False,24.025162337662337
31,141,203,CulturaX,3831.46875,5,263,False,27.173537234042552
9,30,41,CulturaX,836.609375,1,91,True,27.886979166666666
16,67,95,CulturaX,1843.546875,3,177,False,27.515625
19,90,133,CulturaX,2431.234375,3,177,False,27.013715277777777
20,118,167,CulturaX,3040.59375,4,220,False,25.767743644067796
27,125,174,CulturaX,3107.84375,4,220,False,24.86275
12,40,53,CulturaX,1003.15625,2,134,False,25.07890625
39,173,245,CulturaX,4598.234375,6,306,False,26.57938945086705
14,60,85,CulturaX,1592.453125,2,134,False,26.540885416666665
7,31,46,CulturaX,889.65625,1,91,True,28.69858870967742
10,48,63,CulturaX,1248.859375,2,134,False,26.017903645833332
8,26,37,CulturaX,692.796875,1,91,True,26.646033653846153
10,44,64,CulturaX,1197.828125,2,134,False,27.223366477272727
38,165,218,CulturaX,4272.140625,5,263,False,25.891761363636363
24,102,149,CulturaX,2690.21875,3,177,False,26.37469362745098
7,42,64,CulturaX,1141.3125,2,134,False,27.174107142857142
23,110,155,CulturaX,2719.125,3,177,False,24.71931818181818
21,95,136,CulturaX,2462.28125,3,177,False,25.91875
17,79,112,CulturaX,2165.40625,3,177,False,27.41020569620253
8,31,42,CulturaX,817.734375,1,91,True,26.378528225806452
18,83,113,CulturaX,2179.421875,3,177,False,26.258094879518072
10,43,59,CulturaX,1124.15625,2,134,False,26.143168604651162
28,114,158,CulturaX,2944.109375,4,220,False,25.825520833333332
12,57,79,CulturaX,1546.09375,2,134,False,27.124451754385966
13,62,87,CulturaX,1700.390625,2,134,False,27.425655241935484
13,58,79,CulturaX,1467.796875,2,134,False,25.306842672413794
14,53,65,CulturaX,1358.890625,2,134,False,25.63944575471698
25,103,148,CulturaX,2820.453125,4,220,False,27.383040048543688
8,34,50,CulturaX,936.390625,1,91,True,27.540900735294116
7,44,53,CulturaX,984.9375,2,134,False,22.384943181818183
9,39,53,CulturaX,1027.484375,2,134,False,26.345753205128204
7,31,42,CulturaX,863.140625,1,91,True,27.843245967741936
38,184,252,CulturaX,4681.625,6,306,False,25.44361413043478
7,25,34,CulturaX,704.625,1,91,True,28.185
29,137,196,CulturaX,3491.140625,4,220,False,25.482778284671532
25,116,163,CulturaX,2952.21875,4,220,False,25.450161637931036
13,64,90,CulturaX,1780.3125,2,134,False,27.8173828125
11,39,55,CulturaX,1017.5625,2,134,False,26.091346153846153
12,57,83,CulturaX,1558.03125,2,134,False,27.33388157894737
20,87,124,CulturaX,2356.125,3,177,False,27.08189655172414
9,36,50,CulturaX,935.859375,1,91,True,25.99609375
33,169,263,CulturaX,4716.6875,6,306,False,27.90939349112426
8,42,65,CulturaX,1175.421875,2,134,False,27.98623511904762
8,28,40,CulturaX,759.359375,1,91,True,27.119977678571427
18,76,109,CulturaX,2086.890625,3,177,False,27.45908717105263
15,64,92,CulturaX,1605.46875,2,134,False,25.08544921875
11,45,64,CulturaX,1248.828125,2,134,False,27.75173611111111
11,47,63,CulturaX,1258.25,2,134,False,26.77127659574468
40,188,266,CulturaX,4987.078125,6,306,False,26.52701130319149
14,62,93,CulturaX,1701.03125,2,134,False,27.435987903225808
14,72,101,CulturaX,1915.234375,3,177,False,26.600477430555557
19,80,114,CulturaX,2017.109375,3,177,False,25.2138671875
10,52,74,CulturaX,1376.484375,2,134,False,26.470853365384617
10,48,75,CulturaX,1289.578125,2,134,False,26.8662109375
18,77,111,CulturaX,2052.796875,3,177,False,26.659699675324674
9,34,47,CulturaX,872.328125,1,91,True,25.65670955882353
12,45,61,CulturaX,1229.296875,2,134,False,27.317708333333332
13,58,82,CulturaX,1477.40625,2,134,False,25.47252155172414
14,67,87,CulturaX,1657.390625,2,134,False,24.737173507462686
14,50,72,CulturaX,1388.984375,2,134,False,27.7796875
14,71,102,CulturaX,1904.359375,3,177,False,26.821963028169016
18,107,144,CulturaX,2821.125,4,220,False,26.365654205607477
40,169,230,CulturaX,4497.5625,5,263,False,26.612795857988164
8,40,58,CulturaX,1149.3125,2,134,False,28.7328125
10,35,49,CulturaX,960.546875,2,134,False,27.444196428571427
23,103,143,CulturaX,2700.46875,3,177,False,26.218143203883496
17,78,114,CulturaX,2172.5625,3,177,False,27.853365384615383
7,36,55,CulturaX,957.9375,1,91,True,26.609375
20,88,122,CulturaX,2255.359375,3,177,False,25.629083806818183
7,30,41,CulturaX,784.796875,1,91,True,26.159895833333334
7,25,33,CulturaX,614.875,1,91,True,24.595
18,90,121,CulturaX,2268.984375,3,177,False,25.2109375
27,130,186,CulturaX,3274.140625,4,220,False,25.185697115384617
11,44,64,CulturaX,1149.8125,2,134,False,26.132102272727273
8,39,49,CulturaX,883.171875,1,91,True,22.645432692307693
15,70,91,CulturaX,1670.890625,2,134,False,23.86986607142857
59,292,417,CulturaX,8096.109375,9,435,False,27.72640196917808
18,77,105,CulturaX,1982.734375,3,177,False,25.74979707792208
30,140,185,CulturaX,3687.859375,4,220,False,26.341852678571428
48,235,327,CulturaX,6258.03125,7,349,False,26.629920212765956
10,41,58,CulturaX,1170.828125,2,134,False,28.556783536585368
15,70,101,CulturaX,1841.78125,2,134,False,26.311160714285716
9,45,67,CulturaX,1182.390625,2,134,False,26.275347222222223
7,29,43,CulturaX,710.84375,1,91,True,24.51185344827586
12,44,63,CulturaX,1216.25,2,134,False,27.642045454545453
10,35,45,CulturaX,944.734375,1,91,True,26.992410714285715
11,50,70,CulturaX,1362.90625,2,134,False,27.258125
31,136,189,CulturaX,3629.609375,4,220,False,26.688304227941178
16,67,91,CulturaX,1786.359375,2,134,False,26.662080223880597
27,97,135,CulturaX,2548.796875,3,177,False,26.27625644329897
17,80,117,CulturaX,2228.546875,3,177,False,27.8568359375
19,72,106,CulturaX,1923.046875,3,177,False,26.708984375
32,139,190,CulturaX,3847.1875,5,263,False,27.677607913669064
20,111,159,CulturaX,3172.6875,4,220,False,28.58277027027027
9,37,54,CulturaX,1018.46875,2,134,False,27.52618243243243
16,74,107,CulturaX,1948.484375,3,177,False,26.33086993243243
13,61,87,CulturaX,1604.921875,2,134,False,26.310194672131146
18,81,117,CulturaX,2170.3125,3,177,False,26.79398148148148
12,57,78,CulturaX,1543.5625,2,134,False,27.080043859649123
13,53,74,CulturaX,1421.34375,2,134,False,26.817806603773583
12,51,76,CulturaX,1477.578125,2,134,False,28.972120098039216
21,92,127,CulturaX,2519.71875,3,177,False,27.388247282608695
26,130,190,CulturaX,3577.21875,4,220,False,27.517067307692308
17,84,123,CulturaX,2183.9375,3,177,False,25.999255952380953
40,184,256,CulturaX,4688.640625,6,306,False,25.481742527173914
9,51,75,CulturaX,1442.609375,2,134,False,28.286458333333332
11,50,70,CulturaX,1205.25,2,134,False,24.105
7,34,52,CulturaX,1004.203125,2,134,False,29.535386029411764
18,84,128,CulturaX,2384.578125,3,177,False,28.387834821428573
14,61,84,CulturaX,1610.734375,2,134,False,26.405481557377048
8,41,56,CulturaX,855.0,1,91,True,20.853658536585368
9,41,54,CulturaX,1049.390625,2,134,False,25.594893292682926
7,28,36,CulturaX,755.171875,1,91,True,26.970424107142858
17,76,111,CulturaX,2094.828125,3,177,False,27.563527960526315
32,151,212,CulturaX,3935.96875,5,263,False,26.06601821192053
24,106,151,CulturaX,2812.828125,4,220,False,26.536114386792452
7,34,44,CulturaX,856.421875,1,91,True,25.188878676470587
11,51,80,CulturaX,1371.1875,2,134,False,26.886029411764707
9,39,53,CulturaX,1004.046875,2,134,False,25.744791666666668
8,38,50,CulturaX,989.640625,2,134,False,26.043174342105264
7,27,37,CulturaX,703.75,1,91,True,26.064814814814813
20,97,140,CulturaX,2612.90625,3,177,False,26.937177835051546
16,86,123,CulturaX,2306.734375,3,177,False,26.82249273255814
12,49,72,CulturaX,1263.578125,2,134,False,25.787308673469386
35,159,219,CulturaX,4222.21875,5,263,False,26.55483490566038
9,31,38,CulturaX,798.65625,1,91,True,25.763104838709676
16,70,103,CulturaX,1919.90625,3,177,False,27.427232142857143
20,96,131,CulturaX,2549.359375,3,177,False,26.555826822916668
15,75,103,CulturaX,1913.328125,2,134,False,25.511041666666667
16,65,98,CulturaX,1800.3125,2,134,False,27.697115384615383
8,32,44,CulturaX,912.515625,1,91,True,28.51611328125
23,116,159,CulturaX,3039.234375,4,220,False,26.200296336206897
27,129,204,CulturaX,3566.34375,4,220,False,27.646075581395348
9,45,66,CulturaX,1251.84375,2,134,False,27.81875
18,78,117,CulturaX,2143.25,3,177,False,27.477564102564102
18,81,111,CulturaX,2133.5625,3,177,False,26.34027777777778
16,62,89,CulturaX,1650.109375,2,134,False,26.614667338709676
13,52,75,CulturaX,1452.0,2,134,False,27.923076923076923
15,63,83,CulturaX,1604.53125,2,134,False,25.46875
11,46,69,CulturaX,1289.328125,2,134,False,28.028872282608695
17,75,108,CulturaX,2087.828125,3,177,False,27.83770833333333
16,65,90,CulturaX,1629.65625,2,134,False,25.071634615384614
26,113,160,CulturaX,3013.609375,4,220,False,26.669109513274336
19,86,130,CulturaX,2429.578125,3,177,False,28.25090843023256
7,32,42,CulturaX,890.671875,1,91,True,27.83349609375
14,58,78,CulturaX,1542.546875,2,134,False,26.595635775862068
10,43,61,CulturaX,1153.890625,2,134,False,26.834665697674417
15,56,77,CulturaX,1530.34375,2,134,False,27.327566964285715
9,43,66,CulturaX,1107.546875,2,134,False,25.75690406976744
33,128,182,CulturaX,3433.28125,4,220,False,26.822509765625
39,195,276,CulturaX,4799.984375,6,306,False,24.615304487179486
8,35,42,CulturaX,908.65625,1,91,True,25.961607142857144
22,97,134,CulturaX,2664.28125,3,177,False,27.466817010309278
34,154,222,CulturaX,4265.109375,5,263,False,27.69551542207792
9,45,66,CulturaX,1216.40625,2,134,False,27.03125
18,87,118,CulturaX,2191.640625,3,177,False,25.19127155172414
55,287,415,CulturaX,7569.40625,9,435,False,26.37423780487805
16,68,96,CulturaX,1826.859375,2,134,False,26.86557904411765
17,62,85,CulturaX,1622.53125,2,134,False,26.16985887096774
8,29,42,CulturaX,827.671875,1,91,True,28.54040948275862
25,110,158,CulturaX,2997.703125,4,220,False,27.25184659090909
11,44,62,CulturaX,1124.984375,2,134,False,25.567826704545453
25,119,168,CulturaX,3120.296875,4,220,False,26.220982142857142
14,65,100,CulturaX,1854.625,2,134,False,28.532692307692308
22,107,156,CulturaX,2744.296875,3,177,False,25.647634345794394
15,67,100,CulturaX,1829.625,2,134,False,27.307835820895523
14,62,88,CulturaX,1691.09375,2,134,False,27.275705645161292
9,44,63,CulturaX,1142.890625,2,134,False,25.974786931818183
24,95,125,CulturaX,2479.484375,3,177,False,26.09983552631579
20,94,141,CulturaX,2418.859375,3,177,False,25.73254654255319
26,100,135,CulturaX,2499.421875,3,177,False,24.99421875
15,77,108,CulturaX,2013.109375,3,177,False,26.1442775974026
7,31,42,CulturaX,831.375,1,91,True,26.818548387096776
7,27,41,CulturaX,812.640625,1,91,True,30.097800925925927
8,31,46,CulturaX,922.6875,1,91,True,29.764112903225808
7,28,38,CulturaX,750.046875,1,91,True,26.787388392857142
49,223,289,CulturaX,5453.53125,6,306,False,24.455297085201792
8,29,43,CulturaX,813.5,1,91,True,28.051724137931036
23,107,151,CulturaX,2784.765625,3,177,False,26.02584696261682
19,81,112,CulturaX,2007.359375,3,177,False,24.78221450617284
8,43,63,CulturaX,1217.296875,2,134,False,28.30922965116279
9,41,54,CulturaX,1083.6875,2,134,False,26.43140243902439
22,101,140,CulturaX,2633.46875,3,177,False,26.073948019801982
30,150,218,CulturaX,4123.046875,5,263,False,27.486979166666668
16,74,105,CulturaX,1993.21875,3,177,False,26.935388513513512
11,57,80,CulturaX,1567.890625,2,134,False,27.50685307017544
11,53,80,CulturaX,1456.40625,2,134,False,27.47936320754717
14,55,76,CulturaX,1385.03125,2,134,False,25.182386363636365
33,171,247,CulturaX,4634.484375,5,263,False,27.102247807017545
8,36,50,CulturaX,1006.953125,2,134,False,27.97092013888889
7,30,40,CulturaX,796.875,1,91,True,26.5625
34,125,183,CulturaX,3323.828125,4,220,False,26.590625
8,47,84,CulturaX,1377.25,2,134,False,29.3031914893617
11,46,63,CulturaX,1239.453125,2,134,False,26.944633152173914
7,34,48,CulturaX,870.421875,1,91,True,25.600643382352942
11,43,58,CulturaX,990.0,2,134,False,23.023255813953487
15,52,77,CulturaX,1450.859375,2,134,False,27.901141826923077
7,28,36,CulturaX,680.5625,1,91,True,24.305803571428573
19,77,99,CulturaX,1985.34375,3,177,False,25.783685064935064
16,78,104,CulturaX,2161.640625,3,177,False,27.713341346153847
18,73,99,CulturaX,1918.484375,3,177,False,26.280607876712327
8,41,56,CulturaX,1010.375,2,134,False,24.64329268292683
8,35,47,CulturaX,828.796875,1,91,True,23.679910714285715
8,33,45,CulturaX,881.296875,1,91,True,26.70596590909091
8,33,42,CulturaX,843.96875,1,91,True,25.574810606060606
24,105,147,CulturaX,2742.046875,4,220,False,26.114732142857143
27,116,153,CulturaX,3128.765625,4,220,False,26.97211745689655
12,41,59,CulturaX,1064.578125,2,134,False,25.96532012195122
23,111,171,CulturaX,2888.703125,4,220,False,26.02435247747748
8,35,52,CulturaX,958.6875,1,91,True,27.39107142857143
10,49,73,CulturaX,1378.609375,2,134,False,28.134885204081634
7,30,49,CulturaX,787.140625,1,91,True,26.238020833333334
15,57,76,CulturaX,1432.203125,2,134,False,25.12637061403509
7,26,38,CulturaX,699.140625,1,91,True,26.89002403846154
24,96,134,CulturaX,2538.625,3,177,False,26.444010416666668
9,38,57,CulturaX,1007.5625,2,134,False,26.51480263157895
16,73,100,CulturaX,1930.03125,3,177,False,26.43878424657534
11,49,68,CulturaX,1413.375,2,134,False,28.84438775510204
7,33,52,CulturaX,975.09375,2,134,False,29.548295454545453
18,77,99,CulturaX,2042.0625,3,177,False,26.520292207792206
27,126,185,CulturaX,3491.0,5,263,False,27.706349206349206
9,39,49,CulturaX,989.8125,2,134,False,25.379807692307693
9,33,52,CulturaX,939.71875,1,91,True,28.476325757575758
9,42,56,CulturaX,1003.21875,2,134,False,23.886160714285715
9,33,51,CulturaX,978.125,2,134,False,29.640151515151516
12,57,82,CulturaX,1529.125,2,134,False,26.82675438596491
10,49,68,CulturaX,1360.5625,2,134,False,27.76658163265306
12,49,69,CulturaX,1334.703125,2,134,False,27.238839285714285
21,99,146,CulturaX,2622.9375,3,177,False,26.494318181818183
12,44,62,CulturaX,1202.4375,2,134,False,27.328125
11,77,95,CulturaX,1684.671875,2,134,False,21.87885551948052
21,98,140,CulturaX,2608.171875,3,177,False,26.613998724489797
27,126,185,CulturaX,3378.234375,4,220,False,26.811383928571427
17,75,111,CulturaX,2087.5,3,177,False,27.833333333333332
12,51,70,CulturaX,1383.28125,2,134,False,27.123161764705884
15,72,100,CulturaX,1878.828125,2,134,False,26.094835069444443
11,54,80,CulturaX,1444.5,2,134,False,26.75
16,70,95,CulturaX,1825.40625,2,134,False,26.07723214285714
14,58,90,CulturaX,1659.765625,2,134,False,28.61664870689655
8,39,57,CulturaX,1022.5625,2,134,False,26.21955128205128
18,80,109,CulturaX,2124.328125,3,177,False,26.5541015625
16,68,98,CulturaX,1836.890625,2,134,False,27.013097426470587
13,53,79,CulturaX,1518.796875,2,134,False,28.656544811320753
54,368,459,CulturaX,7813.734375,9,435,False,21.232973845108695
13,59,78,CulturaX,1441.515625,2,134,False,24.432468220338983
12,59,88,CulturaX,1660.5,2,134,False,28.14406779661017
19,83,112,CulturaX,2140.625,3,177,False,25.79066265060241
19,86,123,CulturaX,2252.90625,3,177,False,26.196584302325583
9,40,58,CulturaX,1073.453125,2,134,False,26.836328125
17,76,109,CulturaX,2008.0,3,177,False,26.42105263157895
32,151,216,CulturaX,3957.734375,5,263,False,26.21016142384106
19,71,96,CulturaX,1950.53125,3,177,False,27.472271126760564
12,60,85,CulturaX,1535.703125,2,134,False,25.595052083333332
45,201,292,CulturaX,5416.078125,6,306,False,26.945662313432837
19,87,122,CulturaX,2346.125,3,177,False,26.966954022988507
26,135,202,CulturaX,3671.265625,5,263,False,27.194560185185185
7,31,44,CulturaX,769.4375,1,91,True,24.820564516129032
18,92,139,CulturaX,2456.1875,3,177,False,26.697690217391305
9,35,54,CulturaX,941.5,1,91,True,26.9
23,103,137,CulturaX,2782.578125,4,220,False,27.015321601941746
18,74,102,CulturaX,1965.015625,3,177,False,26.5542652027027
8,47,61,CulturaX,1156.859375,2,134,False,24.61402925531915
11,48,67,CulturaX,1320.15625,2,134,False,27.503255208333332
18,78,106,CulturaX,2090.65625,3,177,False,26.803285256410255
7,28,40,CulturaX,786.671875,1,91,True,28.095424107142858
17,81,116,CulturaX,2153.609375,3,177,False,26.587770061728396
22,92,127,CulturaX,2449.203125,3,177,False,26.621773097826086
12,63,87,CulturaX,1625.1875,2,134,False,25.796626984126984
42,180,242,CulturaX,4648.75,5,263,False,25.82638888888889
20,80,118,CulturaX,2069.171875,3,177,False,25.8646484375
17,67,89,CulturaX,1743.453125,2,134,False,26.02168843283582
41,209,305,CulturaX,5739.078125,7,349,False,27.45970394736842
9,28,39,CulturaX,672.640625,1,91,True,24.022879464285715
35,182,250,CulturaX,4516.203125,5,263,False,24.814302884615383
8,36,51,CulturaX,866.03125,1,91,True,24.05642361111111
10,30,40,CulturaX,737.25,1,91,True,24.575
11,52,73,CulturaX,1384.84375,2,134,False,26.631610576923077
9,38,53,CulturaX,1076.703125,2,134,False,28.334292763157894
11,65,78,CulturaX,1459.453125,2,134,False,22.453125
9,35,53,CulturaX,955.421875,1,91,True,27.29776785714286
13,58,78,CulturaX,1423.59375,2,134,False,24.544719827586206
17,83,123,CulturaX,2276.40625,3,177,False,27.426581325301203
8,31,47,CulturaX,853.703125,1,91,True,27.538810483870968
9,32,48,CulturaX,847.890625,1,91,True,26.49658203125
30,148,199,CulturaX,3971.609375,5,263,False,26.83519847972973
12,45,59,CulturaX,1150.0625,2,134,False,25.556944444444444
51,247,340,CulturaX,6350.828125,8,392,False,25.71185475708502
11,48,69,CulturaX,1299.875,2,134,False,27.080729166666668
7,30,43,CulturaX,724.34375,1,91,True,24.144791666666666
10,43,63,CulturaX,1153.953125,2,134,False,26.836119186046513
13,61,83,CulturaX,1529.640625,2,134,False,25.07607581967213
22,86,121,CulturaX,2347.84375,3,177,False,27.30050872093023
9,41,59,CulturaX,1058.421875,2,134,False,25.81516768292683
28,106,141,CulturaX,2714.90625,3,177,False,25.612323113207548
29,135,214,CulturaX,3831.15625,5,263,False,28.378935185185185
9,45,66,CulturaX,1178.859375,2,134,False,26.196875
11,46,62,CulturaX,1211.890625,2,134,False,26.34544836956522
9,50,74,CulturaX,1259.390625,2,134,False,25.1878125
34,161,231,CulturaX,4348.09375,5,263,False,27.00679347826087
23,85,118,CulturaX,2206.8125,3,177,False,25.9625
23,112,163,CulturaX,3237.328125,4,220,False,28.904715401785715
7,29,46,CulturaX,905.171875,1,91,True,31.212823275862068
22,108,160,CulturaX,2909.578125,4,220,False,26.940538194444443
12,55,79,CulturaX,1496.5625,2,134,False,27.210227272727273
12,46,58,CulturaX,1224.21875,2,134,False,26.613451086956523
7,32,45,CulturaX,849.84375,1,91,True,26.5576171875
7,30,48,CulturaX,903.578125,1,91,True,30.119270833333335
11,48,70,CulturaX,1346.84375,2,134,False,28.059244791666668
8,42,60,CulturaX,1211.15625,2,134,False,28.837053571428573
26,117,163,CulturaX,3081.90625,4,220,False,26.34107905982906
13,57,82,CulturaX,1610.390625,2,134,False,28.252467105263158
8,38,52,CulturaX,995.203125,2,134,False,26.18955592105263
9,40,54,CulturaX,1025.390625,2,134,False,25.634765625
21,104,155,CulturaX,2742.828125,3,177,False,26.37334735576923
41,175,243,CulturaX,4876.875,6,306,False,27.867857142857144
23,109,154,CulturaX,2917.609375,4,220,False,26.767058486238533
11,45,67,CulturaX,1376.921875,2,134,False,30.598263888888887
13,55,75,CulturaX,1401.046875,2,134,False,25.473579545454545
8,36,48,CulturaX,932.59375,1,91,True,25.905381944444443
10,47,62,CulturaX,1218.875,2,134,False,25.93351063829787
15,66,79,CulturaX,1612.328125,2,134,False,24.429214015151516
33,143,201,CulturaX,3862.453125,5,263,False,27.010161713286713
10,39,53,CulturaX,1122.78125,2,134,False,28.78926282051282
20,94,135,CulturaX,2555.28125,3,177,False,27.183843085106382
8,45,67,CulturaX,1199.9375,2,134,False,26.665277777777778
13,55,78,CulturaX,1556.5,2,134,False,28.3
16,71,100,CulturaX,1839.484375,2,134,False,25.908230633802816
18,80,109,CulturaX,2165.8125,3,177,False,27.07265625
11,49,74,CulturaX,1238.6875,2,134,False,25.279336734693878
16,78,108,CulturaX,2150.828125,3,177,False,27.57471955128205
16,70,95,CulturaX,1805.171875,2,134,False,25.78816964285714
34,163,209,CulturaX,3985.6875,5,263,False,24.45207055214724
16,63,91,CulturaX,1659.390625,2,134,False,26.33953373015873
38,153,203,CulturaX,3988.078125,5,263,False,26.065870098039216
10,49,67,CulturaX,1251.59375,2,134,False,25.542729591836736
23,119,174,CulturaX,3360.125,5,263,False,28.236344537815125
21,95,140,CulturaX,2481.703125,3,177,False,26.123190789473686
44,205,290,CulturaX,5647.0625,7,349,False,27.546646341463415
16,78,109,CulturaX,1927.046875,3,177,False,24.705729166666668
12,48,71,CulturaX,1287.921875,2,134,False,26.831705729166668
9,47,58,CulturaX,1047.203125,2,134,False,22.28091755319149
54,245,346,CulturaX,6452.796875,8,392,False,26.337946428571428
9,37,55,CulturaX,1084.484375,2,134,False,29.310388513513512
12,51,69,CulturaX,1429.0,2,134,False,28.019607843137255
41,182,251,CulturaX,4651.1875,6,306,False,25.555975274725274
14,48,70,CulturaX,1290.734375,2,134,False,26.890299479166668
15,67,102,CulturaX,1886.25,3,177,False,28.152985074626866
7,28,40,CulturaX,684.1875,1,91,True,24.435267857142858
11,73,98,CulturaX,1884.359375,2,134,False,25.813142123287673
41,180,253,CulturaX,4606.625,5,263,False,25.59236111111111
8,30,48,CulturaX,870.359375,1,91,True,29.011979166666666
10,35,49,CulturaX,917.390625,1,91,True,26.211160714285715
13,65,86,CulturaX,1670.734375,2,134,False,25.70360576923077
26,112,166,CulturaX,3100.640625,4,220,False,27.684291294642858
39,188,280,CulturaX,4898.5625,6,306,False,26.0561835106383
45,214,324,CulturaX,6070.46875,7,349,False,28.36667640186916
36,160,237,CulturaX,4200.109375,5,263,False,26.25068359375
35,165,232,CulturaX,4388.84375,5,263,False,26.59905303030303
21,90,131,CulturaX,2275.265625,3,177,False,25.280729166666667
9,42,58,CulturaX,1055.6875,2,134,False,25.135416666666668
23,88,128,CulturaX,2336.625,3,177,False,26.552556818181817
14,71,90,CulturaX,1749.625,2,134,False,24.642605633802816
24,105,141,CulturaX,2669.09375,3,177,False,25.419940476190476
8,36,50,CulturaX,1007.03125,2,134,False,27.97309027777778
10,47,70,CulturaX,1340.609375,2,134,False,28.523603723404257
29,122,170,CulturaX,3129.046875,4,220,False,25.64792520491803
15,70,97,CulturaX,1870.234375,3,177,False,26.717633928571427
8,36,57,CulturaX,961.140625,2,134,False,26.698350694444443
32,140,193,CulturaX,3615.359375,4,220,False,25.823995535714285
19,84,123,CulturaX,2206.609375,3,177,False,26.269159226190474
8,44,60,CulturaX,1101.046875,2,134,False,25.023792613636363
18,86,121,CulturaX,2324.6875,3,177,False,27.03125
14,53,78,CulturaX,1396.484375,2,134,False,26.34876179245283
49,211,302,CulturaX,5522.6875,6,306,False,26.17387440758294
15,74,89,CulturaX,1804.859375,2,134,False,24.389991554054053
15,62,85,CulturaX,1623.0,2,134,False,26.177419354838708
11,42,54,CulturaX,1095.1875,2,134,False,26.075892857142858
25,117,154,CulturaX,3056.1875,4,220,False,26.121260683760685
10,40,54,CulturaX,1018.625,2,134,False,25.465625
18,83,115,CulturaX,2211.015625,3,177,False,26.638742469879517
39,180,258,CulturaX,4921.234375,6,306,False,27.34019097222222
7,27,43,CulturaX,747.3125,1,91,True,27.67824074074074
15,66,92,CulturaX,1758.78125,2,134,False,26.648200757575758
18,82,100,CulturaX,1936.140625,3,177,False,23.611471036585368
13,59,80,CulturaX,1613.8125,2,134,False,27.352754237288135
15,71,103,CulturaX,1935.3125,3,177,False,27.257922535211268
14,52,70,CulturaX,1414.671875,2,134,False,27.205228365384617
35,174,239,CulturaX,4281.375,5,263,False,24.60560344827586
27,124,184,CulturaX,3294.53125,4,220,False,26.568800403225808
9,43,60,CulturaX,1142.46875,2,134,False,26.569040697674417
8,40,51,CulturaX,918.046875,1,91,True,22.951171875
9,44,61,CulturaX,1067.328125,2,134,False,24.257457386363637
15,69,110,CulturaX,1875.5,2,134,False,27.181159420289855
18,84,118,CulturaX,2144.96875,3,177,False,25.535342261904763
7,29,40,CulturaX,740.203125,1,91,True,25.52424568965517
18,87,127,CulturaX,2426.96875,3,177,False,27.896192528735632
18,86,124,CulturaX,2241.40625,3,177,False,26.062863372093023
22,100,140,CulturaX,2586.359375,3,177,False,25.86359375
22,100,141,CulturaX,2669.96875,3,177,False,26.6996875
9,27,34,CulturaX,680.578125,1,91,True,25.20659722222222
33,140,194,CulturaX,3701.953125,4,220,False,26.442522321428573
10,62,84,CulturaX,1406.75,2,134,False,22.68951612903226
8,36,55,CulturaX,1009.890625,2,134,False,28.05251736111111
20,81,112,CulturaX,2024.71875,3,177,False,24.99652777777778
18,90,132,CulturaX,2437.75,3,177,False,27.086111111111112
10,41,59,CulturaX,1090.40625,2,134,False,26.5952743902439
11,47,61,CulturaX,1224.296875,2,134,False,26.048869680851062
7,39,50,CulturaX,953.859375,1,91,True,24.457932692307693
12,49,70,CulturaX,1336.828125,2,134,False,27.28220663265306
24,104,141,CulturaX,2712.078125,4,220,False,26.077674278846153
12,57,76,CulturaX,1503.8125,2,134,False,26.38267543859649
54,248,342,CulturaX,6706.359375,8,392,False,27.041771673387096
22,93,130,CulturaX,2372.796875,3,177,False,25.51394489247312
34,138,177,CulturaX,3546.6875,4,220,False,25.700634057971016
11,46,66,CulturaX,1178.390625,2,134,False,25.6171875
38,154,218,CulturaX,4097.3125,5,263,False,26.605925324675326
26,126,177,CulturaX,3612.578125,5,263,False,28.67125496031746
20,69,98,CulturaX,1699.34375,2,134,False,24.628170289855074
16,65,93,CulturaX,1776.578125,2,134,False,27.331971153846155
32,159,234,CulturaX,4264.96875,5,263,False,26.82370283018868
29,125,188,CulturaX,3328.515625,4,220,False,26.628125
14,65,92,CulturaX,1802.09375,2,134,False,27.724519230769232
7,29,42,CulturaX,888.015625,1,91,True,30.62122844827586
13,58,81,CulturaX,1639.015625,2,134,False,28.258890086206897
22,94,132,CulturaX,2634.71875,3,177,False,28.028922872340427
9,40,55,CulturaX,1011.78125,2,134,False,25.29453125
15,58,85,CulturaX,1489.015625,2,134,False,25.67268318965517
29,113,158,CulturaX,2904.53125,4,220,False,25.703816371681416
9,38,48,CulturaX,962.390625,2,134,False,25.32606907894737
11,48,69,CulturaX,1325.65625,2,134,False,27.617838541666668
12,61,99,CulturaX,1654.65625,2,134,False,27.12551229508197
21,94,121,CulturaX,2487.03125,3,177,False,26.45777925531915
26,112,161,CulturaX,2960.765625,4,220,False,26.435407366071427
9,39,52,CulturaX,974.234375,2,134,False,24.98036858974359
13,50,66,CulturaX,1279.71875,2,134,False,25.594375
11,46,63,CulturaX,1130.953125,2,134,False,24.5859375
8,32,45,CulturaX,868.53125,1,91,True,27.1416015625
22,91,127,CulturaX,2479.8125,3,177,False,27.250686813186814
38,162,226,CulturaX,4129.875,5,263,False,25.493055555555557
9,35,52,CulturaX,957.234375,1,91,True,27.349553571428572
10,35,49,CulturaX,876.375,1,91,True,25.039285714285715
15,67,100,CulturaX,1880.84375,3,177,False,28.072294776119403
24,115,167,CulturaX,3053.796875,4,220,False,26.55475543478261
18,80,122,CulturaX,2225.109375,3,177,False,27.8138671875
31,138,189,CulturaX,3477.8125,4,220,False,25.201539855072465
29,111,158,CulturaX,3074.21875,4,220,False,27.695664414414413
18,90,133,CulturaX,2392.453125,3,177,False,26.5828125
12,56,75,CulturaX,1391.09375,2,134,False,24.840959821428573
7,24,33,CulturaX,689.671875,1,91,True,28.736328125
16,63,87,CulturaX,1704.453125,2,134,False,27.05481150793651
23,87,111,CulturaX,2130.203125,3,177,False,24.485093390804597
7,27,39,CulturaX,755.234375,1,91,True,27.97164351851852
7,27,37,CulturaX,691.34375,1,91,True,25.605324074074073
11,51,70,CulturaX,1455.734375,2,134,False,28.543811274509803
14,64,87,CulturaX,1680.0625,2,134,False,26.2509765625
7,33,46,CulturaX,865.75,1,91,True,26.234848484848484
44,192,267,CulturaX,5211.34375,6,306,False,27.142415364583332
7,29,41,CulturaX,785.078125,1,91,True,27.07165948275862
34,153,231,CulturaX,4072.359375,5,263,False,26.61672794117647
11,48,70,CulturaX,1229.6875,2,134,False,25.618489583333332
11,38,49,CulturaX,981.078125,2,134,False,25.817845394736842
14,66,89,CulturaX,1717.90625,2,134,False,26.028882575757574
17,78,114,CulturaX,2084.09375,3,177,False,26.719150641025642
21,97,133,CulturaX,2703.078125,3,177,False,27.866784793814432
17,78,113,CulturaX,1951.0625,3,177,False,25.013621794871796
16,70,89,CulturaX,1706.4375,2,134,False,24.37767857142857
12,51,66,CulturaX,1257.375,2,134,False,24.654411764705884
16,73,104,CulturaX,1932.640625,3,177,False,26.474529109589042
11,47,64,CulturaX,1169.453125,2,134,False,24.881981382978722
13,54,70,CulturaX,1425.296875,2,134,False,26.394386574074073
7,30,39,CulturaX,781.703125,1,91,True,26.056770833333335
14,61,80,CulturaX,1446.859375,2,134,False,23.719006147540984
17,80,119,CulturaX,2154.15625,3,177,False,26.926953125
7,28,42,CulturaX,714.953125,1,91,True,25.534040178571427
13,62,78,CulturaX,1621.546875,2,134,False,26.153981854838708
10,45,67,CulturaX,1266.125,2,134,False,28.136111111111113
14,69,96,CulturaX,1882.1875,3,177,False,27.278079710144926
7,30,35,CulturaX,699.96875,1,91,True,23.332291666666666
27,131,186,CulturaX,3508.578125,4,220,False,26.783039122137403
16,69,99,CulturaX,1925.71875,3,177,False,27.908967391304348
8,45,53,CulturaX,950.9375,1,91,True,21.131944444444443
46,194,283,CulturaX,5206.5,6,306,False,26.837628865979383
15,58,81,CulturaX,1576.328125,2,134,False,27.178071120689655
9,51,72,CulturaX,1380.28125,2,134,False,27.064338235294116
15,62,94,CulturaX,1650.265625,2,134,False,26.6171875
41,199,278,CulturaX,5137.0625,6,306,False,25.814384422110553
50,218,310,CulturaX,5850.359375,7,349,False,26.83651089449541
9,33,46,CulturaX,845.125,1,91,True,25.609848484848484
11,46,62,CulturaX,1263.359375,2,134,False,27.464334239130434
7,40,59,CulturaX,1064.921875,2,134,False,26.623046875
19,85,115,CulturaX,2083.84375,3,177,False,24.51580882352941
42,198,287,CulturaX,5270.921875,6,306,False,26.620817550505052
16,74,106,CulturaX,2154.78125,3,177,False,29.11866554054054
8,48,60,CulturaX,967.0,2,134,False,20.145833333333332
36,159,220,CulturaX,4093.71875,5,263,False,25.746658805031448
9,56,66,CulturaX,1276.5625,2,134,False,22.795758928571427
13,56,76,CulturaX,1531.8125,2,134,False,27.353794642857142
39,153,210,CulturaX,4006.65625,5,263,False,26.187295751633986
27,117,171,CulturaX,3112.0625,4,220,False,26.598824786324787
12,71,89,CulturaX,1711.875,2,134,False,24.110915492957748
8,39,54,CulturaX,1075.828125,2,134,False,27.58533653846154
27,120,174,CulturaX,3293.734375,4,220,False,27.447786458333333
41,172,241,CulturaX,4393.140625,5,263,False,25.541515261627907
12,68,100,CulturaX,1912.390625,3,177,False,28.12339154411765
16,58,83,CulturaX,1556.390625,2,134,False,26.834321120689655
15,71,108,CulturaX,2049.203125,3,177,False,28.862015845070424
15,73,98,CulturaX,1862.296875,3,177,False,25.510916095890412
10,45,61,CulturaX,1203.546875,2,134,False,26.745486111111113
19,84,121,CulturaX,2150.390625,3,177,False,25.599888392857142
24,115,162,CulturaX,3107.40625,4,220,False,27.02092391304348
8,23,33,CulturaX,596.421875,1,91,True,25.93138586956522
29,126,160,CulturaX,3286.96875,4,220,False,26.087053571428573
8,37,52,CulturaX,965.640625,2,134,False,26.09839527027027
13,56,77,CulturaX,1460.890625,2,134,False,26.087332589285715
26,119,176,CulturaX,3223.46875,4,220,False,27.08797268907563
26,103,140,CulturaX,2592.671875,3,177,False,25.171571601941746
7,34,49,CulturaX,887.53125,1,91,True,26.10386029411765
11,47,61,CulturaX,1130.953125,2,134,False,24.06283244680851
9,43,64,CulturaX,1191.9375,2,134,False,27.719476744186046
7,28,41,CulturaX,713.34375,1,91,True,25.4765625
15,67,101,CulturaX,1925.515625,3,177,False,28.739039179104477
9,46,61,CulturaX,1107.5,2,134,False,24.07608695652174
8,32,44,CulturaX,853.453125,1,91,True,26.67041015625
7,29,42,CulturaX,797.515625,1,91,True,27.50053879310345
9,47,59,CulturaX,1173.875,2,134,False,24.976063829787233
10,37,53,CulturaX,981.046875,2,134,False,26.514780405405407
8,32,44,CulturaX,787.0625,1,91,True,24.595703125
7,25,35,CulturaX,670.78125,1,91,True,26.83125
24,99,142,CulturaX,2577.875,3,177,False,26.039141414141415
7,41,66,CulturaX,1066.84375,2,134,False,26.020579268292682
9,38,57,CulturaX,956.65625,1,91,True,25.17516447368421
35,161,216,CulturaX,4322.875,5,263,False,26.850155279503106
37,167,228,CulturaX,4301.828125,5,263,False,25.7594498502994
14,65,99,CulturaX,1808.4375,3,177,False,27.822115384615383
20,72,98,CulturaX,1951.40625,3,177,False,27.102864583333332
23,111,165,CulturaX,3036.0625,4,220,False,27.351914414414413
11,46,64,CulturaX,1212.0625,2,134,False,26.349184782608695
7,33,40,CulturaX,805.296875,1,91,True,24.402935606060606
25,106,148,CulturaX,2899.265625,4,220,False,27.3515625
7,28,41,CulturaX,744.140625,1,91,True,26.576450892857142
26,105,144,CulturaX,2725.90625,3,177,False,25.961011904761904
15,63,89,CulturaX,1678.875,2,134,False,26.648809523809526
15,75,115,CulturaX,2176.9375,3,177,False,29.025833333333335
15,76,97,CulturaX,1814.65625,2,134,False,23.87705592105263
19,77,106,CulturaX,2028.359375,3,177,False,26.342329545454547
15,64,95,CulturaX,1891.015625,3,177,False,29.547119140625
27,106,139,CulturaX,2694.484375,3,177,False,25.41966391509434
15,70,101,CulturaX,1837.8125,3,177,False,26.254464285714285
16,61,89,CulturaX,1580.25,2,134,False,25.90573770491803
11,44,57,CulturaX,1172.265625,2,134,False,26.642400568181817
12,62,75,CulturaX,1386.109375,2,134,False,22.356602822580644
29,149,216,CulturaX,3935.609375,5,263,False,26.413485738255034
22,102,142,CulturaX,2564.296875,3,177,False,25.14016544117647
13,52,73,CulturaX,1396.328125,2,134,False,26.852463942307693
11,42,61,CulturaX,1078.875,2,134,False,25.6875
20,72,100,CulturaX,1777.609375,2,134,False,24.68901909722222
20,96,137,CulturaX,2676.515625,3,177,False,27.88037109375
19,74,100,CulturaX,1931.296875,3,177,False,26.09860641891892
19,76,107,CulturaX,1974.703125,3,177,False,25.982935855263158
15,64,93,CulturaX,1762.484375,2,134,False,27.538818359375
10,55,76,CulturaX,1259.84375,2,134,False,22.90625
27,109,154,CulturaX,2982.3125,4,220,False,27.360665137614678
8,28,40,CulturaX,752.828125,1,91,True,26.88671875
27,130,179,CulturaX,3381.0625,4,220,False,26.008173076923075
11,47,56,CulturaX,1098.046875,2,134,False,23.362699468085108
25,115,152,CulturaX,2705.25,3,177,False,23.52391304347826
23,105,144,CulturaX,2760.375,4,220,False,26.289285714285715
16,59,81,CulturaX,1565.0625,2,134,False,26.526483050847457
7,38,56,CulturaX,898.296875,1,91,True,23.63939144736842
17,74,107,CulturaX,1936.40625,3,177,False,26.167652027027028
19,96,140,CulturaX,2597.25,3,177,False,27.0546875
17,85,125,CulturaX,2337.46875,3,177,False,27.499632352941177
33,156,192,CulturaX,3589.53125,4,220,False,23.009815705128204
16,88,133,CulturaX,2359.796875,3,177,False,26.815873579545453
11,56,83,CulturaX,1561.375,2,134,False,27.881696428571427
15,63,88,CulturaX,1763.671875,2,134,False,27.994791666666668
7,29,43,CulturaX,790.625,1,91,True,27.262931034482758
16,62,82,CulturaX,1614.890625,2,134,False,26.046622983870968
7,32,35,CulturaX,683.390625,1,91,True,21.35595703125
16,62,91,CulturaX,1739.375,2,134,False,28.054435483870968
15,62,80,CulturaX,1558.625,2,134,False,25.139112903225808
15,59,85,CulturaX,1661.609375,2,134,False,28.162870762711865
7,24,35,CulturaX,708.8125,1,91,True,29.533854166666668
14,56,75,CulturaX,1526.84375,2,134,False,27.265066964285715
26,114,164,CulturaX,2960.8125,4,220,False,25.97203947368421
18,84,121,CulturaX,2270.25,3,177,False,27.026785714285715
14,78,93,CulturaX,1765.234375,2,134,False,22.631209935897434
22,95,129,CulturaX,2568.65625,3,177,False,27.038486842105264
22,108,163,CulturaX,3048.4375,4,220,False,28.22627314814815
26,116,156,CulturaX,3115.015625,4,220,False,26.853582974137932
19,75,103,CulturaX,1932.171875,3,177,False,25.762291666666666
16,70,102,CulturaX,1943.703125,3,177,False,27.7671875
20,89,117,CulturaX,2279.421875,3,177,False,25.611481741573034
19,86,121,CulturaX,2292.90625,3,177,False,26.661700581395348
19,80,113,CulturaX,2036.34375,3,177,False,25.454296875
12,48,67,CulturaX,1363.125,2,134,False,28.3984375
15,71,103,CulturaX,1990.171875,3,177,False,28.030589788732396
17,65,84,CulturaX,1603.140625,2,134,False,24.663701923076925
26,127,194,CulturaX,3435.140625,4,220,False,27.048351377952756
16,61,86,CulturaX,1723.453125,2,134,False,28.253329918032787
13,55,78,CulturaX,1537.40625,2,134,False,27.95284090909091
11,47,67,CulturaX,1162.578125,2,134,False,24.73570478723404
27,118,154,CulturaX,2985.109375,4,220,False,25.297537076271187
28,121,172,CulturaX,3472.875,4,220,False,28.701446280991735
23,94,132,CulturaX,2589.875,3,177,False,27.55186170212766
10,48,62,CulturaX,1266.328125,2,134,False,26.3818359375
29,126,183,CulturaX,3422.328125,4,220,False,27.161334325396826
11,47,64,CulturaX,1188.75,2,134,False,25.29255319148936
19,79,111,CulturaX,2136.96875,3,177,False,27.050237341772153
7,28,39,CulturaX,736.65625,1,91,True,26.309151785714285
18,85,129,CulturaX,2326.703125,3,177,False,27.37297794117647
7,30,38,CulturaX,818.984375,1,91,True,27.299479166666668
8,33,45,CulturaX,845.046875,1,91,True,25.607481060606062
24,102,150,CulturaX,2881.9375,4,220,False,28.254289215686274
7,30,45,CulturaX,797.90625,1,91,True,26.596875
30,129,181,CulturaX,3397.8125,4,220,False,26.339631782945737
9,46,66,CulturaX,1232.0625,2,134,False,26.783967391304348
12,54,80,CulturaX,1505.234375,2,134,False,27.87471064814815
9,45,72,CulturaX,1348.171875,2,134,False,29.959375
18,66,97,CulturaX,1783.328125,2,134,False,27.020123106060606
23,112,160,CulturaX,2882.640625,4,220,False,25.737862723214285
13,39,47,CulturaX,978.15625,2,134,False,25.080929487179485
9,28,39,CulturaX,789.609375,1,91,True,28.200334821428573
8,48,71,CulturaX,1227.34375,2,134,False,25.569661458333332
15,68,85,CulturaX,1469.046875,2,134,False,21.603630514705884
8,32,46,CulturaX,910.375,1,91,True,28.44921875
7,33,43,CulturaX,858.328125,1,91,True,26.009943181818183
45,204,293,CulturaX,5250.828125,6,306,False,25.739353553921568
43,195,264,CulturaX,5011.25,6,306,False,25.69871794871795
12,47,66,CulturaX,1200.0625,2,134,False,25.533244680851062
16,68,93,CulturaX,1746.71875,2,134,False,25.68704044117647
18,80,118,CulturaX,2135.40625,3,177,False,26.692578125
23,95,137,CulturaX,2708.265625,3,177,False,28.508059210526316
9,37,53,CulturaX,1076.09375,2,134,False,29.083614864864863
7,31,44,CulturaX,829.5,1,91,True,26.758064516129032
7,31,48,CulturaX,846.609375,1,91,True,27.309979838709676
7,36,53,CulturaX,1013.296875,2,134,False,28.147135416666668
12,51,70,CulturaX,1339.71875,2,134,False,26.268995098039216
13,51,81,CulturaX,1367.796875,2,134,False,26.81954656862745
9,72,111,CulturaX,2073.34375,3,177,False,28.79644097222222
33,144,202,CulturaX,3716.625,4,220,False,25.809895833333332
8,33,46,CulturaX,786.1875,1,91,True,23.823863636363637
13,63,98,CulturaX,1699.890625,2,134,False,26.982390873015873
30,150,205,CulturaX,3777.921875,5,263,False,25.186145833333335
6,36,47,CulturaX,900.6875,1,91,True,25.01909722222222
16,72,102,CulturaX,2030.46875,3,177,False,28.20095486111111
23,100,137,CulturaX,2648.515625,3,177,False,26.48515625
8,31,45,CulturaX,815.59375,1,91,True,26.309475806451612
25,109,163,CulturaX,3019.171875,4,220,False,27.698824541284402
7,23,36,CulturaX,640.96875,1,91,True,27.86820652173913
11,47,65,CulturaX,1291.65625,2,134,False,27.482047872340427
9,37,50,CulturaX,961.953125,2,134,False,25.99873310810811
27,124,169,CulturaX,3383.484375,4,220,False,27.286164314516128
9,29,35,CulturaX,569.828125,1,91,True,19.64924568965517
10,40,54,CulturaX,971.25,2,134,False,24.28125
11,45,62,CulturaX,1181.4375,2,134,False,26.254166666666666
10,48,70,CulturaX,1336.09375,2,134,False,27.835286458333332
28,132,179,CulturaX,3578.359375,4,220,False,27.108783143939394
9,36,51,CulturaX,985.3125,2,134,False,27.369791666666668
11,45,67,CulturaX,1153.625,2,134,False,25.636111111111113
20,93,134,CulturaX,2426.953125,3,177,False,26.096270161290324
12,52,78,CulturaX,1466.28125,2,134,False,28.197716346153847
18,81,118,CulturaX,2320.875,3,177,False,28.65277777777778
15,71,107,CulturaX,1941.5625,3,177,False,27.345950704225352
24,87,123,CulturaX,2223.390625,3,177,False,25.55621408045977
13,57,82,CulturaX,1561.484375,2,134,False,27.394462719298247
10,44,58,CulturaX,1094.671875,2,134,False,24.87890625
23,131,164,CulturaX,3115.515625,4,220,False,23.782562022900763
16,87,117,CulturaX,2233.90625,3,177,False,25.677083333333332
18,71,102,CulturaX,2003.25,3,177,False,28.214788732394368
26,131,161,CulturaX,3141.5625,4,220,False,23.981393129770993
14,59,82,CulturaX,1318.34375,2,134,False,22.3448093220339
16,79,116,CulturaX,2183.640625,3,177,False,27.641020569620252
8,30,39,CulturaX,878.203125,1,91,True,29.2734375
36,184,237,CulturaX,4169.8125,5,263,False,22.66202445652174
8,38,52,CulturaX,912.8125,1,91,True,24.02138157894737
22,102,146,CulturaX,2700.9375,3,177,False,26.479779411764707
16,59,80,CulturaX,1504.359375,2,134,False,25.49761652542373
12,60,83,CulturaX,1659.515625,2,134,False,27.65859375
9,39,57,CulturaX,1219.5,2,134,False,31.26923076923077
27,123,179,CulturaX,3268.828125,4,220,False,26.575838414634145
7,29,40,CulturaX,749.796875,1,91,True,25.855064655172413
19,67,105,CulturaX,1961.09375,3,177,False,29.270055970149254
7,32,44,CulturaX,845.890625,1,91,True,26.43408203125
18,74,105,CulturaX,1975.90625,3,177,False,26.70143581081081
15,56,78,CulturaX,1567.96875,2,134,False,27.999441964285715
10,43,53,CulturaX,1145.453125,2,134,False,26.63844476744186
21,69,98,CulturaX,1803.90625,2,134,False,26.14356884057971
9,43,61,CulturaX,1241.46875,2,134,False,28.87136627906977
15,73,104,CulturaX,1915.421875,3,177,False,26.23865582191781
13,60,88,CulturaX,1583.328125,2,134,False,26.388802083333335
11,42,60,CulturaX,1192.546875,2,134,False,28.393973214285715
27,128,175,CulturaX,3326.203125,4,220,False,25.9859619140625
7,30,42,CulturaX,859.65625,1,91,True,28.655208333333334
15,65,89,CulturaX,1854.875,3,177,False,28.536538461538463
17,73,102,CulturaX,1966.390625,3,177,False,26.936857876712327
9,45,62,CulturaX,1141.875,2,134,False,25.375
13,57,85,CulturaX,1567.9375,2,134,False,27.50767543859649
7,30,42,CulturaX,820.734375,1,91,True,27.3578125
14,71,104,CulturaX,1896.34375,3,177,False,26.709066901408452
14,57,80,CulturaX,1582.296875,2,134,False,27.759594298245613
9,39,50,CulturaX,1010.921875,2,134,False,25.92107371794872
10,44,61,CulturaX,1201.796875,2,134,False,27.31356534090909
18,66,90,CulturaX,1804.0,2,134,False,27.333333333333332
13,62,89,CulturaX,1588.75,2,134,False,25.625
22,94,133,CulturaX,2444.3125,3,177,False,26.003324468085108
16,59,90,CulturaX,1667.6875,2,134,False,28.265889830508474
15,62,86,CulturaX,1661.953125,2,134,False,26.805695564516128
9,43,50,CulturaX,962.921875,2,134,False,22.393531976744185
11,49,67,CulturaX,1274.15625,2,134,False,26.003188775510203
16,79,111,CulturaX,2102.890625,3,177,False,26.618868670886076
21,94,138,CulturaX,2609.96875,3,177,False,27.765625
14,52,72,CulturaX,1464.328125,2,134,False,28.16015625
16,74,104,CulturaX,1950.34375,3,177,False,26.35599662162162
42,185,253,CulturaX,4673.078125,5,263,False,25.259881756756755
7,29,43,CulturaX,834.953125,1,91,True,28.791487068965516
17,80,118,CulturaX,2214.953125,3,177,False,27.6869140625
7,34,52,CulturaX,895.296875,1,91,True,26.332261029411764
20,83,108,CulturaX,2046.90625,3,177,False,24.66152108433735
15,65,88,CulturaX,1815.5625,2,134,False,27.931730769230768
21,82,113,CulturaX,2038.640625,3,177,False,24.861471036585368
20,99,142,CulturaX,2569.4375,3,177,False,25.953914141414142
31,129,188,CulturaX,3533.578125,4,220,False,27.392078488372093
17,84,115,CulturaX,2205.515625,3,177,False,26.256138392857142
11,45,59,CulturaX,1192.84375,2,134,False,26.507638888888888
7,25,30,CulturaX,526.859375,1,91,True,21.074375
7,27,38,CulturaX,699.484375,1,91,True,25.906828703703702
18,77,109,CulturaX,2015.0,3,177,False,26.16883116883117
9,57,68,CulturaX,1294.03125,2,134,False,22.70230263157895
55,258,351,CulturaX,6736.203125,8,392,False,26.109314437984494
24,101,144,CulturaX,2801.40625,4,220,False,27.736695544554454
8,34,49,CulturaX,887.40625,1,91,True,26.100183823529413
48,231,342,CulturaX,6216.203125,7,349,False,26.909970238095237
15,68,95,CulturaX,1855.328125,3,177,False,27.284237132352942
23,105,149,CulturaX,2762.453125,3,177,False,26.30907738095238
8,42,55,CulturaX,999.5625,2,134,False,23.799107142857142
16,80,118,CulturaX,2172.8125,3,177,False,27.16015625
9,34,49,CulturaX,884.546875,1,91,True,26.01608455882353
22,94,138,CulturaX,2561.8125,3,177,False,27.253324468085108
7,30,40,CulturaX,779.671875,1,91,True,25.9890625
7,29,38,CulturaX,716.0625,1,91,True,24.691810344827587
10,44,58,CulturaX,1191.109375,2,134,False,27.070667613636363
10,49,64,CulturaX,1143.8125,2,134,False,23.34311224489796
12,61,91,CulturaX,1675.734375,2,134,False,27.471055327868854
8,38,55,CulturaX,1041.3125,2,134,False,27.40296052631579
11,52,79,CulturaX,1339.109375,2,134,False,25.752103365384617
18,85,118,CulturaX,2471.515625,3,177,False,29.076654411764707
28,133,189,CulturaX,3669.203125,4,220,False,27.58799342105263
18,70,102,CulturaX,1973.125,3,177,False,28.1875
19,87,126,CulturaX,2438.96875,3,177,False,28.03412356321839
9,34,45,CulturaX,901.4375,1,91,True,26.512867647058822
7,43,56,CulturaX,992.328125,2,134,False,23.077398255813954
17,74,99,CulturaX,1965.625,3,177,False,26.5625
8,37,49,CulturaX,914.671875,1,91,True,24.720861486486488
11,47,62,CulturaX,1219.28125,2,134,False,25.94215425531915
26,113,158,CulturaX,2950.625,4,220,False,26.111725663716815
18,80,111,CulturaX,2132.890625,3,177,False,26.6611328125
17,85,124,CulturaX,2177.890625,3,177,False,25.622242647058822
19,77,113,CulturaX,2085.921875,3,177,False,27.08989448051948
7,39,52,CulturaX,986.734375,2,134,False,25.30088141025641
18,82,113,CulturaX,2222.625,3,177,False,27.10518292682927
16,68,95,CulturaX,1813.75,2,134,False,26.672794117647058
20,68,98,CulturaX,1854.265625,2,134,False,27.268612132352942
29,127,178,CulturaX,3362.203125,4,220,False,26.474040354330707
11,54,77,CulturaX,1484.78125,2,134,False,27.495949074074073
43,187,253,CulturaX,5036.546875,6,306,False,26.9334057486631
7,32,45,CulturaX,838.546875,1,91,True,26.20458984375
25,122,176,CulturaX,3171.8125,4,220,False,25.9984631147541
9,34,49,CulturaX,867.890625,1,91,True,25.526194852941178
12,46,69,CulturaX,1295.0,2,134,False,28.152173913043477
18,87,132,CulturaX,2333.96875,3,177,False,26.82722701149425
9,37,54,CulturaX,1055.921875,2,134,False,28.538429054054053
14,57,82,CulturaX,1513.09375,2,134,False,26.54550438596491
23,108,152,CulturaX,2854.78125,4,220,False,26.43315972222222
29,119,166,CulturaX,3261.09375,4,220,False,27.404149159663866
7,25,36,CulturaX,697.0,1,91,True,27.88
14,62,87,CulturaX,1652.609375,2,134,False,26.65498991935484
7,31,40,CulturaX,717.203125,1,91,True,23.135584677419356
28,133,189,CulturaX,3485.234375,4,220,False,26.204769736842106
7,25,35,CulturaX,696.125,1,91,True,27.845
9,41,60,CulturaX,1114.484375,2,134,False,27.182545731707318
36,159,219,CulturaX,4212.5625,5,263,False,26.494103773584907
18,74,117,CulturaX,2001.25,3,177,False,27.04391891891892
15,71,102,CulturaX,2019.0625,3,177,False,28.4375
20,88,129,CulturaX,2164.390625,3,177,False,24.595348011363637
11,59,83,CulturaX,1656.4375,2,134,False,28.07521186440678
13,42,61,CulturaX,1048.15625,2,134,False,24.95610119047619
15,70,95,CulturaX,2000.71875,3,177,False,28.58169642857143
31,132,185,CulturaX,3609.90625,4,220,False,27.34777462121212
16,71,85,CulturaX,1623.5,2,134,False,22.866197183098592
7,35,51,CulturaX,934.953125,1,91,True,26.712946428571428
33,142,197,CulturaX,3876.140625,5,263,False,27.296764964788732
51,241,343,CulturaX,6501.734375,8,392,False,26.978150933609957
27,121,179,CulturaX,3336.484375,4,220,False,27.574251033057852
43,195,283,CulturaX,5467.75,7,349,False,28.03974358974359
10,40,56,CulturaX,1116.5625,2,134,False,27.9140625
11,43,64,CulturaX,1241.78125,2,134,False,28.87863372093023
23,128,178,CulturaX,3349.5625,4,220,False,26.16845703125
22,111,163,CulturaX,2973.296875,4,220,False,26.786458333333332
10,41,63,CulturaX,1054.734375,2,134,False,25.725228658536587
10,46,67,CulturaX,1365.46875,2,134,False,29.684103260869566
7,27,36,CulturaX,637.90625,1,91,True,23.62615740740741
18,73,104,CulturaX,1957.0,3,177,False,26.80821917808219
27,113,158,CulturaX,2924.25,4,220,False,25.878318584070797
8,29,43,CulturaX,822.921875,1,91,True,28.376616379310345
17,74,100,CulturaX,1929.09375,3,177,False,26.06883445945946
40,191,292,CulturaX,5265.265625,6,306,False,27.566835732984295
10,41,58,CulturaX,990.234375,2,134,False,24.15205792682927
19,81,114,CulturaX,2125.171875,3,177,False,26.236689814814813
7,30,45,CulturaX,898.5625,1,91,True,29.952083333333334
8,31,47,CulturaX,855.109375,1,91,True,27.584173387096776
14,61,86,CulturaX,1621.609375,2,134,False,26.58376024590164
17,76,109,CulturaX,2063.859375,3,177,False,27.156044407894736
18,87,126,CulturaX,2236.78125,3,177,False,25.71012931034483
13,64,92,CulturaX,1738.09375,2,134,False,27.15771484375
13,63,96,CulturaX,1836.125,3,177,False,29.14484126984127
8,35,47,CulturaX,898.015625,1,91,True,25.657589285714284
24,132,198,CulturaX,3570.71875,4,220,False,27.05089962121212
18,85,117,CulturaX,2259.90625,3,177,False,26.587132352941175
9,35,51,CulturaX,1001.390625,2,134,False,28.611160714285713
14,65,96,CulturaX,1776.578125,2,134,False,27.331971153846155
35,124,183,CulturaX,3179.328125,4,220,False,25.639742943548388
89,455,645,CulturaX,11532.46875,13,607,False,25.346085164835166
21,97,140,CulturaX,2374.171875,3,177,False,24.475998711340207
38,192,277,CulturaX,5048.609375,6,306,False,26.294840494791668
31,131,184,CulturaX,3470.6875,5,263,False,26.493797709923665
14,55,74,CulturaX,1395.46875,2,134,False,25.37215909090909
25,115,169,CulturaX,3303.5,4,220,False,28.72608695652174
14,53,72,CulturaX,1289.859375,2,134,False,24.33696933962264
25,116,154,CulturaX,3056.609375,4,220,False,26.350080818965516
7,27,36,CulturaX,667.90625,1,91,True,24.73726851851852
13,72,110,CulturaX,1922.8125,3,177,False,26.705729166666668
7,27,39,CulturaX,771.125,1,91,True,28.560185185185187
7,22,29,CulturaX,500.6875,1,91,True,22.758522727272727
17,82,116,CulturaX,2100.171875,3,177,False,25.611852134146343
18,83,121,CulturaX,2166.953125,3,177,False,26.107868975903614
9,46,62,CulturaX,1231.890625,2,134,False,26.78023097826087
15,80,114,CulturaX,2176.03125,3,177,False,27.200390625
11,47,67,CulturaX,1244.046875,2,134,False,26.46908244680851
12,59,89,CulturaX,1652.109375,2,134,False,28.001853813559322
19,78,118,CulturaX,2264.921875,3,177,False,29.037459935897434
13,74,94,CulturaX,1830.171875,3,177,False,24.732052364864863
7,32,43,CulturaX,846.015625,1,91,True,26.43798828125
17,76,107,CulturaX,1967.078125,3,177,False,25.882606907894736
16,60,92,CulturaX,1736.625,2,134,False,28.94375
11,54,76,CulturaX,1459.734375,2,134,False,27.032118055555557
9,38,56,CulturaX,956.203125,1,91,True,25.16324013157895
17,76,107,CulturaX,2110.171875,3,177,False,27.765419407894736
15,68,98,CulturaX,1823.703125,3,177,False,26.819163602941178
10,39,55,CulturaX,1137.234375,2,134,False,29.15985576923077
19,105,152,CulturaX,2669.140625,3,177,False,25.420386904761905
10,39,50,CulturaX,1027.390625,2,134,False,26.343349358974358
18,84,117,CulturaX,2257.1875,3,177,False,26.871279761904763
8,34,55,CulturaX,871.328125,1,91,True,25.62729779411765
46,190,274,CulturaX,5043.71875,6,306,False,26.545888157894737
37,165,240,CulturaX,4463.046875,5,263,False,27.048768939393938
10,38,52,CulturaX,982.96875,2,134,False,25.867598684210527
9,35,44,CulturaX,948.78125,1,91,True,27.108035714285716
21,97,134,CulturaX,2574.390625,3,177,False,26.540109536082475
36,159,229,CulturaX,4215.34375,5,263,False,26.511595911949687
22,99,139,CulturaX,2628.25,3,177,False,26.5479797979798
33,141,189,CulturaX,3890.890625,5,263,False,27.594968971631207
21,86,122,CulturaX,2281.078125,3,177,False,26.524164244186046
25,118,160,CulturaX,3026.328125,4,220,False,25.646848516949152
13,94,111,CulturaX,1953.984375,3,177,False,20.787067819148938
10,32,41,CulturaX,849.375,1,91,True,26.54296875
21,98,132,CulturaX,2447.03125,3,177,False,24.96970663265306
15,67,91,CulturaX,1627.046875,2,134,False,24.28428171641791
8,41,54,CulturaX,1124.1875,2,134,False,27.41920731707317
13,50,70,CulturaX,1353.984375,2,134,False,27.0796875
11,49,66,CulturaX,1216.8125,2,134,False,24.832908163265305
10,47,62,CulturaX,1209.484375,2,134,False,25.73371010638298
9,38,56,CulturaX,1088.515625,2,134,False,28.64514802631579
56,233,315,CulturaX,5888.4375,7,349,False,25.272263948497855
8,38,51,CulturaX,1034.203125,2,134,False,27.215871710526315
38,193,244,CulturaX,4509.25,5,263,False,23.3639896373057
17,74,107,CulturaX,2115.203125,3,177,False,28.583826013513512
13,63,92,CulturaX,1526.578125,2,134,False,24.23139880952381
47,223,332,CulturaX,6064.953125,7,349,False,27.197099215246638
22,94,129,CulturaX,2532.09375,3,177,False,26.93716755319149
7,26,36,CulturaX,690.84375,1,91,True,26.57091346153846
15,77,112,CulturaX,2171.609375,3,177,False,28.202719155844157
50,192,265,CulturaX,5155.375,6,306,False,26.850911458333332
8,25,33,CulturaX,598.84375,1,91,True,23.95375
12,51,72,CulturaX,1402.734375,2,134,False,27.504595588235293
19,87,126,CulturaX,2367.78125,3,177,False,27.21587643678161
11,41,57,CulturaX,1073.9375,2,134,False,26.19359756097561
40,207,277,CulturaX,5247.078125,6,306,False,25.34820350241546
10,40,61,CulturaX,1076.984375,2,134,False,26.924609375
9,44,61,CulturaX,1157.953125,2,134,False,26.317116477272727
13,41,58,CulturaX,1059.0,2,134,False,25.829268292682926
11,52,77,CulturaX,1488.125,2,134,False,28.61778846153846
15,73,102,CulturaX,1954.328125,3,177,False,26.771618150684933
12,47,62,CulturaX,1185.96875,2,134,False,25.23337765957447
23,107,160,CulturaX,2755.1875,4,220,False,25.749415887850468
10,38,51,CulturaX,1047.96875,2,134,False,27.578125
7,28,39,CulturaX,768.078125,1,91,True,27.431361607142858
11,42,55,CulturaX,1151.09375,2,134,False,27.406994047619047
19,85,118,CulturaX,2270.1875,3,177,False,26.708088235294117
14,69,98,CulturaX,1715.84375,2,134,False,24.86730072463768
13,55,85,CulturaX,1687.75,2,134,False,30.686363636363637
12,59,86,CulturaX,1623.546875,2,134,False,27.517743644067796
15,63,86,CulturaX,1702.203125,2,134,False,27.01909722222222
7,27,41,CulturaX,850.484375,1,91,True,31.499421296296298
7,26,36,CulturaX,675.171875,1,91,True,25.96814903846154
18,78,107,CulturaX,2124.609375,3,177,False,27.23858173076923
9,43,63,CulturaX,1137.390625,2,134,False,26.45094476744186
14,57,82,CulturaX,1437.0625,2,134,False,25.211622807017545
12,54,76,CulturaX,1447.28125,2,134,False,26.80150462962963
14,63,90,CulturaX,1620.34375,2,134,False,25.719742063492063
18,82,115,CulturaX,2166.25,3,177,False,26.41768292682927
10,38,56,CulturaX,1130.796875,2,134,False,29.7578125
13,55,81,CulturaX,1492.296875,2,134,False,27.132670454545455
11,44,64,CulturaX,1257.796875,2,134,False,28.586292613636363
7,28,39,CulturaX,730.796875,1,91,True,26.099888392857142
9,38,51,CulturaX,1027.296875,2,134,False,27.034128289473685
12,53,74,CulturaX,1413.28125,2,134,False,26.66568396226415
9,51,74,CulturaX,1386.9375,2,134,False,27.19485294117647
13,55,77,CulturaX,1480.125,2,134,False,26.911363636363635
11,52,73,CulturaX,1377.4375,2,134,False,26.489182692307693
13,55,79,CulturaX,1402.265625,2,134,False,25.495738636363637
19,90,126,CulturaX,2336.3125,3,177,False,25.959027777777777
13,58,83,CulturaX,1653.375,2,134,False,28.50646551724138
12,41,60,CulturaX,1210.375,2,134,False,29.521341463414632
17,82,116,CulturaX,2186.421875,3,177,False,26.663681402439025
26,115,158,CulturaX,3024.265625,4,220,False,26.29796195652174
34,153,206,CulturaX,4080.953125,5,263,False,26.672896241830067
13,53,71,CulturaX,1475.375,2,134,False,27.837264150943398
11,43,62,CulturaX,1107.578125,2,134,False,25.757630813953487
15,62,87,CulturaX,1671.34375,2,134,False,26.957157258064516
18,87,128,CulturaX,2479.03125,3,177,False,28.494612068965516
15,57,84,CulturaX,1569.171875,2,134,False,27.529331140350877
8,34,49,CulturaX,990.8125,2,134,False,29.141544117647058
8,41,53,CulturaX,994.078125,2,134,False,24.24580792682927
10,45,57,CulturaX,1132.765625,2,134,False,25.172569444444445
7,28,47,CulturaX,783.40625,1,91,True,27.978794642857142
41,210,298,CulturaX,5519.921875,7,349,False,26.285342261904763
12,58,78,CulturaX,1500.78125,2,134,False,25.87553879310345
26,128,186,CulturaX,3517.796875,4,220,False,27.4827880859375
36,151,203,CulturaX,3851.84375,5,263,False,25.508899006622517
12,52,71,CulturaX,1353.953125,2,134,False,26.037560096153847
29,148,219,CulturaX,4035.9375,5,263,False,27.269847972972972
25,105,149,CulturaX,2711.046875,3,177,False,25.81949404761905
24,114,163,CulturaX,3040.453125,4,220,False,26.67064144736842
36,159,227,CulturaX,4178.375,5,263,False,26.279088050314467
20,91,133,CulturaX,2492.109375,3,177,False,27.385817307692307
15,55,72,CulturaX,1419.890625,2,134,False,25.816193181818182
19,83,114,CulturaX,2237.296875,3,177,False,26.95538403614458
10,41,58,CulturaX,990.890625,2,134,False,24.168064024390244
15,56,75,CulturaX,1536.078125,2,134,False,27.429966517857142
19,92,119,CulturaX,2142.265625,3,177,False,23.285495923913043
38,213,285,CulturaX,5220.546875,6,306,False,24.509609741784036
13,52,76,CulturaX,1419.296875,2,134,False,27.294170673076923
26,95,133,CulturaX,2676.0,3,177,False,28.16842105263158
23,115,159,CulturaX,3010.625,4,220,False,26.179347826086957
12,62,91,CulturaX,1711.421875,2,134,False,27.60357862903226
8,38,55,CulturaX,979.40625,2,134,False,25.773848684210527
30,143,207,CulturaX,3861.671875,5,263,False,27.004698426573427
14,65,87,CulturaX,1700.640625,2,134,False,26.163701923076925
41,188,257,CulturaX,4459.234375,5,263,False,23.719331781914892
22,107,154,CulturaX,2843.71875,3,177,False,26.57681074766355
15,63,90,CulturaX,1622.078125,2,134,False,25.747271825396826
20,79,110,CulturaX,2068.296875,3,177,False,26.180973101265824
8,36,53,CulturaX,1055.0625,2,134,False,29.307291666666668
9,37,51,CulturaX,1021.96875,2,134,False,27.620777027027028
13,60,84,CulturaX,1621.34375,2,134,False,27.022395833333334
13,47,67,CulturaX,1274.78125,2,134,False,27.123005319148938
11,50,76,CulturaX,1402.9375,2,134,False,28.05875
9,38,53,CulturaX,1055.703125,2,134,False,27.781661184210527
29,125,177,CulturaX,3229.8125,4,220,False,25.8385
54,255,376,CulturaX,6826.84375,8,392,False,26.771936274509805
9,40,59,CulturaX,1027.484375,2,134,False,25.687109375
9,38,58,CulturaX,1066.84375,2,134,False,28.07483552631579
8,27,37,CulturaX,704.421875,1,91,True,26.089699074074073
17,72,103,CulturaX,1926.578125,3,177,False,26.75802951388889
11,50,73,CulturaX,1278.703125,2,134,False,25.5740625
18,77,108,CulturaX,2122.4375,3,177,False,27.564123376623378
18,78,115,CulturaX,2188.328125,3,177,False,28.05548878205128
58,274,395,CulturaX,7357.8125,8,392,False,26.853330291970803
21,83,108,CulturaX,2234.875,3,177,False,26.926204819277107
21,88,117,CulturaX,2303.828125,3,177,False,26.179865056818183
8,30,38,CulturaX,648.8125,1,91,True,21.627083333333335
10,39,52,CulturaX,1020.640625,2,134,False,26.170272435897434
7,29,35,CulturaX,779.78125,1,91,True,26.889008620689655
21,95,127,CulturaX,2506.234375,3,177,False,26.38141447368421
21,107,150,CulturaX,2801.703125,4,220,False,26.184141355140188
15,68,99,CulturaX,1865.71875,3,177,False,27.43704044117647
24,108,152,CulturaX,2875.859375,4,220,False,26.628327546296298
8,39,60,CulturaX,1042.890625,2,134,False,26.740785256410255
32,135,190,CulturaX,3748.828125,5,263,False,27.76909722222222
11,52,76,CulturaX,1423.546875,2,134,False,27.375901442307693
19,82,113,CulturaX,2149.875,3,177,False,26.21798780487805
14,62,91,CulturaX,1654.625,2,134,False,26.6875
7,32,45,CulturaX,783.953125,1,91,True,24.49853515625
11,58,81,CulturaX,1459.828125,2,134,False,25.169450431034484
27,114,161,CulturaX,3211.328125,4,220,False,28.16954495614035
21,89,122,CulturaX,2353.015625,3,177,False,26.438377808988765
8,35,50,CulturaX,916.421875,1,91,True,26.183482142857144
7,32,48,CulturaX,896.265625,1,91,True,28.00830078125
14,63,94,CulturaX,1693.21875,2,134,False,26.876488095238095
9,40,57,CulturaX,1054.375,2,134,False,26.359375
17,84,121,CulturaX,2268.53125,3,177,False,27.006324404761905
11,46,64,CulturaX,1100.625,2,134,False,23.92663043478261
8,43,61,CulturaX,1235.125,2,134,False,28.723837209302324
14,60,86,CulturaX,1569.984375,2,134,False,26.16640625
7,26,37,CulturaX,653.640625,1,91,True,25.14002403846154
34,149,210,CulturaX,3719.421875,5,263,False,24.96256291946309
14,66,91,CulturaX,1830.40625,2,134,False,27.73342803030303
32,136,193,CulturaX,3661.1875,4,220,False,26.920496323529413
20,81,108,CulturaX,2065.015625,3,177,False,25.494020061728396
18,87,130,CulturaX,2218.375,3,177,False,25.498563218390803
7,36,44,CulturaX,761.609375,1,91,True,21.15581597222222
33,148,215,CulturaX,3769.609375,5,263,False,25.470333614864863
9,35,40,CulturaX,821.453125,1,91,True,23.470089285714284
45,180,247,CulturaX,4614.203125,5,263,False,25.634461805555556
22,108,152,CulturaX,2886.125,4,220,False,26.72337962962963
7,20,28,CulturaX,574.984375,1,91,True,28.74921875
7,35,52,CulturaX,925.46875,1,91,True,26.441964285714285
14,60,88,CulturaX,1531.703125,2,134,False,25.528385416666666
7,24,29,CulturaX,526.5625,1,91,True,21.940104166666668
7,28,42,CulturaX,756.046875,1,91,True,27.001674107142858
15,79,110,CulturaX,2209.734375,3,177,False,27.971321202531644
18,81,104,CulturaX,2044.546875,3,177,False,25.241319444444443
30,123,170,CulturaX,3258.328125,4,220,False,26.49047256097561
53,242,352,CulturaX,6217.703125,7,349,False,25.69298811983471
25,103,141,CulturaX,2626.90625,3,177,False,25.503944174757283
35,150,203,CulturaX,4040.125,5,263,False,26.934166666666666
7,33,50,CulturaX,1002.5625,2,134,False,30.380681818181817
16,80,109,CulturaX,2112.21875,3,177,False,26.402734375
37,158,213,CulturaX,4177.34375,5,263,False,26.438884493670887
17,68,97,CulturaX,1850.609375,3,177,False,27.21484375
17,75,122,CulturaX,2043.953125,3,177,False,27.252708333333334
29,126,179,CulturaX,3462.953125,4,220,False,27.48375496031746
9,38,52,CulturaX,1003.671875,2,134,False,26.412417763157894
25,93,130,CulturaX,2404.8125,3,177,False,25.858198924731184
16,65,94,CulturaX,1657.953125,2,134,False,25.506971153846155
18,74,104,CulturaX,1832.140625,3,177,False,24.758657094594593
26,117,171,CulturaX,3193.015625,4,220,False,27.290731837606838
14,54,73,CulturaX,1439.21875,2,134,False,26.652199074074073
32,132,195,CulturaX,3346.515625,4,220,False,25.352391098484848
43,197,278,CulturaX,5183.640625,6,306,False,26.31289657360406
17,67,94,CulturaX,1745.890625,2,134,False,26.058069029850746
20,86,114,CulturaX,2405.125,3,177,False,27.96656976744186
28,132,192,CulturaX,3637.453125,5,263,False,27.556463068181817
13,70,109,CulturaX,1925.171875,2,134,False,27.502455357142857
28,139,205,CulturaX,3634.640625,4,220,False,26.14849370503597
13,56,85,CulturaX,1518.546875,2,134,False,27.116908482142858
30,148,202,CulturaX,3881.53125,5,263,False,26.2265625
11,47,70,CulturaX,1266.625,2,134,False,26.949468085106382
21,105,146,CulturaX,2712.4375,4,220,False,25.832738095238096
34,161,238,CulturaX,4280.84375,5,263,False,26.58909161490683
7,26,42,CulturaX,740.59375,1,91,True,28.484375
7,29,44,CulturaX,854.296875,1,91,True,29.458512931034484
13,54,69,CulturaX,1459.28125,2,134,False,27.02372685185185
7,31,42,CulturaX,802.21875,1,91,True,25.878024193548388
20,83,118,CulturaX,2307.140625,3,177,False,27.796875
20,83,114,CulturaX,2241.4375,3,177,False,27.00527108433735
16,63,77,CulturaX,1610.875,2,134,False,25.569444444444443
13,52,78,CulturaX,1509.484375,2,134,False,29.028545673076923
22,116,166,CulturaX,3157.578125,4,220,False,27.220501077586206
12,42,61,CulturaX,1193.984375,2,134,False,28.428199404761905
18,74,100,CulturaX,2015.59375,3,177,False,27.23775337837838
9,32,45,CulturaX,886.53125,1,91,True,27.7041015625
22,105,144,CulturaX,2792.078125,4,220,False,26.59122023809524
9,43,61,CulturaX,1168.421875,2,134,False,27.172601744186046
9,41,61,CulturaX,1087.609375,2,134,False,26.52705792682927
7,33,47,CulturaX,966.171875,2,134,False,29.277935606060606
50,243,334,CulturaX,6592.921875,7,349,False,27.13136574074074
30,135,189,CulturaX,3681.59375,4,220,False,27.271064814814814
13,51,69,CulturaX,1331.8125,2,134,False,26.113970588235293
7,27,39,CulturaX,763.40625,1,91,True,28.274305555555557
32,113,154,CulturaX,2903.9375,4,220,False,25.698561946902654
12,60,76,CulturaX,1370.234375,2,134,False,22.837239583333332
22,88,117,CulturaX,2269.890625,3,177,False,25.794211647727273
19,105,125,CulturaX,2502.890625,3,177,False,23.837053571428573
16,69,97,CulturaX,1842.296875,2,134,False,26.699954710144926
22,91,126,CulturaX,2413.140625,3,177,False,26.518028846153847
10,45,61,CulturaX,1178.09375,2,134,False,26.179861111111112
20,86,126,CulturaX,2386.609375,3,177,False,27.751271802325583
16,71,96,CulturaX,1852.9375,2,134,False,26.097711267605632
49,246,355,CulturaX,6207.265625,7,349,False,25.232787093495936
28,111,147,CulturaX,2893.8125,4,220,False,26.070382882882882
13,48,65,CulturaX,1196.0,2,134,False,24.916666666666668
13,59,88,CulturaX,1671.984375,2,134,False,28.338718220338983
10,48,70,CulturaX,1339.640625,2,134,False,27.9091796875
19,135,157,CulturaX,2951.125,4,220,False,21.860185185185184
10,47,60,CulturaX,1236.75,2,134,False,26.31382978723404
27,118,161,CulturaX,3205.78125,4,220,False,27.16763771186441
12,44,62,CulturaX,1134.875,2,134,False,25.792613636363637
14,61,80,CulturaX,1433.984375,2,134,False,23.50794057377049
8,28,40,CulturaX,727.640625,1,91,True,25.987165178571427
10,42,59,CulturaX,1132.03125,2,134,False,26.953125
8,42,56,CulturaX,1059.875,2,134,False,25.235119047619047
7,23,30,CulturaX,617.03125,1,91,True,26.827445652173914
12,44,59,CulturaX,1132.25,2,134,False,25.732954545454547
17,81,113,CulturaX,2247.921875,3,177,False,27.752121913580247
16,70,102,CulturaX,1865.578125,3,177,False,26.65111607142857
8,34,48,CulturaX,978.0625,2,134,False,28.766544117647058
13,58,79,CulturaX,1322.453125,2,134,False,22.80091594827586
9,40,56,CulturaX,1066.703125,2,134,False,26.667578125
22,91,130,CulturaX,2560.46875,3,177,False,28.13701923076923
21,95,134,CulturaX,2580.359375,3,177,False,27.161677631578947
41,194,272,CulturaX,5054.390625,6,306,False,26.053559922680414
7,33,50,CulturaX,894.328125,1,91,True,27.100852272727273
14,52,74,CulturaX,1354.5,2,134,False,26.048076923076923
14,60,89,CulturaX,1687.328125,2,134,False,28.122135416666666
28,103,138,CulturaX,2693.96875,3,177,False,26.15503640776699
31,143,216,CulturaX,3729.84375,5,263,False,26.082823426573427
25,117,171,CulturaX,3029.6875,4,220,False,25.894764957264957
13,64,84,CulturaX,1670.390625,2,134,False,26.099853515625
11,60,84,CulturaX,1425.140625,2,134,False,23.75234375
40,165,222,CulturaX,4511.21875,5,263,False,27.340719696969696
8,38,52,CulturaX,1056.890625,2,134,False,27.812911184210527
21,94,129,CulturaX,2557.09375,3,177,False,27.203125
10,53,79,CulturaX,1376.171875,2,134,False,25.9655070754717
22,98,141,CulturaX,2566.03125,3,177,False,26.183992346938776
26,111,159,CulturaX,2998.8125,4,220,False,27.01632882882883
10,46,63,CulturaX,1235.0,2,134,False,26.847826086956523
12,47,72,CulturaX,1292.875,2,134,False,27.507978723404257
24,100,140,CulturaX,2765.3125,3,177,False,27.653125
9,43,67,CulturaX,1178.328125,2,134,False,27.40297965116279
8,33,46,CulturaX,854.421875,1,91,True,25.89157196969697
12,41,52,CulturaX,1044.109375,2,134,False,25.46608231707317
45,204,262,CulturaX,5164.453125,6,306,False,25.31594669117647
14,57,77,CulturaX,1463.21875,2,134,False,25.67050438596491
7,37,48,CulturaX,991.671875,2,134,False,26.80194256756757
9,41,58,CulturaX,1128.890625,2,134,False,27.53391768292683
8,32,46,CulturaX,823.515625,1,91,True,25.73486328125
10,47,68,CulturaX,1279.84375,2,134,False,27.230718085106382
31,151,233,CulturaX,4233.171875,5,263,False,28.03425082781457
10,48,72,CulturaX,1398.796875,2,134,False,29.1416015625
18,72,92,CulturaX,1883.984375,3,177,False,26.16644965277778
11,53,69,CulturaX,1385.234375,2,134,False,26.136497641509433
14,69,102,CulturaX,1857.9375,2,134,False,26.92663043478261
51,216,312,CulturaX,6244.171875,7,349,False,28.908203125
21,96,131,CulturaX,2396.625,3,177,False,24.96484375
48,228,310,CulturaX,5947.046875,7,349,False,26.083538925438596
9,46,60,CulturaX,1139.78125,2,134,False,24.777853260869566
9,33,49,CulturaX,918.625,1,91,True,27.83712121212121
14,62,83,CulturaX,1645.765625,2,134,False,26.544606854838708
25,116,166,CulturaX,3246.875,4,220,False,27.990301724137932
23,96,142,CulturaX,2607.265625,3,177,False,27.159016927083332
39,158,229,CulturaX,4087.796875,5,263,False,25.872132120253166
27,121,167,CulturaX,3040.640625,4,220,False,25.129261363636363
27,101,130,CulturaX,2234.375,3,177,False,22.122524752475247
22,90,119,CulturaX,2349.78125,3,177,False,26.108680555555555
25,108,161,CulturaX,2804.546875,4,220,False,25.96802662037037
18,77,108,CulturaX,2054.34375,3,177,False,26.679788961038962
26,121,177,CulturaX,3262.203125,4,220,False,26.960356404958677
16,79,114,CulturaX,2207.5,3,177,False,27.943037974683545
10,43,59,CulturaX,1222.90625,2,134,False,28.43968023255814
22,86,117,CulturaX,2251.609375,3,177,False,26.181504360465116
18,84,119,CulturaX,2202.0,3,177,False,26.214285714285715
66,326,443,CulturaX,8720.203125,10,478,False,26.749089340490798
9,44,73,CulturaX,1311.875,2,134,False,29.81534090909091
9,36,55,CulturaX,1016.953125,2,134,False,28.248697916666668
10,46,67,CulturaX,1267.296875,2,134,False,27.54993206521739
13,61,95,CulturaX,1603.390625,2,134,False,26.285092213114755
16,67,97,CulturaX,1718.453125,2,134,False,25.64855410447761
9,39,55,CulturaX,1061.078125,2,134,False,27.20713141025641
11,39,51,CulturaX,1005.59375,2,134,False,25.784455128205128
17,72,99,CulturaX,1995.53125,3,177,False,27.715711805555557
13,50,71,CulturaX,1412.171875,2,134,False,28.2434375
9,40,59,CulturaX,1041.890625,2,134,False,26.047265625
12,51,71,CulturaX,1332.4375,2,134,False,26.126225490196077
10,37,54,CulturaX,1041.859375,2,134,False,28.158361486486488
11,50,67,CulturaX,1327.109375,2,134,False,26.5421875
17,76,109,CulturaX,2027.546875,3,177,False,26.678248355263158
7,27,40,CulturaX,773.203125,1,91,True,28.63715277777778
14,58,79,CulturaX,1452.0625,2,134,False,25.035560344827587
40,195,279,CulturaX,5141.109375,6,306,False,26.364663461538463
7,22,33,CulturaX,655.484375,1,91,True,29.794744318181817
14,54,79,CulturaX,1551.4375,2,134,False,28.730324074074073
7,26,35,CulturaX,640.421875,1,91,True,24.631610576923077
7,26,30,CulturaX,651.828125,1,91,True,25.0703125
10,38,53,CulturaX,1067.96875,2,134,False,28.104440789473685
12,54,73,CulturaX,1398.21875,2,134,False,25.892939814814813
24,103,146,CulturaX,2865.59375,4,220,False,27.82129854368932
20,97,124,CulturaX,2560.046875,3,177,False,26.39223582474227
33,151,204,CulturaX,4014.28125,5,263,False,26.5846440397351
19,96,141,CulturaX,2578.984375,3,177,False,26.864420572916668
24,118,164,CulturaX,2947.296875,4,220,False,24.977092161016948
19,80,113,CulturaX,2190.5625,3,177,False,27.38203125
14,60,84,CulturaX,1558.21875,2,134,False,25.9703125
20,81,121,CulturaX,2223.328125,3,177,False,27.44849537037037
13,56,77,CulturaX,1482.453125,2,134,False,26.472377232142858
9,47,68,CulturaX,1370.359375,2,134,False,29.15658244680851
13,58,83,CulturaX,1712.71875,2,134,False,29.529633620689655
18,76,99,CulturaX,1983.640625,3,177,False,26.100534539473685
10,36,53,CulturaX,935.203125,1,91,True,25.977864583333332
19,88,115,CulturaX,2210.359375,3,177,False,25.117720170454547
16,75,105,CulturaX,1892.5625,3,177,False,25.234166666666667
15,63,90,CulturaX,1620.125,2,134,False,25.716269841269842
33,144,203,CulturaX,3818.921875,5,263,False,26.52029079861111
8,33,40,CulturaX,793.765625,1,91,True,24.05350378787879
21,87,118,CulturaX,2310.28125,3,177,False,26.554956896551722
10,54,78,CulturaX,1399.921875,2,134,False,25.924479166666668
21,89,118,CulturaX,2154.0,3,177,False,24.202247191011235
10,44,63,CulturaX,1216.984375,2,134,False,27.658735795454547
7,29,42,CulturaX,846.5,1,91,True,29.189655172413794
12,59,88,CulturaX,1545.109375,2,134,False,26.188294491525422
9,39,51,CulturaX,1139.078125,2,134,False,29.20713141025641
14,54,75,CulturaX,1357.578125,2,134,False,25.14033564814815
48,206,300,CulturaX,5638.578125,7,349,False,27.371738470873787
12,59,87,CulturaX,1622.734375,2,134,False,27.503972457627118
25,117,172,CulturaX,3110.3125,4,220,False,26.583867521367523
21,92,131,CulturaX,2438.15625,3,177,False,26.50169836956522
7,37,52,CulturaX,982.84375,2,134,False,26.563344594594593
25,100,135,CulturaX,2628.390625,3,177,False,26.28390625
18,81,114,CulturaX,2101.875,3,177,False,25.949074074074073
13,48,64,CulturaX,1198.953125,2,134,False,24.978190104166668
23,93,134,CulturaX,2497.9375,3,177,False,26.859543010752688
10,35,52,CulturaX,1022.015625,2,134,False,29.20044642857143
7,38,61,CulturaX,1038.40625,2,134,False,27.326480263157894
9,44,61,CulturaX,1152.734375,2,134,False,26.198508522727273
7,29,37,CulturaX,788.203125,1,91,True,27.179418103448278
14,59,80,CulturaX,1501.796875,2,134,False,25.4541843220339
27,115,148,CulturaX,3011.40625,4,220,False,26.186141304347824
9,42,59,CulturaX,1105.46875,2,134,False,26.320684523809526
23,103,151,CulturaX,2775.921875,3,177,False,26.95069781553398
19,88,137,CulturaX,2403.734375,3,177,False,27.315163352272727
16,84,129,CulturaX,2111.3125,3,177,False,25.13467261904762
11,48,64,CulturaX,1317.375,2,134,False,27.4453125
12,41,65,CulturaX,1138.9375,2,134,False,27.778963414634145
16,69,102,CulturaX,1867.171875,3,177,False,27.06046195652174
21,88,115,CulturaX,2294.0625,3,177,False,26.068892045454547
47,207,307,CulturaX,5378.671875,6,306,False,25.983922101449274
20,98,146,CulturaX,2557.296875,3,177,False,26.094866071428573
17,64,86,CulturaX,1718.75,2,134,False,26.85546875
30,148,219,CulturaX,3934.796875,5,263,False,26.58646537162162
7,24,31,CulturaX,636.140625,1,91,True,26.505859375
9,40,55,CulturaX,1104.875,2,134,False,27.621875
11,40,59,CulturaX,1126.265625,2,134,False,28.156640625
10,43,60,CulturaX,1127.390625,2,134,False,26.218386627906977
23,102,143,CulturaX,2801.375,3,177,False,27.464460784313726
37,157,220,CulturaX,4145.59375,5,263,False,26.405055732484076
13,50,68,CulturaX,1388.796875,2,134,False,27.7759375
7,23,34,CulturaX,619.390625,1,91,True,26.930027173913043
7,31,42,CulturaX,835.171875,1,91,True,26.941028225806452
7,27,34,CulturaX,569.578125,1,91,True,21.09548611111111
10,48,69,CulturaX,1278.484375,2,134,False,26.635091145833332
15,69,97,CulturaX,1938.1875,3,177,False,28.089673913043477
24,117,170,CulturaX,3142.515625,4,220,False,26.859107905982906
33,134,196,CulturaX,3424.015625,4,220,False,25.55235541044776
23,113,167,CulturaX,3105.078125,4,220,False,27.478567477876105
10,41,57,CulturaX,1055.9375,2,134,False,25.754573170731707
9,48,64,CulturaX,1013.9375,2,134,False,21.123697916666668
22,107,150,CulturaX,2980.25,4,220,False,27.852803738317757
21,101,147,CulturaX,2726.1875,3,177,False,26.991955445544555
20,86,108,CulturaX,2033.5625,3,177,False,23.646075581395348
29,122,182,CulturaX,3207.8125,4,220,False,26.293545081967213
22,107,153,CulturaX,3009.84375,4,220,False,28.129380841121495
22,93,132,CulturaX,2569.671875,3,177,False,27.630880376344088
11,45,64,CulturaX,1206.375,2,134,False,26.808333333333334
17,67,94,CulturaX,1848.4375,2,134,False,27.588619402985074
8,32,42,CulturaX,866.953125,1,91,True,27.09228515625
22,103,138,CulturaX,2647.109375,3,177,False,25.700091019417474
9,45,61,CulturaX,1182.4375,2,134,False,26.27638888888889
21,84,116,CulturaX,2345.328125,3,177,False,27.920572916666668
9,36,56,CulturaX,1046.078125,2,134,False,29.057725694444443
7,30,35,CulturaX,711.984375,1,91,True,23.7328125
12,52,80,CulturaX,1362.984375,2,134,False,26.21123798076923
9,37,46,CulturaX,934.765625,1,91,True,25.26393581081081
22,102,154,CulturaX,2664.734375,3,177,False,26.12484681372549
20,101,148,CulturaX,2843.4375,4,220,False,28.152846534653467
10,36,52,CulturaX,851.0625,1,91,True,23.640625
17,83,109,CulturaX,2063.9375,3,177,False,24.86671686746988
11,59,86,CulturaX,1364.75,2,134,False,23.13135593220339
8,34,49,CulturaX,863.640625,1,91,True,25.401194852941178
17,81,111,CulturaX,2249.46875,3,177,False,27.77121913580247
18,76,102,CulturaX,1975.0,3,177,False,25.986842105263158
17,73,105,CulturaX,2076.25,3,177,False,28.44178082191781
17,67,93,CulturaX,1732.265625,2,134,False,25.854710820895523
11,42,65,CulturaX,1097.125,2,134,False,26.12202380952381
10,53,76,CulturaX,1429.8125,2,134,False,26.97759433962264
26,115,168,CulturaX,2998.078125,4,220,False,26.07024456521739
16,69,100,CulturaX,1870.65625,2,134,False,27.110960144927535
7,29,37,CulturaX,713.875,1,91,True,24.61637931034483
14,73,100,CulturaX,1805.25,2,134,False,24.72945205479452
26,116,159,CulturaX,3117.4375,4,220,False,26.87446120689655
28,205,249,CulturaX,4718.4375,6,306,False,23.016768292682926
7,45,60,CulturaX,1174.703125,2,134,False,26.10451388888889
14,60,92,CulturaX,1719.71875,2,134,False,28.661979166666665
7,31,37,CulturaX,671.734375,1,91,True,21.668850806451612
16,83,110,CulturaX,2030.3125,3,177,False,24.46159638554217
8,37,45,CulturaX,874.0,1,91,True,23.62162162162162
18,88,123,CulturaX,2276.859375,3,177,False,25.873401988636363
12,38,47,CulturaX,820.234375,1,91,True,21.58511513157895
17,78,111,CulturaX,2061.4375,3,177,False,26.428685897435898
18,81,118,CulturaX,2097.28125,3,177,False,25.89236111111111
20,77,109,CulturaX,1896.890625,2,134,False,24.634943181818183
46,199,269,CulturaX,5252.21875,6,306,False,26.39305904522613
13,56,80,CulturaX,1480.859375,2,134,False,26.443917410714285
18,88,124,CulturaX,2361.5625,3,177,False,26.8359375
9,40,48,CulturaX,949.0625,1,91,True,23.7265625
19,88,132,CulturaX,2418.890625,3,177,False,27.48739346590909
9,38,57,CulturaX,1093.609375,2,134,False,28.77919407894737
25,125,187,CulturaX,3453.8125,4,220,False,27.6305
11,50,71,CulturaX,1339.515625,2,134,False,26.7903125
27,112,153,CulturaX,2851.875,4,220,False,25.463169642857142
16,65,92,CulturaX,1677.921875,2,134,False,25.814182692307693
29,135,175,CulturaX,3418.65625,4,220,False,25.32337962962963
35,126,179,CulturaX,3440.953125,4,220,False,27.309151785714285
9,34,50,CulturaX,997.421875,2,134,False,29.3359375
39,173,233,CulturaX,4532.8125,5,263,False,26.20122832369942
11,50,75,CulturaX,1355.015625,2,134,False,27.1003125
12,45,67,CulturaX,1303.625,2,134,False,28.969444444444445
46,206,287,CulturaX,5654.078125,7,349,False,27.44698118932039
10,47,67,CulturaX,1224.28125,2,134,False,26.048537234042552
23,90,132,CulturaX,2387.84375,3,177,False,26.53159722222222
9,40,52,CulturaX,987.265625,2,134,False,24.681640625
26,107,154,CulturaX,2843.609375,4,220,False,26.575788551401867
10,46,58,CulturaX,1050.25,2,134,False,22.831521739130434
11,44,60,CulturaX,1111.4375,2,134,False,25.259943181818183
11,38,49,CulturaX,1030.640625,2,134,False,27.122121710526315
22,102,152,CulturaX,2848.890625,4,220,False,27.93030024509804
11,50,72,CulturaX,1286.453125,2,134,False,25.7290625
14,65,88,CulturaX,1792.1875,2,134,False,27.572115384615383
11,46,65,CulturaX,1258.171875,2,134,False,27.3515625
23,104,140,CulturaX,2681.953125,3,177,False,25.788010817307693
17,81,113,CulturaX,2258.734375,3,177,False,27.885609567901234
9,37,50,CulturaX,937.59375,1,91,True,25.34037162162162
24,130,184,CulturaX,3363.046875,4,220,False,25.869591346153847
15,71,104,CulturaX,1908.265625,3,177,False,26.876980633802816
10,37,52,CulturaX,1034.0,2,134,False,27.945945945945947
7,30,41,CulturaX,671.65625,1,91,True,22.388541666666665
17,75,106,CulturaX,1999.265625,3,177,False,26.656875
29,118,174,CulturaX,3331.859375,4,220,False,28.236096398305083
46,219,312,CulturaX,5585.34375,6,306,False,25.503852739726028
7,34,48,CulturaX,897.0,1,91,True,26.38235294117647
23,104,143,CulturaX,2743.390625,3,177,False,26.378756009615383
7,36,57,CulturaX,1006.78125,2,134,False,27.966145833333332
30,131,177,CulturaX,3287.28125,4,220,False,25.09375
15,66,94,CulturaX,1690.75,2,134,False,25.617424242424242
20,85,121,CulturaX,2313.1875,3,177,False,27.213970588235295
8,34,50,CulturaX,948.390625,1,91,True,27.893841911764707
19,87,130,CulturaX,2264.1875,3,177,False,26.02514367816092
7,29,44,CulturaX,881.3125,1,91,True,30.39008620689655
41,195,258,CulturaX,4973.734375,6,306,False,25.50633012820513
12,55,74,CulturaX,1477.265625,2,134,False,26.859375
71,331,483,CulturaX,8692.84375,10,478,False,26.262367824773413
8,39,55,CulturaX,1044.46875,2,134,False,26.78125
8,38,56,CulturaX,1080.953125,2,134,False,28.44613486842105
8,38,55,CulturaX,1104.484375,2,134,False,29.065378289473685
15,71,106,CulturaX,1933.75,3,177,False,27.235915492957748
20,79,115,CulturaX,2151.171875,3,177,False,27.230023734177216
58,243,336,CulturaX,6515.21875,7,349,False,26.811599794238685
30,140,205,CulturaX,3664.015625,5,263,False,26.17154017857143
19,88,122,CulturaX,2337.4375,3,177,False,26.561789772727273
42,183,253,CulturaX,4926.328125,6,306,False,26.91982581967213
9,30,40,CulturaX,812.890625,1,91,True,27.096354166666668
11,46,68,CulturaX,1280.265625,2,134,False,27.831861413043477
11,48,74,CulturaX,1352.953125,2,134,False,28.1865234375
14,58,83,CulturaX,1556.875,2,134,False,26.842672413793103
11,47,61,CulturaX,1310.9375,2,134,False,27.892287234042552
11,48,70,CulturaX,1264.46875,2,134,False,26.343098958333332
10,55,76,CulturaX,1513.921875,2,134,False,27.525852272727274
7,29,45,CulturaX,896.546875,1,91,True,30.91540948275862
7,31,46,CulturaX,785.90625,1,91,True,25.351814516129032
10,36,47,CulturaX,958.65625,1,91,True,26.62934027777778
28,130,186,CulturaX,3412.71875,4,220,False,26.251682692307693
9,34,48,CulturaX,890.390625,1,91,True,26.18795955882353
8,39,57,CulturaX,1103.890625,2,134,False,28.30488782051282
17,78,110,CulturaX,2157.875,3,177,False,27.665064102564102
13,55,75,CulturaX,1463.75,2,134,False,26.613636363636363
23,138,179,CulturaX,3402.03125,4,220,False,24.65240036231884
61,263,379,CulturaX,6945.15625,8,392,False,26.407438212927758
9,48,69,CulturaX,1262.140625,2,134,False,26.294596354166668
10,43,66,CulturaX,1211.578125,2,134,False,28.176235465116278
12,52,75,CulturaX,1391.671875,2,134,False,26.762920673076923
8,36,52,CulturaX,998.140625,2,134,False,27.72612847222222
18,81,111,CulturaX,2140.75,3,177,False,26.429012345679013
12,49,68,CulturaX,1371.96875,2,134,False,27.99936224489796
15,65,100,CulturaX,1896.859375,2,134,False,29.182451923076922
22,93,130,CulturaX,2495.46875,3,177,False,26.832997311827956
23,111,165,CulturaX,2881.703125,4,220,False,25.961289414414413
36,167,238,CulturaX,4599.5,5,263,False,27.54191616766467
9,32,46,CulturaX,889.171875,1,91,True,27.78662109375
24,98,133,CulturaX,2526.78125,3,177,False,25.783482142857142
10,53,82,CulturaX,1402.171875,2,134,False,26.456073113207548
31,137,192,CulturaX,3720.34375,4,220,False,27.155793795620436
11,56,64,CulturaX,1178.609375,2,134,False,21.046595982142858
13,61,91,CulturaX,1656.265625,2,134,False,27.15189549180328
7,30,38,CulturaX,736.90625,1,91,True,24.563541666666666
14,74,102,CulturaX,1990.671875,3,177,False,26.900971283783782
33,145,201,CulturaX,4050.1875,5,263,False,27.932327586206895
30,154,216,CulturaX,3955.484375,5,263,False,25.684963474025974
35,155,224,CulturaX,4125.5,5,263,False,26.616129032258065
16,69,100,CulturaX,1797.578125,2,134,False,26.051856884057973
11,48,64,CulturaX,1338.765625,2,134,False,27.890950520833332
14,56,88,CulturaX,1482.46875,2,134,False,26.47265625
7,30,40,CulturaX,772.109375,1,91,True,25.736979166666668
25,130,179,CulturaX,3418.265625,4,220,False,26.294350961538463
19,67,90,CulturaX,1774.3125,2,134,False,26.482276119402986
13,52,69,CulturaX,1314.015625,2,134,False,25.26953125
7,31,41,CulturaX,791.09375,1,91,True,25.519153225806452
21,85,115,CulturaX,2315.0,3,177,False,27.235294117647058
44,202,291,CulturaX,5322.921875,6,306,False,26.35109839108911
22,78,109,CulturaX,2147.09375,3,177,False,27.52684294871795
18,98,130,CulturaX,2500.4375,3,177,False,25.51466836734694
22,89,129,CulturaX,2359.828125,3,177,False,26.51492275280899
21,96,143,CulturaX,2536.96875,3,177,False,26.4267578125
8,34,49,CulturaX,1009.25,2,134,False,29.683823529411764
16,63,90,CulturaX,1720.15625,2,134,False,27.30406746031746
8,34,48,CulturaX,914.578125,1,91,True,26.899356617647058
16,71,103,CulturaX,1796.515625,2,134,False,25.303036971830984
9,42,57,CulturaX,1137.453125,2,134,False,27.082217261904763
30,136,193,CulturaX,3455.953125,4,220,False,25.411420036764707
19,93,130,CulturaX,2444.640625,3,177,False,26.286458333333332
11,38,52,CulturaX,1002.296875,2,134,False,26.37623355263158
10,37,54,CulturaX,909.1875,1,91,True,24.572635135135137
8,35,50,CulturaX,989.28125,2,134,False,28.26517857142857
14,60,79,CulturaX,1628.78125,2,134,False,27.146354166666665
23,110,158,CulturaX,2957.640625,4,220,False,26.887642045454545
18,92,132,CulturaX,2338.890625,3,177,False,25.42272418478261
13,63,89,CulturaX,1631.59375,2,134,False,25.89831349206349
7,26,37,CulturaX,671.3125,1,91,True,25.81971153846154
21,110,160,CulturaX,2878.125,4,220,False,26.164772727272727
9,36,49,CulturaX,947.734375,1,91,True,26.32595486111111
14,61,86,CulturaX,1661.265625,2,134,False,27.23386270491803
11,41,59,CulturaX,1151.890625,2,134,False,28.094893292682926
13,49,63,CulturaX,1167.921875,2,134,False,23.835140306122447
10,43,63,CulturaX,1148.078125,2,134,False,26.69949127906977
12,65,100,CulturaX,1692.640625,2,134,False,26.040625
23,106,148,CulturaX,2812.390625,4,220,False,26.531987028301888
8,38,50,CulturaX,1000.3125,2,134,False,26.324013157894736
25,101,145,CulturaX,2548.203125,3,177,False,25.22973391089109
7,36,53,CulturaX,1002.828125,2,134,False,27.856336805555557
7,29,40,CulturaX,714.28125,1,91,True,24.630387931034484
7,30,44,CulturaX,868.625,1,91,True,28.954166666666666
7,26,39,CulturaX,694.125,1,91,True,26.697115384615383
15,74,84,CulturaX,1602.4375,2,134,False,21.65456081081081
9,35,50,CulturaX,990.828125,2,134,False,28.309375
25,96,137,CulturaX,2672.34375,3,177,False,27.8369140625
10,38,48,CulturaX,995.5,2,134,False,26.19736842105263
15,69,100,CulturaX,1828.796875,2,134,False,26.504302536231883
7,30,42,CulturaX,891.453125,1,91,True,29.715104166666666
15,64,85,CulturaX,1740.125,2,134,False,27.189453125
7,23,33,CulturaX,561.734375,1,91,True,24.423233695652176
23,102,153,CulturaX,2747.953125,3,177,False,26.940716911764707
50,217,309,CulturaX,5871.578125,7,349,False,27.05796370967742
22,97,119,CulturaX,2451.390625,3,177,False,25.27206829896907
12,51,68,CulturaX,1311.390625,2,134,False,25.713541666666668
9,43,65,CulturaX,1203.703125,2,134,False,27.99309593023256
34,152,208,CulturaX,4101.15625,5,263,False,26.98129111842105
8,43,62,CulturaX,1210.78125,2,134,False,28.157703488372093
22,98,140,CulturaX,2604.40625,3,177,False,26.575573979591837
14,58,86,CulturaX,1669.5,2,134,False,28.78448275862069
13,63,88,CulturaX,1589.5,2,134,False,25.23015873015873
7,33,47,CulturaX,912.203125,1,91,True,27.642518939393938
36,157,212,CulturaX,4058.734375,5,263,False,25.851811305732483
21,98,141,CulturaX,2680.3125,3,177,False,27.350127551020407
16,81,118,CulturaX,2277.390625,3,177,False,28.11593364197531
20,81,108,CulturaX,2194.4375,3,177,False,27.09182098765432
44,278,380,CulturaX,6553.09375,8,392,False,23.572279676258994
25,116,170,CulturaX,3054.328125,4,220,False,26.330414870689655
8,27,38,CulturaX,716.78125,1,91,True,26.547453703703702
11,50,68,CulturaX,1348.453125,2,134,False,26.9690625
70,302,406,CulturaX,8074.0,9,435,False,26.735099337748345
9,37,50,CulturaX,984.984375,2,134,False,26.621199324324323
21,90,127,CulturaX,2391.59375,3,177,False,26.57326388888889
7,28,40,CulturaX,763.890625,1,91,True,27.281808035714285
13,65,95,CulturaX,1805.390625,2,134,False,27.775240384615383
12,55,76,CulturaX,1460.5,2,134,False,26.554545454545455
15,58,83,CulturaX,1568.203125,2,134,False,27.037984913793103
9,37,54,CulturaX,939.671875,1,91,True,25.39653716216216
21,88,122,CulturaX,2369.953125,3,177,False,26.931285511363637
23,105,143,CulturaX,2707.515625,3,177,False,25.785863095238096
11,44,64,CulturaX,1126.234375,2,134,False,25.596235795454547
15,65,92,CulturaX,1767.140625,2,134,False,27.186778846153846
9,41,59,CulturaX,1010.734375,2,134,False,24.65205792682927
14,63,85,CulturaX,1562.0,2,134,False,24.793650793650794
23,126,182,CulturaX,3135.015625,4,220,False,24.88107638888889
26,114,163,CulturaX,3234.078125,4,220,False,28.369106359649123
16,73,101,CulturaX,2031.015625,3,177,False,27.822131849315067
13,67,96,CulturaX,1910.203125,3,177,False,28.510494402985074
21,88,128,CulturaX,2447.921875,3,177,False,27.81729403409091
12,60,86,CulturaX,1633.21875,2,134,False,27.2203125
8,33,50,CulturaX,892.84375,1,91,True,27.05587121212121
7,35,54,CulturaX,914.671875,1,91,True,26.133482142857144
7,31,43,CulturaX,923.671875,1,91,True,29.795866935483872
66,289,404,CulturaX,7413.875,8,392,False,25.65354671280277
20,96,132,CulturaX,2553.84375,3,177,False,26.6025390625
35,154,206,CulturaX,3852.75,5,263,False,25.017857142857142
36,125,185,CulturaX,3360.625,4,220,False,26.885
17,56,73,CulturaX,1469.375,2,134,False,26.238839285714285
16,70,97,CulturaX,1806.859375,2,134,False,25.812276785714285
38,180,241,CulturaX,4447.640625,5,263,False,24.709114583333335
29,133,175,CulturaX,3041.5625,4,220,False,22.86889097744361
10,55,75,CulturaX,1470.21875,2,134,False,26.73125
27,118,172,CulturaX,3174.15625,4,220,False,26.899629237288135
15,81,105,CulturaX,1989.15625,3,177,False,24.557484567901234
11,50,73,CulturaX,1352.484375,2,134,False,27.0496875
23,102,136,CulturaX,2713.40625,3,177,False,26.60202205882353
38,191,272,CulturaX,5095.984375,6,306,False,26.680546465968586
27,132,201,CulturaX,3635.296875,5,263,False,27.54012784090909
10,40,52,CulturaX,1102.953125,2,134,False,27.573828125
27,122,170,CulturaX,3289.078125,4,220,False,26.959656762295083
9,54,70,CulturaX,1394.578125,2,134,False,25.825520833333332
12,55,80,CulturaX,1543.09375,2,134,False,28.05625
20,87,126,CulturaX,2407.34375,3,177,False,27.670617816091955
12,44,66,CulturaX,1156.421875,2,134,False,26.28231534090909
10,44,59,CulturaX,1142.421875,2,134,False,25.964133522727273
24,103,143,CulturaX,2663.3125,3,177,False,25.85740291262136
25,102,147,CulturaX,2688.671875,3,177,False,26.35952818627451
9,35,50,CulturaX,960.484375,2,134,False,27.442410714285714
16,55,81,CulturaX,1541.5625,2,134,False,28.02840909090909
7,35,48,CulturaX,897.8125,1,91,True,25.651785714285715
7,37,45,CulturaX,790.03125,1,91,True,21.352195945945947
12,44,69,CulturaX,1219.1875,2,134,False,27.708806818181817
25,129,169,CulturaX,2970.46875,4,220,False,23.026889534883722
11,53,74,CulturaX,1495.25,2,134,False,28.212264150943398
12,58,80,CulturaX,1468.640625,2,134,False,25.321390086206897
8,35,52,CulturaX,938.484375,1,91,True,26.813839285714284
26,113,167,CulturaX,3152.390625,4,220,False,27.897262168141594
10,45,58,CulturaX,1048.453125,2,134,False,23.298958333333335
12,40,54,CulturaX,1114.0,2,134,False,27.85
13,57,85,CulturaX,1499.5,2,134,False,26.30701754385965
9,29,40,CulturaX,743.859375,1,91,True,25.650323275862068
23,97,130,CulturaX,2632.28125,3,177,False,27.136920103092784
15,60,85,CulturaX,1556.390625,2,134,False,25.93984375
26,112,152,CulturaX,2823.0,4,220,False,25.205357142857142
13,53,79,CulturaX,1508.015625,2,134,False,28.453125
19,85,114,CulturaX,2221.25,3,177,False,26.13235294117647
14,70,105,CulturaX,1967.75,3,177,False,28.110714285714284
22,99,137,CulturaX,2785.5625,4,220,False,28.136994949494948
13,54,77,CulturaX,1459.9375,2,134,False,27.03587962962963
11,46,62,CulturaX,1241.421875,2,134,False,26.98743206521739
25,112,159,CulturaX,3022.609375,4,220,False,26.987583705357142
8,43,64,CulturaX,1240.921875,2,134,False,28.858648255813954
24,110,154,CulturaX,2976.0625,4,220,False,27.055113636363636
16,68,93,CulturaX,1816.171875,3,177,False,26.708409926470587
8,27,38,CulturaX,722.671875,1,91,True,26.765625
8,37,51,CulturaX,943.421875,1,91,True,25.497888513513512
16,74,105,CulturaX,2166.46875,3,177,False,29.27660472972973
22,104,142,CulturaX,2810.96875,3,177,False,27.028545673076923
13,50,72,CulturaX,1414.359375,2,134,False,28.2871875
18,81,115,CulturaX,2370.265625,3,177,False,29.262538580246915
14,73,103,CulturaX,2049.625,3,177,False,28.07705479452055
37,158,215,CulturaX,4120.6875,5,263,False,26.080300632911392
11,39,53,CulturaX,1025.171875,2,134,False,26.286458333333332
9,46,65,CulturaX,1242.0,2,134,False,27.0
20,97,138,CulturaX,2541.375,3,177,False,26.199742268041238
32,122,172,CulturaX,3268.65625,4,220,False,26.792264344262296
8,39,56,CulturaX,1057.453125,2,134,False,27.114182692307693
13,60,82,CulturaX,1515.1875,2,134,False,25.253125
18,75,111,CulturaX,2080.609375,3,177,False,27.741458333333334
47,213,295,CulturaX,5806.015625,7,349,False,27.258289319248828
18,84,113,CulturaX,2274.734375,3,177,False,27.08017113095238
7,26,34,CulturaX,673.453125,1,91,True,25.90204326923077
27,115,165,CulturaX,3029.34375,4,220,False,26.34211956521739
14,54,77,CulturaX,1575.359375,2,134,False,29.17332175925926
10,51,63,CulturaX,1256.515625,2,134,False,24.637561274509803
9,46,61,CulturaX,1227.84375,2,134,False,26.69225543478261
10,44,66,CulturaX,1188.6875,2,134,False,27.015625
11,41,54,CulturaX,1102.796875,2,134,False,26.897484756097562
7,25,37,CulturaX,625.1875,1,91,True,25.0075
7,30,41,CulturaX,678.234375,1,91,True,22.6078125
33,144,203,CulturaX,3814.84375,5,263,False,26.49197048611111
12,50,70,CulturaX,1367.625,2,134,False,27.3525
11,47,71,CulturaX,1311.0625,2,134,False,27.89494680851064
11,47,61,CulturaX,1073.765625,2,134,False,22.846077127659573
9,37,50,CulturaX,1008.171875,2,134,False,27.247888513513512
7,31,50,CulturaX,786.78125,1,91,True,25.380040322580644
44,145,207,CulturaX,3722.296875,4,220,False,25.671012931034483
19,97,134,CulturaX,2375.0625,3,177,False,24.485180412371133
11,49,71,CulturaX,1297.328125,2,134,False,26.476084183673468
18,83,108,CulturaX,2221.078125,3,177,False,26.759977409638555
15,58,80,CulturaX,1520.0,2,134,False,26.20689655172414
11,50,65,CulturaX,1285.984375,2,134,False,25.7196875
30,143,211,CulturaX,3785.828125,5,263,False,26.474322552447553
19,87,136,CulturaX,2342.78125,3,177,False,26.92852011494253
14,49,68,CulturaX,1250.15625,2,134,False,25.513392857142858
21,99,146,CulturaX,2634.71875,3,177,False,26.613320707070706
9,39,52,CulturaX,1005.984375,2,134,False,25.794471153846153
7,31,49,CulturaX,884.28125,1,91,True,28.525201612903224
9,34,46,CulturaX,841.890625,1,91,True,24.761488970588236
24,113,162,CulturaX,3092.40625,4,220,False,27.366426991150444
7,30,43,CulturaX,769.265625,1,91,True,25.6421875
15,62,87,CulturaX,1620.015625,2,134,False,26.129284274193548
14,54,71,CulturaX,1456.75,2,134,False,26.97685185185185
20,94,125,CulturaX,2479.3125,3,177,False,26.37566489361702
36,162,229,CulturaX,4380.8125,5,263,False,27.042052469135804
21,95,121,CulturaX,2214.078125,3,177,False,23.30608552631579
7,27,38,CulturaX,672.875,1,91,True,24.921296296296298
15,62,94,CulturaX,1649.9375,2,134,False,26.611895161290324
22,105,137,CulturaX,2700.421875,4,220,False,25.71830357142857
12,58,82,CulturaX,1486.828125,2,134,False,25.634967672413794
9,34,49,CulturaX,904.375,1,91,True,26.59926470588235
20,77,111,CulturaX,1943.265625,3,177,False,25.23721590909091
20,93,125,CulturaX,2556.8125,3,177,False,27.49260752688172
7,31,44,CulturaX,767.15625,1,91,True,24.746975806451612
13,59,81,CulturaX,1628.21875,2,134,False,27.596927966101696
12,53,73,CulturaX,1381.8125,2,134,False,26.07193396226415
27,117,174,CulturaX,3082.390625,4,220,False,26.345219017094017
7,36,53,CulturaX,1049.125,2,134,False,29.14236111111111
45,209,300,CulturaX,5766.0,7,349,False,27.588516746411482
16,78,101,CulturaX,1922.015625,3,177,False,24.64122596153846
33,143,202,CulturaX,3790.40625,5,263,False,26.506337412587413
8,36,54,CulturaX,932.140625,1,91,True,25.89279513888889
8,38,54,CulturaX,1011.90625,2,134,False,26.629111842105264
31,138,176,CulturaX,3497.546875,4,220,False,25.34454257246377
12,51,74,CulturaX,1405.421875,2,134,False,27.557291666666668
16,81,122,CulturaX,2196.921875,3,177,False,27.122492283950617
9,38,53,CulturaX,990.125,2,134,False,26.05592105263158
38,171,237,CulturaX,4332.484375,5,263,False,25.336165935672515
35,142,179,CulturaX,3331.625,4,220,False,23.462147887323944
12,57,81,CulturaX,1587.375,2,134,False,27.848684210526315
24,110,156,CulturaX,3020.171875,4,220,False,27.456107954545455
39,172,235,CulturaX,4270.125,5,263,False,24.826308139534884
17,75,106,CulturaX,2019.640625,3,177,False,26.928541666666668
8,34,50,CulturaX,955.3125,1,91,True,28.097426470588236
27,106,146,CulturaX,2804.390625,4,220,False,26.45651533018868
8,35,56,CulturaX,1028.90625,2,134,False,29.397321428571427
10,51,77,CulturaX,1421.65625,2,134,False,27.87561274509804
10,36,51,CulturaX,911.3125,1,91,True,25.31423611111111
10,52,70,CulturaX,1402.4375,2,134,False,26.969951923076923
7,31,48,CulturaX,985.53125,2,134,False,31.791330645161292
11,49,69,CulturaX,1343.6875,2,134,False,27.42219387755102
21,96,133,CulturaX,2596.75,3,177,False,27.049479166666668
20,100,135,CulturaX,2583.875,3,177,False,25.83875
11,48,65,CulturaX,1254.53125,2,134,False,26.136067708333332
17,69,97,CulturaX,1872.828125,2,134,False,27.1424365942029
21,86,123,CulturaX,2301.28125,3,177,False,26.759084302325583
13,57,83,CulturaX,1552.90625,2,134,False,27.243969298245613
19,90,130,CulturaX,2408.234375,3,177,False,26.75815972222222
32,149,206,CulturaX,3887.921875,5,263,False,26.093435402684563
10,40,55,CulturaX,1048.1875,2,134,False,26.2046875
17,69,95,CulturaX,1839.859375,3,177,False,26.664628623188406
54,224,330,CulturaX,5962.921875,7,349,False,26.620186941964285
20,81,113,CulturaX,2220.734375,3,177,False,27.416473765432098
12,51,68,CulturaX,1313.765625,2,134,False,25.76011029411765
28,132,190,CulturaX,3582.0,4,220,False,27.136363636363637
14,63,90,CulturaX,1726.6875,2,134,False,27.407738095238095
7,31,41,CulturaX,795.796875,1,91,True,25.670866935483872
41,196,284,CulturaX,5424.515625,6,306,False,27.67610012755102
7,34,53,CulturaX,1002.546875,2,134,False,29.48667279411765
11,53,80,CulturaX,1440.9375,2,134,False,27.1875
7,28,42,CulturaX,833.328125,1,91,True,29.76171875
8,31,41,CulturaX,826.078125,1,91,True,26.647681451612904
12,50,72,CulturaX,1334.421875,2,134,False,26.6884375
9,29,37,CulturaX,747.265625,1,91,True,25.767780172413794
10,34,47,CulturaX,776.421875,1,91,True,22.8359375
20,96,141,CulturaX,2599.0,3,177,False,27.072916666666668
12,53,74,CulturaX,1466.5,2,134,False,27.669811320754718
29,113,156,CulturaX,2877.9375,4,220,False,25.468473451327434
23,105,147,CulturaX,2806.03125,4,220,False,26.724107142857143
19,93,136,CulturaX,2480.65625,3,177,False,26.673723118279568
13,59,82,CulturaX,1666.265625,2,134,False,28.241790254237287
9,39,56,CulturaX,1068.296875,2,134,False,27.392227564102566
14,56,91,CulturaX,1461.09375,2,134,False,26.090959821428573
10,37,53,CulturaX,977.921875,2,134,False,26.430320945945947
28,111,150,CulturaX,3005.890625,4,220,False,27.08009572072072
12,54,79,CulturaX,1437.09375,2,134,False,26.61284722222222
16,71,105,CulturaX,1973.5625,3,177,False,27.796654929577464
43,197,278,CulturaX,5329.6875,6,306,False,27.054251269035532
21,104,147,CulturaX,2787.515625,4,220,False,26.80303485576923
13,57,79,CulturaX,1506.859375,2,134,False,26.43612938596491
8,35,47,CulturaX,912.4375,1,91,True,26.069642857142856
30,157,223,CulturaX,4227.84375,5,263,False,26.92894108280255
10,43,56,CulturaX,1130.75,2,134,False,26.296511627906977
11,44,61,CulturaX,1157.3125,2,134,False,26.302556818181817
9,37,50,CulturaX,945.875,1,91,True,25.56418918918919
14,63,88,CulturaX,1748.65625,2,134,False,27.75644841269841
7,35,56,CulturaX,1089.71875,2,134,False,31.134821428571428
25,106,147,CulturaX,2941.71875,4,220,False,27.752063679245282
10,44,63,CulturaX,1191.78125,2,134,False,27.0859375
27,141,181,CulturaX,3509.734375,4,220,False,24.89173315602837
16,77,111,CulturaX,2093.0625,3,177,False,27.18262987012987
10,59,84,CulturaX,1586.75,2,134,False,26.89406779661017
7,25,37,CulturaX,702.5625,1,91,True,28.1025
24,92,118,CulturaX,2365.375,3,177,False,25.710597826086957
11,56,79,CulturaX,1502.0625,2,134,False,26.822544642857142
37,170,241,CulturaX,4511.359375,5,263,False,26.537408088235296
14,70,101,CulturaX,1878.84375,3,177,False,26.840625
35,154,231,CulturaX,4245.734375,5,263,False,27.569703733766232
7,31,46,CulturaX,849.625,1,91,True,27.407258064516128
13,57,84,CulturaX,1502.796875,2,134,False,26.36485745614035
14,58,84,CulturaX,1559.6875,2,134,False,26.89116379310345
33,148,200,CulturaX,3953.109375,5,263,False,26.71019847972973
12,53,72,CulturaX,1353.125,2,134,False,25.53066037735849
23,84,116,CulturaX,2231.3125,3,177,False,26.563244047619047
20,90,122,CulturaX,2232.359375,3,177,False,24.803993055555555
42,185,251,CulturaX,4954.359375,6,306,False,26.780320945945945
9,36,54,CulturaX,1058.734375,2,134,False,29.409288194444443
15,55,78,CulturaX,1460.828125,2,134,False,26.560511363636362
12,44,63,CulturaX,1181.34375,2,134,False,26.84872159090909
58,277,347,CulturaX,6736.625,8,392,False,24.31994584837545
41,176,248,CulturaX,4442.515625,5,263,False,25.241566051136363
21,89,121,CulturaX,2274.765625,3,177,False,25.559164325842698
10,42,57,CulturaX,1121.1875,2,134,False,26.694940476190474
16,73,107,CulturaX,1943.515625,3,177,False,26.623501712328768
8,34,55,CulturaX,1025.8125,2,134,False,30.170955882352942
12,58,83,CulturaX,1577.015625,2,134,False,27.189924568965516
15,58,82,CulturaX,1650.75,2,134,False,28.461206896551722
13,56,77,CulturaX,1509.203125,2,134,False,26.950055803571427
7,29,42,CulturaX,867.09375,1,91,True,29.89978448275862
23,97,135,CulturaX,2733.484375,4,220,False,28.180251288659793
14,93,127,CulturaX,2242.90625,3,177,False,24.117271505376344
13,56,68,CulturaX,1347.4375,2,134,False,24.061383928571427
10,46,67,CulturaX,1336.578125,2,134,False,29.056046195652176
36,168,255,CulturaX,4454.90625,6,306,False,26.517299107142858
20,102,149,CulturaX,2779.03125,4,220,False,27.245404411764707
34,162,215,CulturaX,4269.84375,5,263,False,26.357060185185187
28,142,200,CulturaX,3860.53125,5,263,False,27.186839788732396
8,28,45,CulturaX,780.9375,1,91,True,27.890625
43,184,262,CulturaX,4874.8125,6,306,False,26.493546195652176
10,38,52,CulturaX,946.15625,1,91,True,24.898848684210527
38,165,230,CulturaX,4453.609375,5,263,False,26.99157196969697
9,49,60,CulturaX,1162.25,2,134,False,23.71938775510204
11,51,62,CulturaX,1132.53125,2,134,False,22.206495098039216
22,101,149,CulturaX,2718.390625,3,177,False,26.914758663366335
18,81,119,CulturaX,2197.546875,3,177,False,27.130208333333332
7,28,39,CulturaX,718.21875,1,91,True,25.650669642857142
16,86,117,CulturaX,2262.375,3,177,False,26.30668604651163
8,42,58,CulturaX,1088.84375,2,134,False,25.92485119047619
15,57,80,CulturaX,1554.140625,2,134,False,27.265625
10,35,47,CulturaX,863.15625,1,91,True,24.661607142857143
13,58,79,CulturaX,1628.109375,2,134,False,28.07085129310345
50,221,314,CulturaX,5772.71875,7,349,False,26.12089932126697
27,114,151,CulturaX,2978.171875,4,220,False,26.124314692982455
7,29,43,CulturaX,815.859375,1,91,True,28.133081896551722
7,41,60,CulturaX,1125.4375,2,134,False,27.44969512195122
10,36,53,CulturaX,940.015625,1,91,True,26.11154513888889
15,66,91,CulturaX,1735.8125,2,134,False,26.300189393939394
17,75,102,CulturaX,1991.625,3,177,False,26.555
34,162,204,CulturaX,3818.625,5,263,False,23.57175925925926
9,49,74,CulturaX,1209.828125,2,134,False,24.690369897959183
18,67,95,CulturaX,1873.15625,2,134,False,27.957555970149254
25,125,172,CulturaX,3164.671875,4,220,False,25.317375
8,32,46,CulturaX,829.078125,1,91,True,25.90869140625
12,48,70,CulturaX,1355.578125,2,134,False,28.2412109375
7,37,53,CulturaX,948.109375,1,91,True,25.6245777027027
8,45,54,CulturaX,1054.109375,2,134,False,23.424652777777776
7,30,41,CulturaX,851.359375,1,91,True,28.378645833333334
15,71,101,CulturaX,2041.78125,3,177,False,28.757482394366196
10,40,58,CulturaX,1186.484375,2,134,False,29.662109375
25,123,174,CulturaX,3282.125,4,220,False,26.683943089430894
18,74,110,CulturaX,2010.171875,3,177,False,27.1644847972973
14,63,84,CulturaX,1590.21875,2,134,False,25.24156746031746
15,79,112,CulturaX,2176.171875,3,177,False,27.546479430379748
8,33,41,CulturaX,832.1875,1,91,True,25.21780303030303
28,126,175,CulturaX,3379.71875,4,220,False,26.823164682539684
56,263,366,CulturaX,6940.65625,8,392,False,26.39032794676806
8,26,35,CulturaX,706.328125,1,91,True,27.166466346153847
15,58,75,CulturaX,1469.8125,2,134,False,25.341594827586206
26,120,166,CulturaX,3126.65625,4,220,False,26.05546875
10,40,57,CulturaX,1126.546875,2,134,False,28.163671875
21,106,161,CulturaX,2991.625,4,220,False,28.222877358490567
18,73,103,CulturaX,1943.828125,3,177,False,26.627782534246574
20,88,126,CulturaX,2316.765625,3,177,False,26.326882102272727
17,77,110,CulturaX,1949.84375,3,177,False,25.322646103896105
21,90,127,CulturaX,2377.4375,3,177,False,26.415972222222223
12,46,65,CulturaX,1193.234375,2,134,False,25.939877717391305
8,32,43,CulturaX,864.171875,1,91,True,27.00537109375
12,44,66,CulturaX,1186.875,2,134,False,26.974431818181817
6,22,32,CulturaX,627.296875,1,91,True,28.513494318181817
8,38,55,CulturaX,1031.53125,2,134,False,27.145559210526315
23,104,155,CulturaX,2644.96875,3,177,False,25.432391826923077
47,198,283,CulturaX,5248.578125,6,306,False,26.507970328282827
23,116,167,CulturaX,3104.59375,4,220,False,26.763739224137932
30,121,173,CulturaX,3029.96875,4,220,False,25.041064049586776
9,36,52,CulturaX,973.59375,2,134,False,27.044270833333332
11,49,73,CulturaX,1358.171875,2,134,False,27.71779336734694
38,185,270,CulturaX,4772.25,6,306,False,25.795945945945945
12,56,83,CulturaX,1510.03125,2,134,False,26.96484375
7,38,55,CulturaX,1147.1875,2,134,False,30.189144736842106
26,105,137,CulturaX,2685.09375,4,220,False,25.572321428571428
24,126,180,CulturaX,3467.734375,4,220,False,27.52170138888889
24,99,144,CulturaX,2619.421875,3,177,False,26.458806818181817
25,111,152,CulturaX,2907.171875,4,220,False,26.19073761261261
19,89,136,CulturaX,2356.328125,3,177,False,26.47559691011236
14,62,91,CulturaX,1567.90625,2,134,False,25.288810483870968
10,45,64,CulturaX,1222.140625,2,134,False,27.158680555555556
12,49,70,CulturaX,1305.609375,2,134,False,26.645089285714285
25,115,165,CulturaX,3164.78125,4,220,False,27.51983695652174
7,26,36,CulturaX,702.03125,1,91,True,27.001201923076923
12,48,70,CulturaX,1362.375,2,134,False,28.3828125
7,31,50,CulturaX,877.015625,1,91,True,28.290826612903224
25,88,111,CulturaX,2228.390625,3,177,False,25.322620738636363
14,59,89,CulturaX,1618.09375,2,134,False,27.42531779661017
17,69,97,CulturaX,1880.78125,3,177,False,27.25769927536232
13,62,91,CulturaX,1651.921875,2,134,False,26.64390120967742
28,123,172,CulturaX,3172.03125,4,220,False,25.788871951219512
33,162,226,CulturaX,4295.75,5,263,False,26.516975308641975
12,62,93,CulturaX,1552.875,2,134,False,25.046370967741936
8,34,51,CulturaX,921.6875,1,91,True,27.108455882352942
7,22,27,CulturaX,592.234375,1,91,True,26.919744318181817
25,122,174,CulturaX,3448.640625,4,220,False,28.267546106557376
11,46,67,CulturaX,1339.765625,2,134,False,29.125339673913043
23,100,133,CulturaX,2695.0625,3,177,False,26.950625
17,81,98,CulturaX,1775.421875,2,134,False,21.918788580246915
7,25,33,CulturaX,708.4375,1,91,True,28.3375
7,35,47,CulturaX,957.984375,1,91,True,27.370982142857144
11,43,57,CulturaX,1082.515625,2,134,False,25.174781976744185
16,71,97,CulturaX,1797.03125,2,134,False,25.310299295774648
16,64,85,CulturaX,1681.59375,2,134,False,26.27490234375
7,24,38,CulturaX,733.25,1,91,True,30.552083333333332
25,99,138,CulturaX,2592.984375,3,177,False,26.191761363636363
7,31,45,CulturaX,909.59375,1,91,True,29.34173387096774
10,40,53,CulturaX,1109.828125,2,134,False,27.745703125
18,77,110,CulturaX,2207.59375,3,177,False,28.6700487012987
13,46,66,CulturaX,1201.203125,2,134,False,26.113111413043477
9,44,65,CulturaX,1238.4375,2,134,False,28.146306818181817
13,51,73,CulturaX,1304.515625,2,134,False,25.57873774509804
13,69,94,CulturaX,1761.03125,2,134,False,25.522192028985508
13,66,93,CulturaX,1824.203125,2,134,False,27.63944128787879
47,206,289,CulturaX,5524.0,6,306,False,26.815533980582526
17,79,109,CulturaX,2050.96875,3,177,False,25.961629746835442
8,30,38,CulturaX,813.75,1,91,True,27.125
31,154,209,CulturaX,3762.859375,5,263,False,24.434151785714285
16,67,93,CulturaX,1705.890625,2,134,False,25.46105410447761
14,46,59,CulturaX,1133.265625,2,134,False,24.636209239130434
7,28,43,CulturaX,749.21875,1,91,True,26.7578125
19,81,114,CulturaX,2002.015625,3,177,False,24.716242283950617
15,64,94,CulturaX,1619.65625,2,134,False,25.30712890625
11,54,67,CulturaX,1329.53125,2,134,False,24.620949074074073
12,56,83,CulturaX,1567.390625,2,134,False,27.989118303571427
15,63,90,CulturaX,1732.03125,2,134,False,27.492559523809526
11,52,77,CulturaX,1431.375,2,134,False,27.526442307692307
8,33,47,CulturaX,882.046875,1,91,True,26.728693181818183
7,29,44,CulturaX,912.59375,1,91,True,31.46875
15,67,98,CulturaX,1851.9375,2,134,False,27.640858208955223
15,59,81,CulturaX,1629.53125,2,134,False,27.61917372881356
7,29,38,CulturaX,772.9375,1,91,True,26.65301724137931
27,136,195,CulturaX,3650.671875,4,220,False,26.843175551470587
8,40,51,CulturaX,1079.984375,2,134,False,26.999609375
8,51,60,CulturaX,1176.171875,2,134,False,23.06219362745098
7,27,37,CulturaX,695.171875,1,91,True,25.74710648148148
13,55,77,CulturaX,1542.984375,2,134,False,28.054261363636364
7,29,41,CulturaX,766.234375,1,91,True,26.421875
9,45,67,CulturaX,1222.515625,2,134,False,27.16701388888889
25,108,150,CulturaX,2877.21875,4,220,False,26.64091435185185
7,29,39,CulturaX,741.671875,1,91,True,25.57489224137931
26,108,154,CulturaX,2780.53125,3,177,False,25.74565972222222
17,85,125,CulturaX,2356.921875,3,177,False,27.72849264705882
8,38,53,CulturaX,1022.34375,2,134,False,26.903782894736842
24,106,142,CulturaX,2813.40625,4,220,False,26.541568396226417
34,161,235,CulturaX,4267.703125,5,263,False,26.507472826086957
28,143,209,CulturaX,3862.5625,5,263,False,27.010926573426573
13,59,82,CulturaX,1569.796875,2,134,False,26.606726694915253
30,138,188,CulturaX,3678.90625,5,263,False,26.658740942028984
21,92,111,CulturaX,2128.15625,3,177,False,23.132133152173914
8,32,41,CulturaX,790.359375,1,91,True,24.69873046875
13,51,64,CulturaX,1291.71875,2,134,False,25.32781862745098
13,53,77,CulturaX,1517.125,2,134,False,28.625
8,37,55,CulturaX,949.796875,1,91,True,25.67018581081081
11,59,80,CulturaX,1543.375,2,134,False,26.158898305084747
17,81,118,CulturaX,2270.40625,3,177,False,28.029706790123456
20,87,122,CulturaX,2215.21875,3,177,False,25.46228448275862
9,39,55,CulturaX,1146.03125,2,134,False,29.385416666666668
18,77,110,CulturaX,1981.59375,3,177,False,25.734983766233768
29,152,213,CulturaX,4009.4375,5,263,False,26.377878289473685
42,179,250,CulturaX,4617.03125,5,263,False,25.793470670391063
14,77,112,CulturaX,2136.953125,3,177,False,27.75263798701299
24,93,126,CulturaX,2489.59375,3,177,False,26.769825268817204
7,30,43,CulturaX,804.28125,1,91,True,26.809375
19,95,140,CulturaX,2560.046875,3,177,False,26.94786184210526
20,88,127,CulturaX,2263.578125,3,177,False,25.722478693181817
12,38,47,CulturaX,872.71875,1,91,True,22.966282894736842
27,113,150,CulturaX,3042.359375,4,220,False,26.9235342920354
7,27,39,CulturaX,751.140625,1,91,True,27.82002314814815
20,95,142,CulturaX,2547.015625,3,177,False,26.810690789473686
26,112,152,CulturaX,2953.6875,4,220,False,26.372209821428573
15,71,100,CulturaX,1917.625,3,177,False,27.008802816901408
8,46,67,CulturaX,1217.640625,2,134,False,26.47044836956522
29,112,161,CulturaX,2961.703125,4,220,False,26.443777901785715
7,27,37,CulturaX,707.328125,1,91,True,26.197337962962962
9,30,45,CulturaX,781.234375,1,91,True,26.041145833333335
20,96,141,CulturaX,2547.4375,3,177,False,26.535807291666668
25,109,156,CulturaX,2912.9375,4,220,False,26.72419724770642
38,172,254,CulturaX,4656.734375,5,263,False,27.074037063953487
10,49,73,CulturaX,1210.03125,2,134,False,24.694515306122447
17,84,128,CulturaX,2341.046875,3,177,False,27.869605654761905
13,47,69,CulturaX,1253.25,2,134,False,26.664893617021278
17,87,126,CulturaX,2363.84375,3,177,False,27.170617816091955
15,67,96,CulturaX,1731.828125,2,134,False,25.848180970149254
24,120,174,CulturaX,3367.125,4,220,False,28.059375
12,55,80,CulturaX,1655.921875,2,134,False,30.107670454545456
16,68,90,CulturaX,1754.1875,2,134,False,25.796875
15,60,85,CulturaX,1692.59375,2,134,False,28.209895833333334
16,72,98,CulturaX,1961.71875,3,177,False,27.24609375
36,163,233,CulturaX,4183.296875,5,263,False,25.66439800613497
8,38,58,CulturaX,1056.734375,2,134,False,27.808799342105264
37,192,267,CulturaX,4970.875,6,306,False,25.889973958333332
17,76,100,CulturaX,1900.21875,3,177,False,25.002878289473685
11,40,54,CulturaX,1098.03125,2,134,False,27.45078125
27,122,174,CulturaX,3270.6875,4,220,False,26.80891393442623
12,62,90,CulturaX,1692.609375,2,134,False,27.30015120967742
13,61,84,CulturaX,1616.140625,2,134,False,26.494108606557376
11,55,80,CulturaX,1468.15625,2,134,False,26.69375
7,27,36,CulturaX,785.296875,1,91,True,29.085069444444443
41,185,265,CulturaX,5014.453125,6,306,False,27.105152027027028
36,155,210,CulturaX,4135.140625,5,263,False,26.678326612903227
8,29,41,CulturaX,788.6875,1,91,True,27.19612068965517
40,191,259,CulturaX,4813.59375,6,306,False,25.20206151832461
24,108,148,CulturaX,2672.828125,3,177,False,24.748408564814813
17,64,98,CulturaX,1661.84375,2,134,False,25.96630859375
9,41,52,CulturaX,1088.515625,2,134,False,26.549161585365855
22,103,147,CulturaX,2779.046875,4,220,False,26.981037621359224
16,78,110,CulturaX,2085.265625,3,177,False,26.73417467948718
28,120,171,CulturaX,3103.46875,4,220,False,25.862239583333334
18,95,139,CulturaX,2573.59375,3,177,False,27.09046052631579
18,86,124,CulturaX,2303.953125,3,177,False,26.79015261627907
11,42,56,CulturaX,1160.640625,2,134,False,27.634300595238095
9,35,47,CulturaX,835.75,1,91,True,23.87857142857143
11,44,58,CulturaX,1178.5,2,134,False,26.78409090909091
13,55,68,CulturaX,1322.359375,2,134,False,24.042897727272727
12,57,77,CulturaX,1520.703125,2,134,False,26.679002192982455
9,39,53,CulturaX,982.671875,2,134,False,25.196714743589745
62,300,418,CulturaX,8148.078125,10,478,False,27.160260416666667
8,40,61,CulturaX,1130.734375,2,134,False,28.268359375
14,62,81,CulturaX,1575.34375,2,134,False,25.408770161290324
28,125,177,CulturaX,3262.53125,4,220,False,26.10025
33,130,185,CulturaX,3547.328125,4,220,False,27.287139423076923
7,21,24,CulturaX,519.96875,1,91,True,24.760416666666668
8,38,51,CulturaX,919.0,1,91,True,24.18421052631579
12,57,71,CulturaX,1478.296875,2,134,False,25.935032894736842
21,106,150,CulturaX,2779.0625,4,220,False,26.21757075471698
17,82,119,CulturaX,2285.984375,3,177,False,27.877858231707318
31,129,178,CulturaX,3414.75,4,220,False,26.47093023255814
31,145,204,CulturaX,3877.375,5,263,False,26.74051724137931
10,47,69,CulturaX,1248.78125,2,134,False,26.569813829787233
15,91,112,CulturaX,2073.390625,3,177,False,22.78451236263736
7,37,55,CulturaX,1001.796875,2,134,False,27.075591216216218
8,34,51,CulturaX,1058.3125,2,134,False,31.126838235294116
8,30,43,CulturaX,818.828125,1,91,True,27.294270833333332
28,141,204,CulturaX,3735.6875,5,263,False,26.49423758865248
9,37,54,CulturaX,1091.078125,2,134,False,29.488597972972972
12,52,69,CulturaX,1415.828125,2,134,False,27.227463942307693
23,103,139,CulturaX,2683.09375,3,177,False,26.049453883495147
18,86,123,CulturaX,2337.328125,3,177,False,27.178234011627907
28,111,150,CulturaX,2878.921875,4,220,False,25.93623310810811
17,82,119,CulturaX,2211.90625,3,177,False,26.974466463414632
19,79,116,CulturaX,2148.875,3,177,False,27.200949367088608
7,25,38,CulturaX,747.453125,1,91,True,29.898125
12,55,76,CulturaX,1392.046875,2,134,False,25.30994318181818
18,83,100,CulturaX,1899.25,3,177,False,22.882530120481928
24,114,162,CulturaX,3075.328125,4,220,False,26.9765625
28,111,153,CulturaX,2965.734375,4,220,False,26.7183277027027
23,96,142,CulturaX,2579.5,3,177,False,26.869791666666668
21,82,118,CulturaX,2282.015625,3,177,False,27.829458841463413
31,156,219,CulturaX,4113.171875,5,263,False,26.366486378205128
12,48,68,CulturaX,1292.421875,2,134,False,26.925455729166668
10,54,77,CulturaX,1338.71875,2,134,False,24.791087962962962
19,87,122,CulturaX,2226.359375,3,177,False,25.59033764367816
8,30,44,CulturaX,786.765625,1,91,True,26.225520833333334
8,32,42,CulturaX,847.953125,1,91,True,26.49853515625
47,196,273,CulturaX,5020.8125,6,306,False,25.616390306122447
25,105,148,CulturaX,2806.390625,3,177,False,26.727529761904762
34,151,214,CulturaX,4147.453125,5,263,False,27.466576986754966
12,57,75,CulturaX,1497.015625,2,134,False,26.26343201754386
17,76,115,CulturaX,1961.453125,3,177,False,25.80859375
10,46,69,CulturaX,1330.53125,2,134,False,28.924592391304348
9,32,49,CulturaX,870.15625,1,91,True,27.1923828125
9,42,59,CulturaX,1016.15625,2,134,False,24.194196428571427
24,126,187,CulturaX,3392.46875,4,220,False,26.924355158730158
17,77,108,CulturaX,2028.96875,3,177,False,26.350243506493506
31,133,195,CulturaX,3737.578125,4,220,False,28.102091165413533
11,47,69,CulturaX,1226.671875,2,134,False,26.09940159574468
10,33,46,CulturaX,941.03125,1,91,True,28.516098484848484
11,53,75,CulturaX,1396.5,2,134,False,26.349056603773583
17,88,106,CulturaX,2025.234375,3,177,False,23.014026988636363
29,126,183,CulturaX,3445.578125,4,220,False,27.345858134920636
28,135,217,CulturaX,3732.484375,4,220,False,27.648032407407406
32,157,216,CulturaX,3981.671875,5,263,False,25.360967356687897
43,207,291,CulturaX,5628.46875,7,349,False,27.190670289855074
7,53,68,CulturaX,1179.15625,2,134,False,22.24823113207547
16,69,100,CulturaX,1856.609375,2,134,False,26.907382246376812
12,55,77,CulturaX,1574.109375,2,134,False,28.620170454545455
29,149,196,CulturaX,3750.734375,4,220,False,25.172713926174495
24,97,145,CulturaX,2684.78125,4,220,False,27.678157216494846
16,69,100,CulturaX,1904.984375,3,177,False,27.60846920289855
18,83,114,CulturaX,2065.890625,3,177,False,24.890248493975903
13,66,93,CulturaX,1738.421875,2,134,False,26.33972537878788
21,80,103,CulturaX,2030.03125,3,177,False,25.375390625
8,37,50,CulturaX,946.4375,1,91,True,25.57939189189189
9,39,54,CulturaX,997.90625,2,134,False,25.587339743589745
13,71,108,CulturaX,1889.9375,3,177,False,26.618838028169016
19,94,128,CulturaX,2539.34375,3,177,False,27.01429521276596
13,50,69,CulturaX,1482.5,2,134,False,29.65
96,387,510,CulturaX,9986.53125,11,521,False,25.80499031007752
9,34,47,CulturaX,923.890625,1,91,True,27.173253676470587
11,44,61,CulturaX,1149.59375,2,134,False,26.127130681818183
17,71,100,CulturaX,1813.8125,2,134,False,25.546654929577464
11,57,81,CulturaX,1554.234375,2,134,False,27.267269736842106
12,48,70,CulturaX,1346.8125,2,134,False,28.05859375
44,202,274,CulturaX,5380.734375,6,306,False,26.637298886138613
9,34,49,CulturaX,931.90625,1,91,True,27.409007352941178
26,124,182,CulturaX,3249.015625,4,220,False,26.201738911290324
16,69,95,CulturaX,1838.453125,2,134,False,26.644248188405797
18,85,127,CulturaX,2309.984375,3,177,False,27.176286764705882
14,72,102,CulturaX,1884.140625,2,134,False,26.168619791666668
16,66,85,CulturaX,1630.1875,2,134,False,24.699810606060606
14,59,83,CulturaX,1596.90625,2,134,False,27.066207627118644
10,57,89,CulturaX,1566.640625,2,134,False,27.484923245614034
27,135,202,CulturaX,3709.421875,4,220,False,27.477199074074075
15,60,80,CulturaX,1592.296875,2,134,False,26.53828125
10,49,77,CulturaX,1335.0625,2,134,False,27.246173469387756
46,202,271,CulturaX,5007.140625,6,306,False,24.787824876237625
18,86,121,CulturaX,2386.90625,3,177,False,27.7547238372093
38,170,236,CulturaX,4669.828125,6,306,False,27.469577205882352
17,70,99,CulturaX,1834.28125,2,134,False,26.20401785714286
13,50,72,CulturaX,1436.734375,2,134,False,28.7346875
18,76,100,CulturaX,2041.515625,3,177,False,26.86204769736842
18,90,126,CulturaX,2461.9375,3,177,False,27.354861111111113
13,62,83,CulturaX,1501.25,2,134,False,24.213709677419356
8,30,43,CulturaX,835.0,1,91,True,27.833333333333332
28,120,168,CulturaX,3216.484375,4,220,False,26.804036458333332
12,61,84,CulturaX,1805.84375,2,134,False,29.603995901639344
15,60,81,CulturaX,1513.875,2,134,False,25.23125
18,89,123,CulturaX,2269.6875,3,177,False,25.502106741573034
8,44,69,CulturaX,1158.140625,2,134,False,26.32137784090909
13,57,77,CulturaX,1498.921875,2,134,False,26.296875
25,100,136,CulturaX,2688.171875,3,177,False,26.88171875
11,48,64,CulturaX,1244.625,2,134,False,25.9296875
29,140,189,CulturaX,3650.46875,4,220,False,26.074776785714285
43,216,319,CulturaX,5790.703125,7,349,False,26.80881076388889
12,65,100,CulturaX,1774.078125,2,134,False,27.293509615384615
16,66,96,CulturaX,1855.265625,2,134,False,28.110085227272727
16,68,95,CulturaX,1855.1875,2,134,False,27.282169117647058
27,143,168,CulturaX,3278.78125,4,220,False,22.92854020979021
13,67,108,CulturaX,1809.9375,3,177,False,27.01399253731343
10,52,75,CulturaX,1354.234375,2,134,False,26.04296875
17,84,116,CulturaX,2123.125,3,177,False,25.27529761904762
15,73,96,CulturaX,1913.75,3,177,False,26.215753424657535
10,50,73,CulturaX,1369.3125,2,134,False,27.38625
10,43,62,CulturaX,1202.640625,2,134,False,27.968386627906977
12,61,86,CulturaX,1700.625,2,134,False,27.87909836065574
28,133,182,CulturaX,3325.28125,4,220,False,25.002114661654137
32,124,177,CulturaX,3411.5625,4,220,False,27.512600806451612
12,50,61,CulturaX,1302.328125,2,134,False,26.0465625
7,26,35,CulturaX,666.5625,1,91,True,25.63701923076923
14,73,106,CulturaX,1969.796875,3,177,False,26.983518835616437
12,57,75,CulturaX,1400.90625,2,134,False,24.57730263157895
20,99,148,CulturaX,2850.796875,4,220,False,28.79592803030303
24,112,158,CulturaX,3036.75,4,220,False,27.113839285714285
7,38,44,CulturaX,870.59375,1,91,True,22.910361842105264
22,95,134,CulturaX,2566.46875,3,177,False,27.01546052631579
8,35,49,CulturaX,1069.8125,2,134,False,30.56607142857143
7,34,51,CulturaX,973.5,2,134,False,28.63235294117647
36,179,247,CulturaX,4814.9375,6,306,False,26.89909217877095
7,27,41,CulturaX,763.921875,1,91,True,28.29340277777778
38,160,234,CulturaX,4176.9375,5,263,False,26.105859375
31,141,195,CulturaX,3644.65625,4,220,False,25.84862588652482
13,57,82,CulturaX,1517.4375,2,134,False,26.62171052631579
9,39,50,CulturaX,979.125,2,134,False,25.10576923076923
38,177,251,CulturaX,4720.8125,6,306,False,26.671257062146893
8,26,37,CulturaX,686.265625,1,91,True,26.39483173076923
61,288,403,CulturaX,7749.1875,9,435,False,26.906901041666668
19,89,126,CulturaX,2428.90625,3,177,False,27.291081460674157
9,39,57,CulturaX,1066.0,2,134,False,27.333333333333332
11,49,64,CulturaX,1272.546875,2,134,False,25.9703443877551
7,30,47,CulturaX,846.546875,1,91,True,28.218229166666667
38,178,224,CulturaX,4485.078125,5,263,False,25.19706811797753
40,161,217,CulturaX,4194.0625,5,263,False,26.050077639751553
34,137,194,CulturaX,3683.21875,4,220,False,26.884808394160583
15,60,86,CulturaX,1683.921875,2,134,False,28.065364583333334
23,116,178,CulturaX,3378.71875,4,220,False,29.126885775862068
9,37,55,CulturaX,1057.328125,2,134,False,28.57643581081081
9,42,62,CulturaX,1119.359375,2,134,False,26.65141369047619
9,41,61,CulturaX,1114.25,2,134,False,27.176829268292682
15,58,83,CulturaX,1543.078125,2,134,False,26.60479525862069
19,89,116,CulturaX,2311.359375,3,177,False,25.970330056179776
24,99,137,CulturaX,2582.734375,3,177,False,26.08822601010101
8,31,39,CulturaX,844.5625,1,91,True,27.243951612903224
24,93,132,CulturaX,2403.625,3,177,False,25.84543010752688
50,225,315,CulturaX,6262.078125,7,349,False,27.831458333333334
17,65,91,CulturaX,1747.875,2,134,False,26.890384615384615
13,71,84,CulturaX,1583.59375,2,134,False,22.30413732394366
23,112,145,CulturaX,2701.40625,4,220,False,24.119698660714285
21,84,115,CulturaX,2246.359375,3,177,False,26.742373511904763
14,64,91,CulturaX,1705.3125,2,134,False,26.6455078125
14,71,107,CulturaX,1926.125,3,177,False,27.128521126760564
38,193,270,CulturaX,5221.21875,6,306,False,27.05294689119171
10,41,60,CulturaX,1051.75,2,134,False,25.652439024390244
8,28,41,CulturaX,801.078125,1,91,True,28.609933035714285
28,143,204,CulturaX,3784.15625,5,263,False,26.46263111888112
20,101,160,CulturaX,2747.84375,4,220,False,27.206373762376238
20,92,120,CulturaX,2297.03125,3,177,False,24.96773097826087
16,77,109,CulturaX,1997.375,3,177,False,25.939935064935064
16,64,93,CulturaX,1835.578125,2,134,False,28.680908203125
10,43,59,CulturaX,1141.375,2,134,False,26.54360465116279
8,38,52,CulturaX,1042.703125,2,134,False,27.43955592105263
22,89,126,CulturaX,2323.5,3,177,False,26.10674157303371
16,69,92,CulturaX,1789.96875,3,177,False,25.941576086956523
7,32,46,CulturaX,831.421875,1,91,True,25.98193359375
22,114,174,CulturaX,3027.15625,4,220,False,26.554002192982455
20,91,129,CulturaX,2457.078125,3,177,False,27.000858516483518
7,26,37,CulturaX,759.65625,1,91,True,29.217548076923077
13,63,84,CulturaX,1573.53125,2,134,False,24.97668650793651
11,53,75,CulturaX,1503.078125,2,134,False,28.35996462264151
7,21,29,CulturaX,556.421875,1,91,True,26.496279761904763
15,62,94,CulturaX,1700.140625,2,134,False,27.421622983870968
30,125,175,CulturaX,3338.765625,4,220,False,26.710125
16,68,98,CulturaX,1725.375,2,134,False,25.373161764705884
10,44,63,CulturaX,1143.0625,2,134,False,25.978693181818183
7,25,34,CulturaX,623.84375,1,91,True,24.95375
13,60,79,CulturaX,1543.0625,2,134,False,25.717708333333334
27,116,167,CulturaX,3148.15625,4,220,False,27.13927801724138
28,122,173,CulturaX,3241.84375,4,220,False,26.57248975409836
7,33,50,CulturaX,877.78125,1,91,True,26.599431818181817
13,52,67,CulturaX,1330.78125,2,134,False,25.591947115384617
21,92,128,CulturaX,2450.96875,3,177,False,26.640964673913043
8,37,49,CulturaX,949.59375,1,91,True,25.664695945945947
7,38,47,CulturaX,939.75,1,91,True,24.730263157894736
22,93,137,CulturaX,2565.171875,3,177,False,27.582493279569892
49,233,332,CulturaX,6183.40625,7,349,False,26.53822424892704
8,33,48,CulturaX,926.859375,1,91,True,28.086647727272727
54,253,378,CulturaX,6786.53125,8,392,False,26.82423418972332
9,43,61,CulturaX,1205.09375,2,134,False,28.02543604651163
16,77,109,CulturaX,2109.59375,3,177,False,27.397321428571427
62,273,393,CulturaX,7263.0,8,392,False,26.604395604395606
13,55,75,CulturaX,1319.40625,2,134,False,23.989204545454545
21,98,140,CulturaX,2710.8125,3,177,False,27.661352040816325
18,78,119,CulturaX,2187.34375,3,177,False,28.04286858974359
9,35,49,CulturaX,921.578125,1,91,True,26.33080357142857
7,23,33,CulturaX,558.296875,1,91,True,24.273777173913043
11,43,61,CulturaX,1223.671875,2,134,False,28.457485465116278
9,39,58,CulturaX,1020.34375,2,134,False,26.162660256410255
31,145,203,CulturaX,3826.3125,5,263,False,26.388362068965517
7,33,50,CulturaX,876.140625,1,91,True,26.54971590909091
20,95,135,CulturaX,2402.578125,3,177,False,25.29029605263158
10,47,70,CulturaX,1256.71875,2,134,False,26.73869680851064
22,92,128,CulturaX,2296.75,3,177,False,24.964673913043477
17,85,123,CulturaX,2425.65625,3,177,False,28.53713235294118
8,36,54,CulturaX,942.078125,1,91,True,26.168836805555557
13,56,76,CulturaX,1541.1875,2,134,False,27.521205357142858
10,42,58,CulturaX,1207.734375,2,134,False,28.755580357142858
41,195,270,CulturaX,5262.125,6,306,False,26.98525641025641
9,42,59,CulturaX,1171.09375,2,134,False,27.883184523809526
14,43,53,CulturaX,970.40625,2,134,False,22.567587209302324
16,67,101,CulturaX,1880.6875,3,177,False,28.069962686567163
13,54,76,CulturaX,1415.171875,2,134,False,26.206886574074073
18,73,99,CulturaX,1958.53125,3,177,False,26.82919520547945
11,56,78,CulturaX,1501.296875,2,134,False,26.808872767857142
24,107,149,CulturaX,2780.546875,4,220,False,25.986419392523363
8,33,49,CulturaX,874.546875,1,91,True,26.501420454545453
7,25,35,CulturaX,662.234375,1,91,True,26.489375
7,30,38,CulturaX,803.6875,1,91,True,26.789583333333333
17,68,94,CulturaX,1806.9375,2,134,False,26.57261029411765
15,66,94,CulturaX,1828.828125,2,134,False,27.709517045454547
13,67,92,CulturaX,1756.421875,2,134,False,26.215251865671643
9,36,50,CulturaX,940.265625,1,91,True,26.118489583333332
9,36,53,CulturaX,990.640625,2,134,False,27.51779513888889
7,34,47,CulturaX,925.40625,1,91,True,27.217830882352942
10,38,51,CulturaX,1013.59375,2,134,False,26.673519736842106
14,55,76,CulturaX,1481.8125,2,134,False,26.942045454545454
52,248,354,CulturaX,6673.6875,8,392,False,26.910030241935484
10,59,74,CulturaX,1245.421875,2,134,False,21.108845338983052
8,34,44,CulturaX,831.109375,1,91,True,24.444393382352942
30,142,199,CulturaX,3642.0,4,220,False,25.64788732394366
31,137,206,CulturaX,3613.671875,5,263,False,26.377166970802918
9,40,56,CulturaX,1037.078125,2,134,False,25.926953125
8,30,44,CulturaX,888.53125,1,91,True,29.617708333333333
29,136,185,CulturaX,3563.03125,5,263,False,26.19875919117647
11,38,56,CulturaX,1096.671875,2,134,False,28.859786184210527
17,82,120,CulturaX,2341.828125,3,177,False,28.55887957317073
17,69,92,CulturaX,1752.21875,2,134,False,25.39447463768116
9,38,49,CulturaX,863.71875,1,91,True,22.729440789473685
20,90,129,CulturaX,2492.046875,3,177,False,27.689409722222223
41,187,269,CulturaX,4923.640625,6,306,False,26.329629010695186
8,36,50,CulturaX,1018.78125,2,134,False,28.299479166666668
11,43,60,CulturaX,1157.296875,2,134,False,26.913880813953487
9,34,49,CulturaX,894.78125,1,91,True,26.317095588235293
7,24,31,CulturaX,576.265625,1,91,True,24.011067708333332
26,123,167,CulturaX,3340.15625,4,220,False,27.1557418699187
10,45,60,CulturaX,1201.6875,2,134,False,26.704166666666666
7,29,42,CulturaX,782.28125,1,91,True,26.97521551724138
8,35,46,CulturaX,954.65625,1,91,True,27.275892857142857
18,70,105,CulturaX,1969.453125,3,177,False,28.135044642857142
24,136,167,CulturaX,3161.921875,4,220,False,23.249425551470587
16,72,105,CulturaX,1930.828125,3,177,False,26.817057291666668
9,40,59,CulturaX,1081.125,2,134,False,27.028125
7,24,34,CulturaX,683.125,1,91,True,28.463541666666668
7,40,55,CulturaX,992.296875,2,134,False,24.807421875
9,35,45,CulturaX,872.65625,1,91,True,24.933035714285715
8,40,56,CulturaX,1118.359375,2,134,False,27.958984375
20,93,129,CulturaX,2633.546875,3,177,False,28.317708333333332
7,38,51,CulturaX,996.171875,2,134,False,26.215049342105264
9,40,58,CulturaX,1035.578125,2,134,False,25.889453125
10,43,67,CulturaX,1238.328125,2,134,False,28.798328488372093
26,115,159,CulturaX,3059.796875,4,220,False,26.606929347826085
15,68,101,CulturaX,1765.390625,2,134,False,25.961626838235293
10,44,63,CulturaX,1209.046875,2,134,False,27.478338068181817
29,152,224,CulturaX,4246.3125,5,263,False,27.93626644736842
15,67,104,CulturaX,1807.65625,2,134,False,26.979944029850746
12,52,73,CulturaX,1314.875,2,134,False,25.286057692307693
8,48,67,CulturaX,1334.921875,2,134,False,27.810872395833332
8,36,50,CulturaX,1018.59375,2,134,False,28.294270833333332
42,191,287,CulturaX,4929.484375,6,306,False,25.808818717277486
22,114,174,CulturaX,2991.546875,4,220,False,26.241639254385966
13,59,86,CulturaX,1692.15625,2,134,False,28.68061440677966
21,104,149,CulturaX,2908.71875,4,220,False,27.96844951923077
9,39,55,CulturaX,1060.640625,2,134,False,27.19591346153846
13,63,88,CulturaX,1664.953125,2,134,False,26.42782738095238
37,147,204,CulturaX,3840.109375,5,263,False,26.123193027210885
25,116,168,CulturaX,3098.90625,4,220,False,26.71470905172414
7,30,40,CulturaX,724.28125,1,91,True,24.142708333333335
8,34,44,CulturaX,873.34375,1,91,True,25.686580882352942
7,25,27,CulturaX,539.578125,1,91,True,21.583125
11,46,68,CulturaX,1280.78125,2,134,False,27.843070652173914
13,60,83,CulturaX,1453.40625,2,134,False,24.2234375
12,53,75,CulturaX,1388.09375,2,134,False,26.190448113207548
12,48,69,CulturaX,1400.140625,2,134,False,29.169596354166668
16,69,98,CulturaX,1827.4375,2,134,False,26.484601449275363
23,106,151,CulturaX,2887.03125,4,220,False,27.23614386792453
8,37,54,CulturaX,959.671875,1,91,True,25.9370777027027
33,150,213,CulturaX,4007.140625,5,263,False,26.714270833333334
26,117,176,CulturaX,3166.484375,4,220,False,27.063969017094017
19,91,139,CulturaX,2621.1875,3,177,False,28.80425824175824
18,75,97,CulturaX,1951.78125,3,177,False,26.02375
18,80,106,CulturaX,2118.25,3,177,False,26.478125
10,48,69,CulturaX,1358.09375,2,134,False,28.293619791666668
8,41,54,CulturaX,1047.21875,2,134,False,25.541920731707318
9,34,45,CulturaX,955.609375,1,91,True,28.106158088235293
9,45,64,CulturaX,1183.34375,2,134,False,26.29652777777778
28,124,160,CulturaX,3167.96875,4,220,False,25.54813508064516
8,35,51,CulturaX,961.296875,2,134,False,27.465625
39,183,270,CulturaX,4902.890625,6,306,False,26.791752049180328
12,53,74,CulturaX,1437.75,2,134,False,27.12735849056604
24,113,162,CulturaX,3104.5625,4,220,False,27.474004424778762
13,67,110,CulturaX,1912.390625,3,177,False,28.543143656716417
17,76,112,CulturaX,2043.796875,3,177,False,26.892064144736842
35,132,178,CulturaX,3484.890625,4,220,False,26.400686553030305
8,32,46,CulturaX,901.953125,1,91,True,28.18603515625
31,137,200,CulturaX,3748.359375,5,263,False,27.360287408759124
12,59,82,CulturaX,1607.265625,2,134,False,27.241790254237287
17,67,99,CulturaX,1960.0625,3,177,False,29.254664179104477
9,47,53,CulturaX,993.1875,2,134,False,21.131648936170212
8,40,61,CulturaX,1123.234375,2,134,False,28.080859375
7,30,40,CulturaX,766.359375,1,91,True,25.5453125
11,54,78,CulturaX,1522.09375,2,134,False,28.186921296296298
67,285,404,CulturaX,7824.65625,9,435,False,27.454934210526314
9,41,56,CulturaX,1106.546875,2,134,False,26.988948170731707
11,43,59,CulturaX,1203.765625,2,134,False,27.994549418604652
12,58,84,CulturaX,1552.296875,2,134,False,26.763739224137932
7,24,34,CulturaX,694.75,1,91,True,28.947916666666668
8,27,36,CulturaX,713.5,1,91,True,26.425925925925927
23,113,154,CulturaX,2919.84375,4,220,False,25.839325221238937
12,58,85,CulturaX,1594.625,2,134,False,27.49353448275862
20,89,125,CulturaX,2422.703125,3,177,False,27.22138342696629
26,122,174,CulturaX,3556.28125,4,220,False,29.14984631147541
19,80,120,CulturaX,2189.96875,3,177,False,27.374609375
35,148,218,CulturaX,4079.234375,5,263,False,27.562394425675677
22,104,148,CulturaX,2638.1875,3,177,False,25.3671875
12,57,78,CulturaX,1533.859375,2,134,False,26.90981359649123
18,94,138,CulturaX,2379.015625,3,177,False,25.30867686170213
17,77,104,CulturaX,2013.875,3,177,False,26.15422077922078
8,38,51,CulturaX,997.84375,2,134,False,26.25904605263158
8,29,42,CulturaX,746.3125,1,91,True,25.73491379310345
8,36,54,CulturaX,956.203125,1,91,True,26.561197916666668
18,81,116,CulturaX,2123.796875,3,177,False,26.21971450617284
11,43,59,CulturaX,1058.5625,2,134,False,24.617732558139537
15,68,98,CulturaX,1823.5625,2,134,False,26.817095588235293
8,30,43,CulturaX,803.90625,1,91,True,26.796875
10,44,67,CulturaX,1165.21875,2,134,False,26.482244318181817
17,81,106,CulturaX,1929.25,3,177,False,23.817901234567902
10,50,72,CulturaX,1314.421875,2,134,False,26.2884375
10,39,51,CulturaX,1022.734375,2,134,False,26.223958333333332
17,60,80,CulturaX,1585.765625,2,134,False,26.429427083333334
9,39,53,CulturaX,992.40625,2,134,False,25.446314102564102
16,81,118,CulturaX,2195.4375,3,177,False,27.104166666666668
13,50,71,CulturaX,1374.21875,2,134,False,27.484375
14,68,91,CulturaX,1818.953125,2,134,False,26.749310661764707
8,29,38,CulturaX,761.703125,1,91,True,26.265625
11,42,55,CulturaX,1043.46875,2,134,False,24.844494047619047
18,74,107,CulturaX,1923.890625,2,134,False,25.99852195945946
20,88,123,CulturaX,2343.359375,3,177,False,26.629083806818183
10,41,58,CulturaX,1125.90625,2,134,False,27.461128048780488
15,63,93,CulturaX,1748.515625,2,134,False,27.75421626984127
8,36,46,CulturaX,960.53125,2,134,False,26.68142361111111
26,113,168,CulturaX,3024.546875,4,220,False,26.765901548672566
26,101,150,CulturaX,2826.578125,3,177,False,27.98592202970297
33,149,216,CulturaX,3993.421875,5,263,False,26.80148909395973
24,99,138,CulturaX,2776.28125,3,177,False,28.043244949494948
13,55,78,CulturaX,1457.546875,2,134,False,26.500852272727272
13,62,91,CulturaX,1699.171875,2,134,False,27.405997983870968
22,104,149,CulturaX,2793.078125,4,220,False,26.856520432692307
23,96,124,CulturaX,2356.109375,3,177,False,24.542805989583332
29,137,189,CulturaX,3732.03125,5,263,False,27.24110401459854
14,65,88,CulturaX,1665.296875,2,134,False,25.619951923076922
9,39,56,CulturaX,980.453125,2,134,False,25.13982371794872
48,222,324,CulturaX,5860.875,7,349,False,26.40033783783784
31,142,199,CulturaX,3804.0625,5,263,False,26.789172535211268
8,34,50,CulturaX,885.328125,1,91,True,26.0390625
8,31,40,CulturaX,779.328125,1,91,True,25.139616935483872
18,93,116,CulturaX,2205.375,3,177,False,23.713709677419356
8,36,45,CulturaX,833.03125,1,91,True,23.139756944444443
8,37,54,CulturaX,1004.28125,2,134,False,27.142736486486488
22,98,134,CulturaX,2674.453125,3,177,False,27.29033801020408
15,62,82,CulturaX,1585.28125,2,134,False,25.56905241935484
10,49,68,CulturaX,1186.671875,2,134,False,24.21779336734694
33,160,227,CulturaX,4138.421875,5,263,False,25.86513671875
18,88,120,CulturaX,2213.84375,3,177,False,25.15731534090909
12,47,65,CulturaX,1203.0625,2,134,False,25.597074468085108
30,151,223,CulturaX,4057.421875,5,263,False,26.870343543046356
11,52,72,CulturaX,1303.34375,2,134,False,25.064302884615383
30,144,219,CulturaX,3928.71875,5,263,False,27.28276909722222
8,32,47,CulturaX,933.890625,1,91,True,29.18408203125
8,36,45,CulturaX,937.984375,1,91,True,26.05512152777778
16,71,103,CulturaX,1918.40625,3,177,False,27.019806338028168
12,53,76,CulturaX,1515.546875,2,134,False,28.595224056603772
20,87,114,CulturaX,2295.0625,3,177,False,26.380028735632184
15,63,95,CulturaX,1714.046875,2,134,False,27.207093253968253
8,37,65,CulturaX,1035.03125,2,134,False,27.97381756756757
9,44,63,CulturaX,1135.46875,2,134,False,25.806107954545453
12,52,73,CulturaX,1481.9375,2,134,False,28.498798076923077
7,39,55,CulturaX,1078.0,2,134,False,27.641025641025642
15,67,100,CulturaX,1767.34375,2,134,False,26.378264925373134
20,79,114,CulturaX,2249.828125,3,177,False,28.478837025316455
20,80,118,CulturaX,2170.328125,3,177,False,27.1291015625
12,47,72,CulturaX,1291.171875,2,134,False,27.471742021276597
11,46,64,CulturaX,1212.859375,2,134,False,26.366508152173914
9,37,51,CulturaX,1015.59375,2,134,False,27.44847972972973
17,89,126,CulturaX,2249.109375,3,177,False,25.270891853932586
36,172,235,CulturaX,4110.390625,5,263,False,23.8976199127907
21,89,123,CulturaX,2272.953125,3,177,False,25.53879915730337
12,50,70,CulturaX,1325.046875,2,134,False,26.5009375
7,31,40,CulturaX,722.8125,1,91,True,23.316532258064516
12,59,84,CulturaX,1308.828125,2,134,False,22.183527542372882
13,48,70,CulturaX,1289.234375,2,134,False,26.859049479166668
12,51,71,CulturaX,1359.875,2,134,False,26.66421568627451
27,125,182,CulturaX,3409.5,4,220,False,27.276
19,89,126,CulturaX,2269.984375,3,177,False,25.505442415730336
8,34,45,CulturaX,914.796875,1,91,True,26.90579044117647
10,43,59,CulturaX,1102.546875,2,134,False,25.640625
21,98,129,CulturaX,2552.921875,3,177,False,26.050223214285715
18,82,116,CulturaX,2245.515625,3,177,False,27.3843368902439
26,123,174,CulturaX,3298.046875,4,220,False,26.813389227642276
9,39,51,CulturaX,981.546875,2,134,False,25.16786858974359
20,85,122,CulturaX,2357.109375,3,177,False,27.730698529411764
26,112,161,CulturaX,2957.5625,4,220,False,26.406808035714285
45,174,252,CulturaX,4660.75,6,306,False,26.785919540229884
20,81,108,CulturaX,2157.625,3,177,False,26.637345679012345
8,39,54,CulturaX,1017.109375,2,134,False,26.079727564102566
14,67,95,CulturaX,1758.03125,2,134,False,26.239272388059703
13,50,69,CulturaX,1373.625,2,134,False,27.4725
37,172,233,CulturaX,4488.96875,5,263,False,26.098655523255815
21,84,115,CulturaX,2309.734375,3,177,False,27.496837797619047
27,122,166,CulturaX,3300.171875,4,220,False,27.05058913934426
9,51,74,CulturaX,1378.8125,2,134,False,27.035539215686274
13,50,70,CulturaX,1393.046875,2,134,False,27.8609375
18,83,120,CulturaX,2293.703125,3,177,False,27.634977409638555
16,79,116,CulturaX,2186.9375,3,177,False,27.682753164556964
19,88,129,CulturaX,2438.453125,3,177,False,27.709694602272727
19,82,120,CulturaX,2220.265625,3,177,False,27.07641006097561
27,119,172,CulturaX,3183.78125,4,220,False,26.754464285714285
7,28,40,CulturaX,725.828125,1,91,True,25.922433035714285
9,35,48,CulturaX,964.203125,2,134,False,27.548660714285713
10,40,61,CulturaX,1157.453125,2,134,False,28.936328125
17,77,113,CulturaX,2086.15625,3,177,False,27.09293831168831
20,87,127,CulturaX,2309.296875,3,177,False,26.54364224137931
9,39,55,CulturaX,1050.5,2,134,False,26.935897435897434
8,30,45,CulturaX,887.765625,1,91,True,29.5921875
10,45,68,CulturaX,1338.015625,2,134,False,29.733680555555555
31,136,188,CulturaX,3569.34375,4,220,False,26.245174632352942
12,55,71,CulturaX,1360.875,2,134,False,24.743181818181817
27,129,189,CulturaX,3575.5625,4,220,False,27.717538759689923
13,52,75,CulturaX,1482.109375,2,134,False,28.502103365384617
17,75,99,CulturaX,1929.875,3,177,False,25.731666666666666
24,84,110,CulturaX,2256.09375,3,177,False,26.858258928571427
17,84,122,CulturaX,2346.890625,3,177,False,27.939174107142858
18,68,91,CulturaX,1765.34375,2,134,False,25.9609375
15,61,87,CulturaX,1705.328125,2,134,False,27.956198770491802
7,30,40,CulturaX,847.09375,1,91,True,28.236458333333335
11,44,66,CulturaX,1172.5,2,134,False,26.647727272727273
13,53,72,CulturaX,1283.53125,2,134,False,24.21757075471698
11,41,58,CulturaX,1161.734375,2,134,False,28.334984756097562
20,98,140,CulturaX,2597.734375,3,177,False,26.50749362244898
8,39,64,CulturaX,1096.84375,2,134,False,28.12419871794872
12,43,60,CulturaX,1009.984375,2,134,False,23.48800872093023
16,72,96,CulturaX,1888.109375,3,177,False,26.223741319444443
13,49,71,CulturaX,1389.359375,2,134,False,28.354272959183675
8,31,45,CulturaX,899.4375,1,91,True,29.014112903225808
15,68,98,CulturaX,1935.5625,3,177,False,28.464154411764707
28,118,168,CulturaX,3139.53125,4,220,False,26.606197033898304
36,157,214,CulturaX,4093.578125,5,263,False,26.07374601910828
12,51,74,CulturaX,1351.703125,2,134,False,26.503982843137255
40,164,207,CulturaX,4141.484375,5,263,False,25.252953506097562
16,73,94,CulturaX,1703.109375,2,134,False,23.330265410958905
7,41,54,CulturaX,806.640625,1,91,True,19.674161585365855
7,33,45,CulturaX,786.546875,1,91,True,23.83475378787879
30,142,196,CulturaX,3893.21875,5,263,False,27.417033450704224
11,48,70,CulturaX,1330.59375,2,134,False,27.720703125
18,91,127,CulturaX,2556.171875,3,177,False,28.089800824175825
9,44,59,CulturaX,1076.4375,2,134,False,24.464488636363637
11,53,75,CulturaX,1414.140625,2,134,False,26.68189858490566
11,50,72,CulturaX,1335.390625,2,134,False,26.7078125
11,49,71,CulturaX,1380.046875,2,134,False,28.164221938775512
19,75,108,CulturaX,2011.109375,3,177,False,26.814791666666668
20,96,149,CulturaX,2552.8125,3,177,False,26.591796875
10,48,70,CulturaX,1249.125,2,134,False,26.0234375
10,39,60,CulturaX,1106.125,2,134,False,28.362179487179485
14,59,82,CulturaX,1508.234375,2,134,False,25.563294491525422
13,57,75,CulturaX,1533.5625,2,134,False,26.904605263157894
30,132,187,CulturaX,3408.015625,4,220,False,25.818300189393938
26,124,174,CulturaX,3364.5625,4,220,False,27.133568548387096
14,57,84,CulturaX,1600.59375,2,134,False,28.080592105263158
23,96,134,CulturaX,2474.0625,3,177,False,25.771484375
12,48,61,CulturaX,1232.984375,2,134,False,25.687174479166668
9,40,59,CulturaX,1183.140625,2,134,False,29.578515625
15,55,74,CulturaX,1420.09375,2,134,False,25.819886363636364
16,70,95,CulturaX,1928.34375,3,177,False,27.54776785714286
17,74,101,CulturaX,1957.546875,3,177,False,26.45333614864865
10,38,56,CulturaX,1024.578125,2,134,False,26.962582236842106
24,107,154,CulturaX,2880.1875,4,220,False,26.91764018691589
16,67,89,CulturaX,1756.328125,2,134,False,26.213852611940297
15,67,91,CulturaX,1737.6875,2,134,False,25.93563432835821
15,66,88,CulturaX,1730.03125,2,134,False,26.212594696969695
7,28,39,CulturaX,684.46875,1,91,True,24.4453125
20,105,158,CulturaX,2811.140625,4,220,False,26.772767857142856
9,41,57,CulturaX,1119.640625,2,134,False,27.30830792682927
21,97,143,CulturaX,2639.6875,3,177,False,27.21327319587629
10,53,76,CulturaX,1403.96875,2,134,False,26.48997641509434
12,53,75,CulturaX,1484.359375,2,134,False,28.00678066037736
15,69,95,CulturaX,1793.0,2,134,False,25.985507246376812
27,131,201,CulturaX,3645.1875,4,220,False,27.825858778625953
34,175,253,CulturaX,4519.015625,6,306,False,25.822946428571427
22,106,156,CulturaX,2726.578125,3,177,False,25.722435141509433
10,31,40,CulturaX,782.875,1,91,True,25.254032258064516
7,30,44,CulturaX,828.0,1,91,True,27.6
11,48,70,CulturaX,1350.09375,2,134,False,28.126953125
38,164,220,CulturaX,4226.671875,5,263,False,25.772389481707318
10,38,55,CulturaX,981.984375,2,134,False,25.84169407894737
10,41,64,CulturaX,1165.8125,2,134,False,28.434451219512194
17,73,112,CulturaX,2019.484375,3,177,False,27.664169520547944
7,30,38,CulturaX,765.15625,1,91,True,25.505208333333332
7,29,42,CulturaX,813.671875,1,91,True,28.057650862068964
9,49,61,CulturaX,1247.421875,2,134,False,25.457589285714285
18,80,111,CulturaX,2223.28125,3,177,False,27.791015625
54,282,364,CulturaX,7147.75,8,392,False,25.34663120567376
12,60,79,CulturaX,1449.203125,2,134,False,24.153385416666666
8,48,69,CulturaX,1333.578125,2,134,False,27.782877604166668
10,40,53,CulturaX,994.140625,2,134,False,24.853515625
24,122,170,CulturaX,3382.296875,4,220,False,27.72374487704918
12,47,65,CulturaX,1268.53125,2,134,False,26.99002659574468
24,123,168,CulturaX,3168.8125,4,220,False,25.76270325203252
24,98,139,CulturaX,2805.515625,4,220,False,28.627710459183675
25,102,150,CulturaX,2798.734375,4,220,False,27.438572303921568
17,68,96,CulturaX,1823.671875,2,134,False,26.81870404411765
17,66,102,CulturaX,1751.796875,2,134,False,26.542376893939394
8,25,36,CulturaX,698.890625,1,91,True,27.955625
17,86,122,CulturaX,2309.09375,3,177,False,26.849927325581394
7,27,37,CulturaX,677.5,1,91,True,25.09259259259259
18,80,120,CulturaX,2290.765625,3,177,False,28.6345703125
15,59,87,CulturaX,1623.265625,2,134,False,27.512976694915253
7,30,38,CulturaX,701.03125,1,91,True,23.367708333333333
20,85,118,CulturaX,2159.109375,3,177,False,25.401286764705883
18,79,106,CulturaX,2110.5,3,177,False,26.71518987341772
12,62,90,CulturaX,1702.6875,2,134,False,27.462701612903224
8,30,45,CulturaX,862.9375,1,91,True,28.764583333333334
8,28,40,CulturaX,712.765625,1,91,True,25.455915178571427
24,112,162,CulturaX,3092.15625,4,220,False,27.608537946428573
18,77,107,CulturaX,1995.71875,3,177,False,25.918425324675326
13,48,70,CulturaX,1365.625,2,134,False,28.450520833333332
13,58,89,CulturaX,1501.59375,2,134,False,25.889547413793103
7,29,42,CulturaX,885.078125,1,91,True,30.519935344827587
8,35,51,CulturaX,948.640625,1,91,True,27.104017857142857
9,60,74,CulturaX,1446.40625,2,134,False,24.106770833333332
9,39,58,CulturaX,1125.09375,2,134,False,28.848557692307693
49,223,326,CulturaX,6067.40625,7,349,False,27.208099775784753
7,25,35,CulturaX,706.140625,1,91,True,28.245625
10,40,55,CulturaX,1087.390625,2,134,False,27.184765625
21,103,153,CulturaX,2872.40625,4,220,False,27.88743932038835
7,32,47,CulturaX,929.28125,1,91,True,29.0400390625
9,41,61,CulturaX,1194.15625,2,134,False,29.12576219512195
16,72,99,CulturaX,1894.015625,2,134,False,26.305772569444443
15,67,104,CulturaX,1981.78125,3,177,False,29.57882462686567
8,35,42,CulturaX,826.234375,1,91,True,23.60669642857143
19,86,120,CulturaX,2387.5625,3,177,False,27.76235465116279
14,61,82,CulturaX,1540.390625,2,134,False,25.252305327868854
8,38,52,CulturaX,1067.515625,2,134,False,28.09251644736842
47,194,274,CulturaX,4875.359375,6,306,False,25.130718427835053
29,127,172,CulturaX,3295.234375,4,220,False,25.946727362204726
8,39,56,CulturaX,1133.546875,2,134,False,29.065304487179485
15,55,78,CulturaX,1563.3125,2,134,False,28.423863636363638
12,46,61,CulturaX,1318.421875,2,134,False,28.661345108695652
14,59,81,CulturaX,1618.234375,2,134,False,27.42770127118644
7,45,52,CulturaX,941.046875,1,91,True,20.912152777777777
44,190,275,CulturaX,4924.984375,6,306,False,25.92097039473684
13,58,87,CulturaX,1666.671875,2,134,False,28.73572198275862
28,118,182,CulturaX,3322.75,4,220,False,28.158898305084747
9,38,57,CulturaX,1018.671875,2,134,False,26.807154605263158
15,60,89,CulturaX,1641.359375,2,134,False,27.355989583333333
14,63,86,CulturaX,1710.671875,2,134,False,27.153521825396826
17,72,102,CulturaX,1822.984375,2,134,False,25.319227430555557
40,196,276,CulturaX,5272.46875,6,306,False,26.900350765306122
39,201,292,CulturaX,5445.109375,6,306,False,27.090096393034827
19,86,124,CulturaX,2313.03125,3,177,False,26.895712209302324
22,108,150,CulturaX,2817.1875,4,220,False,26.085069444444443
23,110,153,CulturaX,2940.28125,4,220,False,26.729829545454546
25,128,195,CulturaX,3395.78125,4,220,False,26.529541015625
12,69,88,CulturaX,1458.84375,2,134,False,21.14266304347826
17,71,95,CulturaX,1876.375,3,177,False,26.427816901408452
25,121,175,CulturaX,3094.90625,4,220,False,25.577737603305785
15,71,102,CulturaX,1989.359375,3,177,False,28.019146126760564
15,76,107,CulturaX,1994.4375,3,177,False,26.242598684210527
7,30,44,CulturaX,807.703125,1,91,True,26.9234375
8,34,45,CulturaX,873.484375,1,91,True,25.690716911764707
21,125,159,CulturaX,3001.5,4,220,False,24.012
8,38,59,CulturaX,1057.21875,2,134,False,27.82154605263158
23,105,153,CulturaX,2934.71875,4,220,False,27.94970238095238
18,96,130,CulturaX,2458.265625,3,177,False,25.60693359375
16,59,84,CulturaX,1531.890625,2,134,False,25.96424788135593
15,74,109,CulturaX,1910.21875,2,134,False,25.81376689189189
9,29,42,CulturaX,832.046875,1,91,True,28.69127155172414
13,63,93,CulturaX,1713.984375,2,134,False,27.20610119047619
8,36,51,CulturaX,999.90625,2,134,False,27.77517361111111
16,71,100,CulturaX,1964.71875,3,177,False,27.672095070422536
20,85,116,CulturaX,2237.0,3,177,False,26.31764705882353
31,154,250,CulturaX,4169.453125,5,263,False,27.074370941558442
10,39,56,CulturaX,1011.4375,2,134,False,25.934294871794872
21,80,115,CulturaX,1999.65625,3,177,False,24.995703125
8,41,57,CulturaX,1074.796875,2,134,False,26.21455792682927
16,60,87,CulturaX,1653.109375,2,134,False,27.551822916666666
24,100,143,CulturaX,2602.390625,3,177,False,26.02390625
7,33,52,CulturaX,938.3125,1,91,True,28.43371212121212
10,41,53,CulturaX,1073.15625,2,134,False,26.17454268292683
11,49,71,CulturaX,1316.375,2,134,False,26.864795918367346
30,121,168,CulturaX,3220.5,4,220,False,26.615702479338843
31,162,222,CulturaX,4384.25,5,263,False,27.063271604938272
8,39,57,CulturaX,1011.578125,2,134,False,25.937900641025642
33,151,213,CulturaX,3901.8125,5,263,False,25.8398178807947
20,85,117,CulturaX,2341.5625,3,177,False,27.547794117647058
16,70,94,CulturaX,1700.921875,2,134,False,24.298883928571428
20,96,127,CulturaX,2441.359375,3,177,False,25.430826822916668
10,40,57,CulturaX,1058.75,2,134,False,26.46875
13,57,78,CulturaX,1492.71875,2,134,False,26.188048245614034
26,104,149,CulturaX,2680.703125,3,177,False,25.77599158653846
33,151,218,CulturaX,4117.703125,5,263,False,27.2695571192053
13,62,81,CulturaX,1566.015625,2,134,False,25.258316532258064
37,158,227,CulturaX,4000.59375,5,263,False,25.320213607594937
12,50,71,CulturaX,1295.859375,2,134,False,25.9171875
31,146,212,CulturaX,3910.90625,5,263,False,26.787029109589042
22,108,154,CulturaX,2848.328125,4,220,False,26.373408564814813
22,108,150,CulturaX,2787.34375,4,220,False,25.808738425925927
14,51,74,CulturaX,1371.8125,2,134,False,26.89828431372549
19,89,132,CulturaX,2419.9375,3,177,False,27.190308988764045
7,29,40,CulturaX,805.34375,1,91,True,27.770474137931036
7,36,55,CulturaX,1032.109375,2,134,False,28.66970486111111
7,37,43,CulturaX,849.25,1,91,True,22.9527027027027
12,52,72,CulturaX,1363.0,2,134,False,26.21153846153846
10,47,61,CulturaX,1188.640625,2,134,False,25.290226063829788
8,35,44,CulturaX,871.53125,1,91,True,24.900892857142857
14,59,84,CulturaX,1511.765625,2,134,False,25.623146186440678
18,95,116,CulturaX,2157.0,3,177,False,22.705263157894738
29,112,161,CulturaX,2900.59375,4,220,False,25.898158482142858
18,82,119,CulturaX,2183.921875,3,177,False,26.633193597560975
9,37,55,CulturaX,988.859375,2,134,False,26.725929054054053
12,46,61,CulturaX,1269.140625,2,134,False,27.590013586956523
18,65,91,CulturaX,1743.046875,2,134,False,26.81610576923077
10,36,54,CulturaX,1024.40625,2,134,False,28.455729166666668
17,82,120,CulturaX,2274.15625,3,177,False,27.73361280487805
11,44,62,CulturaX,1146.890625,2,134,False,26.065696022727273
15,68,87,CulturaX,1799.53125,2,134,False,26.463694852941178
22,91,131,CulturaX,2349.578125,3,177,False,25.819539835164836
11,48,66,CulturaX,1246.671875,2,134,False,25.972330729166668
9,46,59,CulturaX,986.046875,2,134,False,21.43580163043478
17,76,110,CulturaX,2058.234375,3,177,False,27.08203125
10,48,65,CulturaX,1173.796875,2,134,False,24.4541015625
9,42,63,CulturaX,1158.0,2,134,False,27.571428571428573
14,67,95,CulturaX,1799.640625,2,134,False,26.860307835820894
20,94,136,CulturaX,2478.0625,3,177,False,26.362367021276597
23,121,166,CulturaX,3154.6875,4,220,False,26.071797520661157
14,66,96,CulturaX,1833.640625,3,177,False,27.78243371212121
23,94,124,CulturaX,2401.578125,3,177,False,25.54870345744681
17,66,86,CulturaX,1708.796875,2,134,False,25.890861742424242
24,105,147,CulturaX,2848.40625,4,220,False,27.12767857142857
28,123,171,CulturaX,3127.015625,4,220,False,25.4228912601626
15,61,89,CulturaX,1620.9375,2,134,False,26.572745901639344
8,37,58,CulturaX,978.40625,2,134,False,26.44341216216216
20,89,123,CulturaX,2198.0,3,177,False,24.696629213483146
7,25,36,CulturaX,738.640625,1,91,True,29.545625
8,37,50,CulturaX,1012.234375,2,134,False,27.35768581081081
16,60,80,CulturaX,1513.265625,2,134,False,25.22109375
15,72,97,CulturaX,1751.65625,2,134,False,24.32855902777778
8,35,51,CulturaX,1008.25,2,134,False,28.807142857142857
11,42,59,CulturaX,1096.046875,2,134,False,26.096354166666668
14,56,74,CulturaX,1314.40625,2,134,False,23.471540178571427
13,46,62,CulturaX,1174.59375,2,134,False,25.534646739130434
10,39,54,CulturaX,958.421875,1,91,True,24.574919871794872
10,35,46,CulturaX,808.3125,1,91,True,23.09464285714286
35,175,241,CulturaX,4645.3125,6,306,False,26.544642857142858
10,47,68,CulturaX,1242.765625,2,134,False,26.44182180851064
26,118,173,CulturaX,3124.09375,4,220,False,26.475370762711865
8,50,67,CulturaX,1209.984375,2,134,False,24.1996875
12,66,98,CulturaX,1657.703125,2,134,False,25.116714015151516
12,55,79,CulturaX,1488.421875,2,134,False,27.06221590909091
8,36,52,CulturaX,929.9375,1,91,True,25.83159722222222
16,71,107,CulturaX,2003.515625,3,177,False,28.218529929577464
7,39,64,CulturaX,980.28125,2,134,False,25.135416666666668
18,79,115,CulturaX,2229.484375,3,177,False,28.221321202531644
8,27,40,CulturaX,783.71875,1,91,True,29.02662037037037
26,99,122,CulturaX,2487.984375,3,177,False,25.131155303030305
7,28,40,CulturaX,659.46875,1,91,True,23.552455357142858
9,36,43,CulturaX,774.5625,1,91,True,21.515625
13,59,76,CulturaX,1485.734375,2,134,False,25.181938559322035
17,79,110,CulturaX,2188.140625,3,177,False,27.697982594936708
16,76,116,CulturaX,2064.828125,3,177,False,27.16879111842105
21,93,131,CulturaX,2469.828125,3,177,False,26.557291666666668
38,192,270,CulturaX,4935.59375,6,306,False,25.706217447916668
18,77,106,CulturaX,2033.265625,3,177,False,26.40604707792208
39,171,231,CulturaX,4416.734375,5,263,False,25.828855994152047
11,50,69,CulturaX,1352.015625,2,134,False,27.0403125
15,59,88,CulturaX,1570.203125,2,134,False,26.61361228813559
7,31,45,CulturaX,911.25,1,91,True,29.39516129032258
9,23,32,CulturaX,596.96875,1,91,True,25.95516304347826
13,58,87,CulturaX,1664.59375,2,134,False,28.69989224137931
11,40,54,CulturaX,1145.203125,2,134,False,28.630078125
11,46,61,CulturaX,1187.34375,2,134,False,25.811820652173914
17,82,118,CulturaX,2148.171875,3,177,False,26.197217987804876
7,31,46,CulturaX,854.765625,1,91,True,27.573084677419356
12,60,84,CulturaX,1500.953125,2,134,False,25.015885416666666
13,55,77,CulturaX,1476.515625,2,134,False,26.845738636363638
24,98,146,CulturaX,2542.21875,3,177,False,25.941007653061224
37,153,208,CulturaX,3995.828125,5,263,False,26.116523692810457
14,66,94,CulturaX,1859.0625,3,177,False,28.167613636363637
15,69,100,CulturaX,1873.4375,2,134,False,27.151268115942027
33,141,184,CulturaX,3575.890625,4,220,False,25.360926418439718
32,143,200,CulturaX,3804.109375,5,263,False,26.60216346153846
14,67,99,CulturaX,1830.40625,2,134,False,27.319496268656717
26,107,149,CulturaX,2929.515625,4,220,False,27.37865070093458
48,229,328,CulturaX,5769.078125,7,349,False,25.192480895196507
33,143,195,CulturaX,3738.140625,5,263,False,26.14084353146853
20,89,128,CulturaX,2331.9375,3,177,False,26.201544943820224
13,53,68,CulturaX,1359.59375,2,134,False,25.652712264150942
7,36,46,CulturaX,838.71875,1,91,True,23.297743055555557
16,75,94,CulturaX,1758.546875,2,134,False,23.44729166666667
16,78,109,CulturaX,2159.4375,3,177,False,27.685096153846153
8,32,48,CulturaX,861.15625,1,91,True,26.9111328125
7,31,42,CulturaX,879.328125,1,91,True,28.365423387096776
21,101,140,CulturaX,2627.53125,3,177,False,26.01516089108911
21,98,143,CulturaX,2612.40625,3,177,False,26.65720663265306
8,31,47,CulturaX,886.125,1,91,True,28.58467741935484
20,78,111,CulturaX,2162.28125,3,177,False,27.721554487179485
21,81,108,CulturaX,2027.875,3,177,False,25.035493827160494
7,26,36,CulturaX,633.6875,1,91,True,24.372596153846153
23,100,143,CulturaX,2707.09375,3,177,False,27.0709375
19,81,107,CulturaX,2191.84375,3,177,False,27.05979938271605
8,39,57,CulturaX,902.53125,1,91,True,23.141826923076923
58,258,379,CulturaX,6707.59375,8,392,False,25.9984253875969
14,78,110,CulturaX,2059.5625,3,177,False,26.404647435897434
15,64,84,CulturaX,1638.546875,2,134,False,25.602294921875
10,47,64,CulturaX,1236.046875,2,134,False,26.298869680851062
36,139,182,CulturaX,3630.359375,5,263,False,26.11769334532374
25,121,153,CulturaX,2930.203125,4,220,False,24.216554752066116
14,61,95,CulturaX,1599.03125,2,134,False,26.213627049180328
22,96,132,CulturaX,2699.78125,3,177,False,28.122721354166668
7,30,43,CulturaX,826.1875,1,91,True,27.539583333333333
25,107,159,CulturaX,2962.5,4,220,False,27.686915887850468
7,31,45,CulturaX,784.359375,1,91,True,25.301915322580644
14,59,86,CulturaX,1656.125,2,134,False,28.069915254237287
7,26,37,CulturaX,683.8125,1,91,True,26.30048076923077
22,102,143,CulturaX,2658.90625,3,177,False,26.067708333333332
17,70,102,CulturaX,1992.671875,3,177,False,28.466741071428572
11,45,64,CulturaX,1126.90625,2,134,False,25.042361111111113
15,65,89,CulturaX,1662.1875,2,134,False,25.572115384615383
16,80,108,CulturaX,2014.9375,3,177,False,25.18671875
8,32,48,CulturaX,853.0,1,91,True,26.65625
7,27,37,CulturaX,784.234375,1,91,True,29.04571759259259
8,32,47,CulturaX,764.671875,1,91,True,23.89599609375
9,43,61,CulturaX,1131.453125,2,134,False,26.312863372093023
16,67,99,CulturaX,1732.03125,2,134,False,25.851212686567163
10,45,66,CulturaX,1155.1875,2,134,False,25.670833333333334
10,39,59,CulturaX,1073.703125,2,134,False,27.530849358974358
15,67,91,CulturaX,1741.15625,2,134,False,25.98740671641791
7,29,42,CulturaX,771.859375,1,91,True,26.61584051724138
14,65,90,CulturaX,1845.28125,3,177,False,28.388942307692307
12,52,76,CulturaX,1331.953125,2,134,False,25.614483173076923
14,61,83,CulturaX,1599.59375,2,134,False,26.22284836065574
22,100,138,CulturaX,2699.390625,3,177,False,26.99390625
37,195,257,CulturaX,4631.53125,6,306,False,23.751442307692308
14,59,85,CulturaX,1552.421875,2,134,False,26.312235169491526
9,36,47,CulturaX,915.9375,1,91,True,25.442708333333332
7,30,45,CulturaX,823.75,1,91,True,27.458333333333332
24,110,156,CulturaX,2960.515625,4,220,False,26.91377840909091
10,36,47,CulturaX,1008.34375,2,134,False,28.00954861111111
13,58,79,CulturaX,1438.53125,2,134,False,24.802262931034484
8,31,42,CulturaX,731.828125,1,91,True,23.60735887096774
28,116,165,CulturaX,3129.59375,4,220,False,26.979256465517242
10,40,58,CulturaX,1095.59375,2,134,False,27.38984375
36,159,216,CulturaX,4084.53125,5,263,False,25.68887578616352
10,38,54,CulturaX,1081.453125,2,134,False,28.459292763157894
20,74,96,CulturaX,1954.828125,3,177,False,26.416596283783782
12,50,70,CulturaX,1419.53125,2,134,False,28.390625
29,113,155,CulturaX,3013.5625,4,220,False,26.668694690265486
7,27,36,CulturaX,743.640625,1,91,True,27.54224537037037
20,92,138,CulturaX,2516.0,3,177,False,27.347826086956523
38,188,281,CulturaX,5171.828125,6,306,False,27.509724069148938
9,30,39,CulturaX,829.53125,1,91,True,27.651041666666668
14,60,89,CulturaX,1672.75,2,134,False,27.879166666666666
14,66,77,CulturaX,1445.90625,2,134,False,21.907670454545453
14,68,96,CulturaX,1858.765625,2,134,False,27.334788602941178
44,193,274,CulturaX,5290.1875,6,306,False,27.41029792746114
38,162,228,CulturaX,4335.484375,5,263,False,26.762249228395063
12,55,64,CulturaX,1152.25,2,134,False,20.95
15,65,91,CulturaX,1655.15625,2,134,False,25.463942307692307
24,107,132,CulturaX,2577.1875,3,177,False,24.085864485981308
36,146,206,CulturaX,3966.84375,5,263,False,27.170162671232877
8,31,40,CulturaX,803.984375,1,91,True,25.934979838709676
19,85,122,CulturaX,2237.640625,3,177,False,26.32518382352941
18,82,111,CulturaX,2044.171875,3,177,False,24.92892530487805
9,83,136,CulturaX,2282.84375,3,177,False,27.50414156626506
14,59,86,CulturaX,1674.09375,2,134,False,28.374470338983052
15,63,80,CulturaX,1642.28125,2,134,False,26.067956349206348
28,116,155,CulturaX,2945.4375,4,220,False,25.391702586206897
22,91,119,CulturaX,2285.703125,3,177,False,25.11761675824176
11,47,64,CulturaX,1106.78125,2,134,False,23.548537234042552
34,176,262,CulturaX,4564.625,6,306,False,25.935369318181817
33,142,209,CulturaX,3863.015625,5,263,False,27.204335387323944
15,69,89,CulturaX,1784.953125,2,134,False,25.86888586956522
28,113,158,CulturaX,2956.59375,4,220,False,26.16454646017699
16,80,117,CulturaX,2108.265625,3,177,False,26.3533203125
20,95,131,CulturaX,2561.03125,3,177,False,26.958223684210527
11,46,64,CulturaX,1217.25,2,134,False,26.46195652173913
8,37,52,CulturaX,953.25,1,91,True,25.763513513513512
8,44,63,CulturaX,1161.328125,2,134,False,26.393821022727273
31,157,197,CulturaX,3749.46875,5,263,False,23.881966560509554
12,57,77,CulturaX,1584.0625,2,134,False,27.790570175438596
8,34,46,CulturaX,896.0625,1,91,True,26.354779411764707
25,113,160,CulturaX,2992.0625,4,220,False,26.47842920353982
10,41,64,CulturaX,1051.46875,2,134,False,25.645579268292682
20,75,102,CulturaX,1949.34375,3,177,False,25.99125
26,104,139,CulturaX,2693.0,3,177,False,25.89423076923077
14,56,83,CulturaX,1429.015625,2,134,False,25.518136160714285
62,303,404,CulturaX,7865.28125,9,435,False,25.958023927392738
10,53,66,CulturaX,1278.953125,2,134,False,24.13119103773585
9,42,63,CulturaX,1156.515625,2,134,False,27.53608630952381
49,191,267,CulturaX,5143.03125,6,306,False,26.926865183246072
16,72,108,CulturaX,1889.078125,2,134,False,26.237196180555557
10,36,53,CulturaX,943.828125,1,91,True,26.217447916666668
15,66,94,CulturaX,1823.28125,2,134,False,27.625473484848484
22,97,137,CulturaX,2615.03125,3,177,False,26.959085051546392
20,93,125,CulturaX,2490.046875,3,177,False,26.77469758064516
8,28,38,CulturaX,741.984375,1,91,True,26.499441964285715
22,80,102,CulturaX,1955.203125,3,177,False,24.4400390625
11,47,64,CulturaX,1208.125,2,134,False,25.704787234042552
7,22,28,CulturaX,529.1875,1,91,True,24.053977272727273
17,70,95,CulturaX,1828.734375,2,134,False,26.124776785714285
9,35,48,CulturaX,1002.140625,2,134,False,28.632589285714285
8,35,47,CulturaX,949.0,1,91,True,27.114285714285714
40,164,233,CulturaX,4393.421875,5,263,False,26.789157774390244
11,52,76,CulturaX,1379.203125,2,134,False,26.52313701923077
31,136,187,CulturaX,3629.0,4,220,False,26.683823529411764
32,132,186,CulturaX,3619.015625,4,220,False,27.41678503787879
9,37,48,CulturaX,941.875,1,91,True,25.45608108108108
22,104,146,CulturaX,2596.140625,3,177,False,24.962890625
19,91,124,CulturaX,2312.875,3,177,False,25.416208791208792
13,54,80,CulturaX,1416.703125,2,134,False,26.235243055555557
14,72,104,CulturaX,1922.578125,3,177,False,26.702473958333332
40,194,263,CulturaX,5310.171875,6,306,False,27.372019974226806
33,143,202,CulturaX,3796.75,5,263,False,26.5506993006993
19,89,128,CulturaX,2418.828125,3,177,False,27.177844101123597
20,96,138,CulturaX,2406.859375,3,177,False,25.071451822916668
13,73,92,CulturaX,1606.03125,2,134,False,22.00042808219178
12,53,77,CulturaX,1454.71875,2,134,False,27.44752358490566
14,57,76,CulturaX,1360.8125,2,134,False,23.87390350877193
8,32,45,CulturaX,853.53125,1,91,True,26.6728515625
8,47,67,CulturaX,1165.78125,2,134,False,24.803856382978722
8,43,62,CulturaX,1113.171875,2,134,False,25.887718023255815
23,112,163,CulturaX,2856.90625,4,220,False,25.508091517857142
12,51,76,CulturaX,1334.828125,2,134,False,26.173100490196077
26,131,183,CulturaX,3451.375,4,220,False,26.346374045801525
15,63,89,CulturaX,1675.296875,2,134,False,26.59201388888889
10,38,53,CulturaX,970.421875,2,134,False,25.537417763157894
8,38,64,CulturaX,1090.625,2,134,False,28.700657894736842
8,33,49,CulturaX,934.03125,1,91,True,28.303977272727273
18,82,106,CulturaX,2126.984375,3,177,False,25.938833841463413
22,115,167,CulturaX,3255.0625,4,220,False,28.304891304347827
12,53,83,CulturaX,1375.828125,2,134,False,25.959021226415093
18,77,112,CulturaX,2083.15625,3,177,False,27.053977272727273
7,27,42,CulturaX,765.625,1,91,True,28.35648148148148
9,30,39,CulturaX,709.90625,1,91,True,23.663541666666667
9,39,52,CulturaX,1037.5625,2,134,False,26.604166666666668
8,37,49,CulturaX,914.390625,1,91,True,24.713260135135137
16,70,93,CulturaX,1858.0625,2,134,False,26.54375
28,126,177,CulturaX,3315.828125,4,220,False,26.31609623015873
37,177,254,CulturaX,4669.078125,6,306,False,26.378972457627118
153,698,977,CulturaX,18485.546875,21,951,False,26.483591511461317
13,65,104,CulturaX,1799.828125,2,134,False,27.689663461538462
17,76,113,CulturaX,1951.734375,3,177,False,25.680715460526315
26,110,155,CulturaX,2800.1875,3,177,False,25.45625
37,157,229,CulturaX,4242.84375,5,263,False,27.024482484076433
12,61,92,CulturaX,1592.390625,2,134,False,26.104764344262296
11,47,59,CulturaX,1188.59375,2,134,False,25.289228723404257
9,34,49,CulturaX,997.625,2,134,False,29.341911764705884
12,42,58,CulturaX,1183.8125,2,134,False,28.186011904761905
21,89,119,CulturaX,2269.484375,3,177,False,25.499824438202246
15,67,98,CulturaX,1846.296875,2,134,False,27.556669776119403
19,79,113,CulturaX,2125.328125,3,177,False,26.902887658227847
27,127,187,CulturaX,3603.5,5,263,False,28.374015748031496
10,64,85,CulturaX,1613.171875,2,134,False,25.205810546875
28,112,149,CulturaX,2933.34375,4,220,False,26.190569196428573
7,29,39,CulturaX,833.796875,1,91,True,28.751616379310345
13,58,86,CulturaX,1647.890625,2,134,False,28.411907327586206
27,116,166,CulturaX,3105.625,4,220,False,26.77262931034483
7,38,41,CulturaX,794.171875,1,91,True,20.89925986842105
7,29,38,CulturaX,793.53125,1,91,True,27.36314655172414
14,62,94,CulturaX,1788.71875,2,134,False,28.85030241935484
25,116,160,CulturaX,3037.5,4,220,False,26.185344827586206
20,91,122,CulturaX,2287.96875,3,177,False,25.142513736263737
34,124,173,CulturaX,3426.03125,4,220,False,27.629284274193548
11,43,63,CulturaX,1144.53125,2,134,False,26.617005813953487
24,102,138,CulturaX,2694.984375,4,220,False,26.42141544117647
24,108,152,CulturaX,2742.0,3,177,False,25.38888888888889
28,124,188,CulturaX,3304.0,4,220,False,26.64516129032258
19,91,128,CulturaX,2442.515625,3,177,False,26.840831043956044
12,52,78,CulturaX,1425.0,2,134,False,27.403846153846153
22,87,111,CulturaX,2141.59375,3,177,False,24.61602011494253
15,64,95,CulturaX,1796.390625,2,134,False,28.068603515625
12,43,59,CulturaX,1137.3125,2,134,False,26.449127906976745
9,36,51,CulturaX,1023.40625,2,134,False,28.42795138888889
15,73,101,CulturaX,1898.5,3,177,False,26.006849315068493
28,120,168,CulturaX,3348.109375,4,220,False,27.900911458333333
28,139,203,CulturaX,3748.734375,5,263,False,26.96931205035971
12,61,86,CulturaX,1710.734375,2,134,False,28.04482581967213
24,102,132,CulturaX,2654.328125,3,177,False,26.02282475490196
20,94,141,CulturaX,2412.453125,3,177,False,25.66439494680851
18,85,119,CulturaX,2232.0625,3,177,False,26.25955882352941
39,181,255,CulturaX,4997.625,6,306,False,27.611187845303867
18,78,104,CulturaX,1968.046875,3,177,False,25.231370192307693
9,54,71,CulturaX,1348.15625,2,134,False,24.96585648148148
8,32,45,CulturaX,881.9375,1,91,True,27.560546875
11,51,69,CulturaX,1365.125,2,134,False,26.767156862745097
18,75,103,CulturaX,2137.203125,3,177,False,28.496041666666667
8,41,61,CulturaX,1087.484375,2,134,False,26.524009146341463
36,171,248,CulturaX,4531.65625,5,263,False,26.50091374269006
15,63,89,CulturaX,1760.90625,2,134,False,27.950892857142858
25,112,147,CulturaX,2823.125,4,220,False,25.206473214285715
11,45,62,CulturaX,1198.640625,2,134,False,26.636458333333334
13,63,95,CulturaX,1708.6875,2,134,False,27.12202380952381
16,75,101,CulturaX,2028.0625,3,177,False,27.04083333333333
29,126,180,CulturaX,3527.359375,4,220,False,27.994915674603174
8,33,47,CulturaX,922.0,1,91,True,27.939393939393938
7,28,42,CulturaX,834.015625,1,91,True,29.786272321428573
13,65,91,CulturaX,1739.0,2,134,False,26.753846153846155
15,57,83,CulturaX,1507.515625,2,134,False,26.44764254385965
15,88,128,CulturaX,2276.296875,3,177,False,25.867009943181817
9,44,65,CulturaX,1144.328125,2,134,False,26.007457386363637
10,35,47,CulturaX,915.125,1,91,True,26.146428571428572
16,69,102,CulturaX,1793.5,2,134,False,25.992753623188406
13,62,88,CulturaX,1595.9375,2,134,False,25.74092741935484
13,61,90,CulturaX,1795.421875,3,177,False,29.43314549180328
27,141,207,CulturaX,3922.265625,5,263,False,27.81748670212766
21,86,119,CulturaX,2290.734375,3,177,False,26.63644622093023
23,87,124,CulturaX,2344.3125,3,177,False,26.94612068965517
7,29,40,CulturaX,794.96875,1,91,True,27.41271551724138
19,82,120,CulturaX,2149.796875,3,177,False,26.21703506097561
14,60,81,CulturaX,1497.609375,2,134,False,24.96015625
19,100,123,CulturaX,2244.234375,3,177,False,22.44234375
13,61,86,CulturaX,1685.5625,2,134,False,27.63217213114754
12,50,70,CulturaX,1300.28125,2,134,False,26.005625
15,57,77,CulturaX,1509.75,2,134,False,26.486842105263158
7,27,39,CulturaX,723.65625,1,91,True,26.802083333333332
21,94,134,CulturaX,2403.984375,3,177,False,25.57430186170213
11,47,72,CulturaX,1351.046875,2,134,False,28.74567819148936
36,152,205,CulturaX,4041.265625,5,263,False,26.58727384868421
19,80,104,CulturaX,2151.75,3,177,False,26.896875
8,36,50,CulturaX,937.15625,1,91,True,26.032118055555557
9,32,44,CulturaX,889.53125,1,91,True,27.7978515625
12,52,76,CulturaX,1461.078125,2,134,False,28.09765625
9,35,45,CulturaX,882.796875,1,91,True,25.222767857142856
14,55,80,CulturaX,1517.328125,2,134,False,27.58778409090909
7,30,40,CulturaX,790.25,1,91,True,26.341666666666665
15,64,91,CulturaX,1752.390625,2,134,False,27.381103515625
39,188,261,CulturaX,5060.75,6,306,False,26.918882978723403
21,97,141,CulturaX,2745.328125,4,220,False,28.30235180412371
29,119,163,CulturaX,3133.15625,4,220,False,26.329044117647058
10,40,54,CulturaX,1003.390625,2,134,False,25.084765625
9,37,50,CulturaX,953.359375,1,91,True,25.766469594594593
25,124,179,CulturaX,3366.359375,4,220,False,27.148059475806452
21,78,104,CulturaX,2068.8125,3,177,False,26.52323717948718
27,128,186,CulturaX,3446.328125,4,220,False,26.9244384765625
26,123,183,CulturaX,3347.046875,4,220,False,27.211763211382113
15,65,94,CulturaX,1815.40625,3,177,False,27.929326923076925
32,150,210,CulturaX,4034.359375,5,263,False,26.895729166666666
13,58,85,CulturaX,1602.5,2,134,False,27.629310344827587
10,43,60,CulturaX,1113.8125,2,134,False,25.90261627906977
19,84,119,CulturaX,2235.21875,3,177,False,26.609747023809526
26,119,160,CulturaX,3173.765625,4,220,False,26.670299369747898
11,47,74,CulturaX,1383.390625,2,134,False,29.433843085106382
13,56,78,CulturaX,1584.109375,2,134,False,28.287667410714285
8,34,52,CulturaX,876.078125,1,91,True,25.767003676470587
14,58,81,CulturaX,1511.8125,2,134,False,26.06573275862069
15,59,85,CulturaX,1708.328125,2,134,False,28.954713983050848
12,48,68,CulturaX,1280.140625,2,134,False,26.669596354166668
37,164,238,CulturaX,4551.546875,6,306,False,27.753334603658537
12,51,69,CulturaX,1333.578125,2,134,False,26.14859068627451
7,38,52,CulturaX,933.875,1,91,True,24.575657894736842
26,130,178,CulturaX,3427.6875,4,220,False,26.366826923076925
10,41,59,CulturaX,1096.375,2,134,False,26.740853658536587
9,33,46,CulturaX,875.3125,1,91,True,26.52462121212121
12,59,90,CulturaX,1557.265625,2,134,False,26.394332627118644
10,48,66,CulturaX,1227.671875,2,134,False,25.576497395833332
33,144,197,CulturaX,3912.390625,5,263,False,27.16937934027778
33,160,247,CulturaX,4238.3125,5,263,False,26.489453125
9,40,58,CulturaX,1194.71875,2,134,False,29.86796875
8,33,44,CulturaX,894.125,1,91,True,27.09469696969697
21,93,135,CulturaX,2548.90625,3,177,False,27.407594086021504
10,39,46,CulturaX,832.703125,1,91,True,21.35136217948718
8,33,39,CulturaX,811.34375,1,91,True,24.586174242424242
34,177,213,CulturaX,4150.515625,5,263,False,23.449240819209038
7,21,26,CulturaX,446.71875,1,91,True,21.272321428571427
11,51,73,CulturaX,1314.671875,2,134,False,25.777879901960784
9,38,49,CulturaX,948.546875,1,91,True,24.96175986842105
30,103,142,CulturaX,2599.3125,3,177,False,25.23604368932039
15,64,98,CulturaX,1741.96875,2,134,False,27.21826171875
27,125,179,CulturaX,3335.078125,4,220,False,26.680625
33,134,198,CulturaX,3390.90625,4,220,False,25.30527052238806
19,77,108,CulturaX,2096.90625,3,177,False,27.2325487012987
18,59,76,CulturaX,1500.78125,2,134,False,25.436970338983052
8,30,47,CulturaX,819.3125,1,91,True,27.310416666666665
18,90,128,CulturaX,2410.53125,3,177,False,26.783680555555556
26,123,174,CulturaX,3281.859375,4,220,False,26.681783536585368
16,57,71,CulturaX,1488.015625,2,134,False,26.105537280701753
19,69,102,CulturaX,1983.59375,3,177,False,28.747735507246375
8,36,48,CulturaX,973.8125,2,134,False,27.05034722222222
11,56,74,CulturaX,1309.453125,2,134,False,23.383091517857142
19,90,124,CulturaX,2248.484375,3,177,False,24.983159722222222
13,64,91,CulturaX,1712.609375,2,134,False,26.759521484375
7,28,39,CulturaX,829.109375,1,91,True,29.611049107142858
21,94,132,CulturaX,2526.5625,3,177,False,26.878324468085108
9,37,47,CulturaX,839.375,1,91,True,22.68581081081081
20,95,141,CulturaX,2630.75,3,177,False,27.692105263157895
20,79,109,CulturaX,2020.859375,3,177,False,25.580498417721518
10,47,68,CulturaX,1251.75,2,134,False,26.632978723404257
38,174,251,CulturaX,4400.140625,5,263,False,25.28816451149425
7,27,36,CulturaX,609.53125,1,91,True,22.57523148148148
23,113,161,CulturaX,3013.203125,4,220,False,26.665514380530972
11,49,68,CulturaX,1275.28125,2,134,False,26.026147959183675
25,109,153,CulturaX,2878.796875,4,220,False,26.410980504587155
18,100,147,CulturaX,2657.1875,3,177,False,26.571875
7,30,45,CulturaX,860.875,1,91,True,28.695833333333333
27,112,152,CulturaX,2979.734375,4,220,False,26.604771205357142
13,56,85,CulturaX,1612.0,2,134,False,28.785714285714285
36,157,221,CulturaX,4096.890625,5,263,False,26.09484474522293
12,48,70,CulturaX,1281.84375,2,134,False,26.705078125
17,91,136,CulturaX,2412.125,3,177,False,26.50686813186813
7,37,54,CulturaX,985.484375,2,134,False,26.63471283783784
28,127,171,CulturaX,3297.734375,4,220,False,25.966412401574804
23,104,140,CulturaX,2794.0,4,220,False,26.865384615384617
19,102,145,CulturaX,2748.09375,3,177,False,26.942095588235293
13,54,78,CulturaX,1566.515625,2,134,False,29.00954861111111
10,44,62,CulturaX,1059.890625,2,134,False,24.088423295454547
31,132,177,CulturaX,3639.46875,5,263,False,27.571732954545453
14,68,94,CulturaX,1826.5625,2,134,False,26.861213235294116
29,128,180,CulturaX,3361.4375,4,220,False,26.26123046875
9,36,52,CulturaX,915.921875,1,91,True,25.442274305555557
10,35,47,CulturaX,828.59375,1,91,True,23.674107142857142
20,86,123,CulturaX,2314.6875,3,177,False,26.91497093023256
8,38,53,CulturaX,1060.734375,2,134,False,27.9140625
7,26,35,CulturaX,694.203125,1,91,True,26.700120192307693
17,77,107,CulturaX,2142.234375,3,177,False,27.821225649350648
17,75,102,CulturaX,1946.390625,3,177,False,25.951875
23,105,150,CulturaX,2735.1875,4,220,False,26.04940476190476
8,34,48,CulturaX,1026.015625,2,134,False,30.176930147058822
23,128,195,CulturaX,3387.53125,4,220,False,26.465087890625
11,43,58,CulturaX,1108.890625,2,134,False,25.78815406976744
15,73,100,CulturaX,1875.75,2,134,False,25.695205479452056
29,145,206,CulturaX,4043.3125,5,263,False,27.884913793103447
21,105,150,CulturaX,2707.921875,3,177,False,25.789732142857144
38,160,222,CulturaX,4221.65625,5,263,False,26.3853515625
22,105,149,CulturaX,2817.34375,4,220,False,26.831845238095237
17,69,101,CulturaX,1936.25,3,177,False,28.06159420289855
9,51,70,CulturaX,1393.875,2,134,False,27.330882352941178
8,31,43,CulturaX,838.21875,1,91,True,27.039314516129032
13,58,79,CulturaX,1619.609375,2,134,False,27.924299568965516
16,76,101,CulturaX,1822.390625,2,134,False,23.978824013157894
10,60,70,CulturaX,1353.28125,2,134,False,22.5546875
13,59,83,CulturaX,1547.125,2,134,False,26.222457627118644
8,42,59,CulturaX,1061.984375,2,134,False,25.285342261904763
24,95,127,CulturaX,2530.421875,3,177,False,26.636019736842105
14,61,85,CulturaX,1521.828125,2,134,False,24.948002049180328
32,135,195,CulturaX,3550.515625,4,220,False,26.30011574074074
20,82,111,CulturaX,2214.625,3,177,False,27.007621951219512
15,55,79,CulturaX,1500.25,2,134,False,27.277272727272727
9,44,63,CulturaX,1156.609375,2,134,False,26.286576704545453
7,25,33,CulturaX,632.9375,1,91,True,25.3175
15,65,88,CulturaX,1604.125,2,134,False,24.678846153846155
8,41,61,CulturaX,1167.046875,2,134,False,28.46455792682927
18,80,116,CulturaX,2115.5,3,177,False,26.44375
25,106,156,CulturaX,2755.890625,4,220,False,25.99896816037736
15,62,87,CulturaX,1672.4375,2,134,False,26.974798387096776
20,96,131,CulturaX,2433.171875,3,177,False,25.345540364583332
17,67,90,CulturaX,1640.921875,2,134,False,24.491371268656717
57,282,400,CulturaX,7596.40625,9,435,False,26.937610815602838
21,86,120,CulturaX,2247.21875,3,177,False,26.130450581395348
17,60,82,CulturaX,1543.609375,2,134,False,25.726822916666666
23,102,149,CulturaX,2589.5,3,177,False,25.387254901960784
20,199,235,CulturaX,4476.59375,6,306,False,22.495445979899497
17,72,98,CulturaX,1851.484375,2,134,False,25.71506076388889
17,78,112,CulturaX,2174.578125,3,177,False,27.87920673076923
30,134,200,CulturaX,3497.5,4,220,False,26.100746268656717
31,144,195,CulturaX,3766.421875,5,263,False,26.15570746527778
10,44,66,CulturaX,1246.734375,2,134,False,28.33487215909091
14,55,76,CulturaX,1546.96875,2,134,False,28.126704545454544
23,110,158,CulturaX,3010.484375,4,220,False,27.368039772727272
8,29,42,CulturaX,770.609375,1,91,True,26.572737068965516
23,105,143,CulturaX,2713.15625,4,220,False,25.839583333333334
8,33,41,CulturaX,767.515625,1,91,True,23.258049242424242
8,34,51,CulturaX,894.359375,1,91,True,26.3046875
17,79,108,CulturaX,2082.09375,3,177,False,26.355617088607595
17,82,122,CulturaX,2207.09375,3,177,False,26.91577743902439
22,96,145,CulturaX,2640.4375,3,177,False,27.504557291666668
10,38,50,CulturaX,957.046875,1,91,True,25.18544407894737
23,102,138,CulturaX,2715.734375,3,177,False,26.62484681372549
28,108,154,CulturaX,2903.4375,4,220,False,26.883680555555557
17,80,112,CulturaX,2119.65625,3,177,False,26.495703125
11,47,67,CulturaX,1310.90625,2,134,False,27.89162234042553
27,130,182,CulturaX,3214.640625,4,220,False,24.728004807692308
17,77,109,CulturaX,2083.609375,3,177,False,27.05986201298701
18,78,111,CulturaX,2094.984375,3,177,False,26.85877403846154
15,66,89,CulturaX,1759.171875,2,134,False,26.654119318181817
14,54,77,CulturaX,1579.890625,2,134,False,29.257233796296298
39,182,273,CulturaX,4797.34375,6,306,False,26.359031593406595
8,33,43,CulturaX,814.25,1,91,True,24.674242424242426
11,47,68,CulturaX,1316.75,2,134,False,28.01595744680851
10,46,73,CulturaX,1274.671875,2,134,False,27.710258152173914
8,38,54,CulturaX,1007.15625,2,134,False,26.504111842105264
51,227,310,CulturaX,5954.5625,7,349,False,26.231552863436125
17,70,100,CulturaX,1834.171875,2,134,False,26.202455357142856
8,33,46,CulturaX,916.125,1,91,True,27.761363636363637
14,56,76,CulturaX,1529.515625,2,134,False,27.312779017857142
10,41,55,CulturaX,1089.65625,2,134,False,26.576981707317074
24,109,151,CulturaX,2894.25,4,220,False,26.55275229357798
30,111,157,CulturaX,2822.796875,4,220,False,25.43060247747748
10,39,54,CulturaX,1024.71875,2,134,False,26.274839743589745
28,121,172,CulturaX,3329.828125,4,220,False,27.51924070247934
11,52,68,CulturaX,1297.640625,2,134,False,24.954627403846153
11,40,55,CulturaX,1122.96875,2,134,False,28.07421875
20,97,121,CulturaX,2297.34375,3,177,False,23.68395618556701
20,90,128,CulturaX,2448.84375,3,177,False,27.209375
22,93,134,CulturaX,2512.234375,3,177,False,27.013272849462364
27,116,161,CulturaX,3151.125,4,220,False,27.16487068965517
37,146,216,CulturaX,3827.75,5,263,False,26.21746575342466
49,225,322,CulturaX,5906.046875,7,349,False,26.249097222222222
38,160,223,CulturaX,4358.625,5,263,False,27.24140625
32,145,209,CulturaX,3893.078125,5,263,False,26.848814655172415
26,115,170,CulturaX,3046.953125,4,220,False,26.49524456521739
7,37,50,CulturaX,991.578125,2,134,False,26.799408783783782
8,42,63,CulturaX,1128.859375,2,134,False,26.877604166666668
33,148,223,CulturaX,4025.140625,5,263,False,27.196896114864863
22,97,139,CulturaX,2612.09375,3,177,False,26.928801546391753
15,73,91,CulturaX,1740.140625,2,134,False,23.83754280821918
20,87,127,CulturaX,2426.765625,3,177,False,27.89385775862069
10,46,63,CulturaX,1176.0,2,134,False,25.565217391304348
23,94,137,CulturaX,2361.75,3,177,False,25.125
12,54,77,CulturaX,1345.1875,2,134,False,24.91087962962963
8,29,42,CulturaX,805.921875,1,91,True,27.79040948275862
10,41,60,CulturaX,1117.234375,2,134,False,27.249618902439025
18,82,115,CulturaX,2247.40625,3,177,False,27.407393292682926
10,41,58,CulturaX,1175.515625,2,134,False,28.67111280487805
17,77,111,CulturaX,2075.953125,3,177,False,26.960430194805195
10,38,54,CulturaX,1006.28125,2,134,False,26.48108552631579
11,50,74,CulturaX,1449.890625,2,134,False,28.9978125
7,29,41,CulturaX,759.140625,1,91,True,26.177262931034484
12,52,77,CulturaX,1502.53125,2,134,False,28.89483173076923
8,30,40,CulturaX,809.40625,1,91,True,26.980208333333334
33,156,219,CulturaX,4161.71875,5,263,False,26.677684294871796
32,115,159,CulturaX,3116.6875,4,220,False,27.10163043478261
16,67,95,CulturaX,1777.046875,2,134,False,26.523087686567163
17,72,111,CulturaX,2030.046875,3,177,False,28.19509548611111
31,142,185,CulturaX,3611.671875,4,220,False,25.43430897887324
13,54,73,CulturaX,1518.28125,2,134,False,28.116319444444443
10,43,63,CulturaX,1132.203125,2,134,False,26.33030523255814
12,56,82,CulturaX,1423.21875,2,134,False,25.414620535714285
8,30,44,CulturaX,855.625,1,91,True,28.520833333333332
7,39,56,CulturaX,940.515625,1,91,True,24.115785256410255
7,35,48,CulturaX,933.046875,1,91,True,26.658482142857142
12,62,89,CulturaX,1727.671875,2,134,False,27.865675403225808
15,76,104,CulturaX,1870.03125,3,177,False,24.605674342105264
11,36,50,CulturaX,974.328125,2,134,False,27.06467013888889
12,50,72,CulturaX,1361.265625,2,134,False,27.2253125
12,53,75,CulturaX,1447.453125,2,134,False,27.310436320754718
14,69,101,CulturaX,1724.421875,2,134,False,24.991621376811594
17,81,120,CulturaX,2128.171875,3,177,False,26.27372685185185
9,35,54,CulturaX,1013.421875,2,134,False,28.954910714285713
11,42,58,CulturaX,1159.296875,2,134,False,27.602306547619047
12,72,91,CulturaX,1690.046875,2,134,False,23.47287326388889
11,44,67,CulturaX,1166.546875,2,134,False,26.512428977272727
12,54,73,CulturaX,1421.734375,2,134,False,26.32841435185185
9,43,63,CulturaX,1118.875,2,134,False,26.0203488372093
25,122,174,CulturaX,3277.390625,4,220,False,26.863857581967213
8,33,46,CulturaX,922.265625,1,91,True,27.947443181818183
7,25,34,CulturaX,697.328125,1,91,True,27.893125
31,142,208,CulturaX,3862.296875,5,263,False,27.199273767605632
7,32,41,CulturaX,809.6875,1,91,True,25.302734375
23,114,154,CulturaX,2873.625,4,220,False,25.207236842105264
32,154,227,CulturaX,4155.703125,5,263,False,26.985085227272727
8,41,57,CulturaX,1115.984375,2,134,False,27.219131097560975
14,68,80,CulturaX,1521.03125,2,134,False,22.368106617647058
11,53,74,CulturaX,1375.515625,2,134,False,25.953125
23,103,138,CulturaX,2651.34375,3,177,False,25.74120145631068
11,54,79,CulturaX,1443.734375,2,134,False,26.73582175925926
19,90,133,CulturaX,2394.453125,3,177,False,26.60503472222222
25,111,153,CulturaX,2878.921875,4,220,False,25.93623310810811
15,48,69,CulturaX,1137.5,2,134,False,23.697916666666668
9,38,54,CulturaX,1052.6875,2,134,False,27.70230263157895
16,69,97,CulturaX,1905.8125,3,177,False,27.620471014492754
28,130,186,CulturaX,3469.015625,4,220,False,26.684735576923078
8,31,42,CulturaX,865.90625,1,91,True,27.932459677419356
9,41,55,CulturaX,1098.25,2,134,False,26.786585365853657
22,112,172,CulturaX,3219.578125,4,220,False,28.746233258928573
26,162,199,CulturaX,3612.921875,5,263,False,22.30198688271605
23,108,160,CulturaX,2965.046875,4,220,False,27.45413773148148
13,59,84,CulturaX,1582.78125,2,134,False,26.826800847457626
10,39,57,CulturaX,1044.328125,2,134,False,26.77764423076923
65,299,426,CulturaX,8053.234375,9,435,False,26.93389423076923
9,38,53,CulturaX,960.1875,2,134,False,25.268092105263158
51,239,333,CulturaX,6497.78125,8,392,False,27.187369246861923
16,71,99,CulturaX,1880.890625,2,134,False,26.491417253521128
13,62,90,CulturaX,1682.15625,2,134,False,27.13155241935484
31,134,167,CulturaX,3244.4375,4,220,False,24.21222014925373
24,102,147,CulturaX,2789.46875,4,220,False,27.347732843137255
14,70,104,CulturaX,1813.25,2,134,False,25.90357142857143
8,45,55,CulturaX,1055.75,2,134,False,23.461111111111112
12,43,66,CulturaX,1154.828125,2,134,False,26.856468023255815
25,94,123,CulturaX,2507.109375,3,177,False,26.671376329787233
7,27,40,CulturaX,753.171875,1,91,True,27.89525462962963
7,24,34,CulturaX,604.34375,1,91,True,25.180989583333332
7,31,42,CulturaX,790.59375,1,91,True,25.503024193548388
24,96,128,CulturaX,2453.90625,3,177,False,25.5615234375
21,95,129,CulturaX,2579.1875,3,177,False,27.14934210526316
14,61,91,CulturaX,1753.21875,3,177,False,28.741290983606557
10,37,54,CulturaX,989.796875,2,134,False,26.75126689189189
13,57,82,CulturaX,1438.90625,2,134,False,25.243969298245613
38,207,271,CulturaX,5134.171875,6,306,False,24.80276268115942
9,37,54,CulturaX,1007.984375,2,134,False,27.242820945945947
40,228,325,CulturaX,6060.25,7,349,False,26.580043859649123
93,425,578,CulturaX,11220.84375,13,607,False,26.401985294117647
21,95,139,CulturaX,2516.984375,3,177,False,26.494572368421053
56,188,264,CulturaX,4900.46875,6,306,False,26.06632313829787
25,115,167,CulturaX,3171.125,4,220,False,27.575
33,150,221,CulturaX,4027.5625,5,263,False,26.850416666666668
27,113,159,CulturaX,2961.40625,4,220,False,26.207134955752213
10,52,67,CulturaX,1196.5,2,134,False,23.009615384615383
13,54,78,CulturaX,1438.875,2,134,False,26.645833333333332
14,68,102,CulturaX,1879.21875,2,134,False,27.635569852941178
9,36,48,CulturaX,927.84375,1,91,True,25.7734375
21,88,123,CulturaX,2219.71875,3,177,False,25.224076704545453
8,33,51,CulturaX,893.015625,1,91,True,27.061079545454547
18,80,116,CulturaX,2136.921875,3,177,False,26.7115234375
23,107,143,CulturaX,2616.828125,3,177,False,24.45633761682243
7,29,41,CulturaX,821.15625,1,91,True,28.31573275862069
8,37,51,CulturaX,967.21875,2,134,False,26.1410472972973
11,48,72,CulturaX,1273.875,2,134,False,26.5390625
42,211,305,CulturaX,5657.0625,7,349,False,26.810722748815166
25,97,139,CulturaX,2633.140625,3,177,False,27.14577963917526
17,71,105,CulturaX,1945.53125,3,177,False,27.401848591549296
14,57,82,CulturaX,1676.9375,2,134,False,29.419956140350877
18,67,95,CulturaX,1770.234375,3,177,False,26.42140858208955
7,26,38,CulturaX,773.453125,1,91,True,29.748197115384617
13,56,82,CulturaX,1534.078125,2,134,False,27.394252232142858
28,129,195,CulturaX,3641.765625,5,263,False,28.23074127906977
7,35,47,CulturaX,949.703125,1,91,True,27.134375
14,72,111,CulturaX,2033.8125,3,177,False,28.247395833333332
12,48,68,CulturaX,1382.75,2,134,False,28.807291666666668
21,112,162,CulturaX,3047.359375,4,220,False,27.208565848214285
10,36,51,CulturaX,874.8125,1,91,True,24.30034722222222
38,182,237,CulturaX,4711.1875,5,263,False,25.885645604395606
10,50,65,CulturaX,1264.953125,2,134,False,25.2990625
20,121,165,CulturaX,2708.140625,3,177,False,22.381327479338843
7,27,42,CulturaX,810.078125,1,91,True,30.00289351851852
21,93,138,CulturaX,2473.625,3,177,False,26.598118279569892
9,32,46,CulturaX,812.390625,1,91,True,25.38720703125
8,30,43,CulturaX,814.140625,1,91,True,27.138020833333332
10,46,61,CulturaX,1120.84375,2,134,False,24.36616847826087
43,194,271,CulturaX,5280.71875,6,306,False,27.22019974226804
18,84,111,CulturaX,2169.421875,3,177,False,25.826450892857142
11,49,69,CulturaX,1420.203125,2,134,False,28.98373724489796
53,250,350,CulturaX,6728.9375,8,392,False,26.91575
32,141,204,CulturaX,3611.734375,4,220,False,25.61513741134752
16,76,108,CulturaX,2106.203125,3,177,False,27.713199013157894
22,112,154,CulturaX,2808.84375,4,220,False,25.078962053571427
7,26,37,CulturaX,678.203125,1,91,True,26.084735576923077
18,89,121,CulturaX,2299.390625,3,177,False,25.835849719101123
7,25,38,CulturaX,675.484375,1,91,True,27.019375
19,83,126,CulturaX,2300.0,3,177,False,27.710843373493976
18,74,93,CulturaX,1713.9375,2,134,False,23.16131756756757
16,63,90,CulturaX,1780.03125,2,134,False,28.254464285714285
17,84,126,CulturaX,2341.609375,3,177,False,27.876302083333332
15,74,109,CulturaX,1993.5,3,177,False,26.93918918918919
10,32,45,CulturaX,838.78125,1,91,True,26.2119140625
36,177,250,CulturaX,4710.296875,6,306,False,26.61184675141243
15,59,89,CulturaX,1533.078125,2,134,False,25.984375
22,98,135,CulturaX,2590.359375,3,177,False,26.432238520408163
9,46,68,CulturaX,1305.921875,2,134,False,28.38960597826087
29,125,187,CulturaX,3425.453125,4,220,False,27.403625
25,121,179,CulturaX,3281.125,4,220,False,27.11673553719008
8,29,40,CulturaX,812.734375,1,91,True,28.025323275862068
22,97,136,CulturaX,2539.453125,3,177,False,26.17992912371134
12,60,79,CulturaX,1493.296875,2,134,False,24.88828125
14,64,95,CulturaX,1690.515625,2,134,False,26.414306640625
10,43,63,CulturaX,1269.953125,2,134,False,29.533793604651162
8,36,53,CulturaX,963.171875,2,134,False,26.754774305555557
26,120,164,CulturaX,3128.84375,4,220,False,26.073697916666667
12,48,62,CulturaX,1213.078125,2,134,False,25.2724609375
38,168,257,CulturaX,4663.140625,6,306,False,27.75678943452381
43,179,261,CulturaX,4795.796875,6,306,False,26.792161312849164
7,31,45,CulturaX,817.25,1,91,True,26.362903225806452
16,65,91,CulturaX,1688.015625,2,134,False,25.969471153846154
23,106,146,CulturaX,2786.0,4,220,False,26.28301886792453
16,66,90,CulturaX,1708.25,2,134,False,25.882575757575758
13,61,90,CulturaX,1770.171875,2,134,False,29.01921106557377
36,178,261,CulturaX,4950.546875,6,306,False,27.81206109550562
11,46,67,CulturaX,1235.8125,2,134,False,26.86548913043478
10,42,51,CulturaX,1102.03125,2,134,False,26.238839285714285
9,36,52,CulturaX,1049.921875,2,134,False,29.16449652777778
13,55,75,CulturaX,1446.984375,2,134,False,26.308806818181818
19,83,115,CulturaX,2153.671875,3,177,False,25.94785391566265
27,134,164,CulturaX,3168.515625,4,220,False,23.645638992537314
25,121,171,CulturaX,3289.34375,4,220,False,27.18465909090909
15,79,115,CulturaX,2056.53125,3,177,False,26.032041139240505
9,31,44,CulturaX,823.828125,1,91,True,26.575100806451612
12,52,73,CulturaX,1361.25,2,134,False,26.177884615384617
15,68,90,CulturaX,1868.328125,3,177,False,27.475413602941178
10,44,61,CulturaX,1172.5,2,134,False,26.647727272727273
15,63,84,CulturaX,1578.25,2,134,False,25.0515873015873
10,38,51,CulturaX,983.609375,2,134,False,25.884457236842106
9,33,41,CulturaX,797.859375,1,91,True,24.177556818181817
30,142,199,CulturaX,3651.734375,4,220,False,25.71643926056338
14,63,85,CulturaX,1685.78125,2,134,False,26.75843253968254
10,43,61,CulturaX,1209.234375,2,134,False,28.12172965116279
43,206,304,CulturaX,5457.21875,6,306,False,26.491353155339805
30,135,191,CulturaX,3586.75,4,220,False,26.56851851851852
100,470,682,CulturaX,12570.703125,15,693,False,26.74617686170213
8,31,41,CulturaX,828.65625,1,91,True,26.730846774193548
8,35,47,CulturaX,975.140625,2,134,False,27.861160714285713
27,132,179,CulturaX,3517.453125,4,220,False,26.64737215909091
9,40,55,CulturaX,1039.5625,2,134,False,25.9890625
24,105,145,CulturaX,2802.953125,4,220,False,26.694791666666667
14,61,89,CulturaX,1669.09375,2,134,False,27.36219262295082
30,155,218,CulturaX,3788.125,5,263,False,24.43951612903226
11,50,75,CulturaX,1354.515625,2,134,False,27.0903125
28,121,172,CulturaX,3209.390625,4,220,False,26.52388946280992
7,27,36,CulturaX,727.40625,1,91,True,26.94097222222222
14,48,73,CulturaX,1368.109375,2,134,False,28.502278645833332
8,31,42,CulturaX,765.03125,1,91,True,24.67842741935484
15,59,87,CulturaX,1709.953125,2,134,False,28.982256355932204
13,56,76,CulturaX,1438.828125,2,134,False,25.693359375
13,48,70,CulturaX,1191.984375,2,134,False,24.8330078125
13,55,74,CulturaX,1464.25,2,134,False,26.62272727272727
16,73,100,CulturaX,2023.625,3,177,False,27.720890410958905
22,100,150,CulturaX,2783.328125,4,220,False,27.83328125
11,44,62,CulturaX,1224.234375,2,134,False,27.823508522727273
42,198,285,CulturaX,5505.296875,7,349,False,27.804529671717173
18,74,107,CulturaX,2022.625,3,177,False,27.33277027027027
32,138,202,CulturaX,3843.421875,5,263,False,27.850883152173914
22,94,135,CulturaX,2448.109375,3,177,False,26.04371675531915
7,24,32,CulturaX,648.671875,1,91,True,27.027994791666668
12,52,69,CulturaX,1319.296875,2,134,False,25.37109375
28,149,203,CulturaX,3933.171875,5,263,False,26.39712667785235
18,94,138,CulturaX,2552.53125,3,177,False,27.154587765957448
11,62,78,CulturaX,1595.203125,2,134,False,25.729082661290324
16,70,100,CulturaX,1878.296875,2,134,False,26.8328125
10,42,61,CulturaX,1190.0625,2,134,False,28.334821428571427
18,72,97,CulturaX,1986.34375,3,177,False,27.58810763888889
8,35,50,CulturaX,892.359375,1,91,True,25.495982142857144
11,48,66,CulturaX,1257.0,2,134,False,26.1875
8,33,46,CulturaX,836.1875,1,91,True,25.339015151515152
12,57,79,CulturaX,1541.859375,2,134,False,27.05016447368421
20,97,140,CulturaX,2708.328125,3,177,False,27.92090850515464
13,58,85,CulturaX,1695.109375,2,134,False,29.22602370689655
32,158,222,CulturaX,4077.78125,5,263,False,25.808742088607595
11,57,72,CulturaX,1348.546875,2,134,False,23.658717105263158
15,58,78,CulturaX,1575.03125,2,134,False,27.15571120689655
18,78,114,CulturaX,2091.234375,3,177,False,26.810697115384617
10,44,61,CulturaX,1220.71875,2,134,False,27.743607954545453
22,93,130,CulturaX,2507.125,3,177,False,26.958333333333332
16,69,99,CulturaX,1849.203125,3,177,False,26.800045289855074
22,91,121,CulturaX,2374.734375,3,177,False,26.095982142857142
9,35,44,CulturaX,860.515625,1,91,True,24.586160714285715
38,181,243,CulturaX,4744.328125,6,306,False,26.211757596685082
27,120,158,CulturaX,3057.3125,4,220,False,25.477604166666666
29,119,165,CulturaX,3203.046875,4,220,False,26.91636029411765
11,45,62,CulturaX,1217.703125,2,134,False,27.060069444444444
13,74,110,CulturaX,1899.546875,2,134,False,25.669552364864863
18,68,96,CulturaX,1822.484375,2,134,False,26.80124080882353
10,43,60,CulturaX,1179.921875,2,134,False,27.440043604651162
16,70,97,CulturaX,1783.734375,2,134,False,25.481919642857143
16,54,71,CulturaX,1359.65625,2,134,False,25.178819444444443
9,39,61,CulturaX,1018.421875,2,134,False,26.11338141025641
8,32,43,CulturaX,784.140625,1,91,True,24.50439453125
19,78,105,CulturaX,1970.03125,3,177,False,25.256810897435898
54,241,327,CulturaX,6055.421875,7,349,False,25.12623184647303
10,53,84,CulturaX,1208.015625,2,134,False,22.792747641509433
9,41,57,CulturaX,1046.96875,2,134,False,25.535823170731707
9,41,60,CulturaX,1131.109375,2,134,False,27.588033536585368
11,55,77,CulturaX,1433.6875,2,134,False,26.067045454545454
9,37,48,CulturaX,812.625,1,91,True,21.96283783783784
8,30,42,CulturaX,872.734375,1,91,True,29.091145833333332
20,79,108,CulturaX,2067.78125,3,177,False,26.174446202531644
15,72,81,CulturaX,1490.28125,2,134,False,20.698350694444443
9,45,62,CulturaX,1141.296875,2,134,False,25.362152777777776
24,97,137,CulturaX,2539.90625,3,177,False,26.184600515463917
17,69,94,CulturaX,1753.296875,2,134,False,25.41009963768116
9,36,47,CulturaX,850.65625,1,91,True,23.62934027777778
10,43,61,CulturaX,1170.21875,2,134,False,27.214389534883722
8,47,56,CulturaX,1133.375,2,134,False,24.11436170212766
16,74,101,CulturaX,1982.171875,3,177,False,26.78610641891892
25,112,162,CulturaX,3058.921875,4,220,False,27.311802455357142
10,52,73,CulturaX,1440.734375,2,134,False,27.70643028846154
20,86,114,CulturaX,2274.25,3,177,False,26.444767441860463
30,112,156,CulturaX,3077.96875,4,220,False,27.481863839285715
16,64,84,CulturaX,1554.96875,2,134,False,24.29638671875
16,73,97,CulturaX,1894.078125,2,134,False,25.946275684931507
27,109,148,CulturaX,2844.5,4,220,False,26.09633027522936
13,54,77,CulturaX,1494.9375,2,134,False,27.68402777777778
21,104,144,CulturaX,2644.140625,3,177,False,25.42442908653846
18,79,110,CulturaX,1938.9375,3,177,False,24.543512658227847
10,35,48,CulturaX,938.296875,1,91,True,26.808482142857144
12,52,75,CulturaX,1444.390625,2,134,False,27.77674278846154
19,78,112,CulturaX,1999.34375,3,177,False,25.63261217948718
15,75,112,CulturaX,2038.65625,3,177,False,27.182083333333335
10,38,51,CulturaX,1031.546875,2,134,False,27.145970394736842
9,43,66,CulturaX,1167.921875,2,134,False,27.1609738372093
20,99,146,CulturaX,2695.234375,3,177,False,27.224589646464647
9,42,56,CulturaX,1160.6875,2,134,False,27.635416666666668
19,75,110,CulturaX,2188.234375,3,177,False,29.176458333333333
8,45,66,CulturaX,1179.46875,2,134,False,26.210416666666667
12,52,79,CulturaX,1511.703125,2,134,False,29.071213942307693
10,43,55,CulturaX,1010.734375,2,134,False,23.505450581395348
18,81,115,CulturaX,2196.546875,3,177,False,27.117862654320987
76,352,510,CulturaX,9625.359375,11,521,False,27.344770951704547
9,49,72,CulturaX,1272.171875,2,134,False,25.962691326530614
10,41,61,CulturaX,1095.984375,2,134,False,26.731326219512194
8,36,48,CulturaX,956.859375,1,91,True,26.579427083333332
8,39,54,CulturaX,967.984375,2,134,False,24.82011217948718
7,30,44,CulturaX,778.875,1,91,True,25.9625
13,59,78,CulturaX,1600.296875,2,134,False,27.123675847457626
16,67,102,CulturaX,1798.078125,2,134,False,26.83698694029851
20,74,102,CulturaX,1919.25,2,134,False,25.93581081081081
23,113,155,CulturaX,3009.0625,4,220,False,26.62887168141593
20,101,143,CulturaX,2730.59375,3,177,False,27.035581683168317
17,84,106,CulturaX,1927.484375,3,177,False,22.94624255952381
22,87,122,CulturaX,2364.96875,3,177,False,27.183548850574713
9,41,56,CulturaX,1120.671875,2,134,False,27.333460365853657
14,58,83,CulturaX,1520.46875,2,134,False,26.21497844827586
7,23,33,CulturaX,539.890625,1,91,True,23.47350543478261
10,44,64,CulturaX,1130.984375,2,134,False,25.70419034090909
10,65,93,CulturaX,1727.703125,2,134,False,26.580048076923077
64,315,428,CulturaX,8203.828125,10,478,False,26.04389880952381
11,55,80,CulturaX,1431.828125,2,134,False,26.033238636363638
10,35,48,CulturaX,853.078125,1,91,True,24.373660714285716
15,79,108,CulturaX,2036.75,3,177,False,25.781645569620252
31,163,251,CulturaX,4444.71875,5,263,False,27.26821319018405
7,25,36,CulturaX,702.90625,1,91,True,28.11625
13,69,93,CulturaX,1718.3125,2,134,False,24.903079710144926
27,130,162,CulturaX,3044.796875,4,220,False,23.421514423076925
38,172,257,CulturaX,4597.8125,5,263,False,26.731468023255815
25,125,171,CulturaX,3196.15625,4,220,False,25.56925
19,86,123,CulturaX,2302.828125,3,177,False,26.77707122093023
12,53,74,CulturaX,1399.34375,2,134,False,26.402712264150942
16,69,94,CulturaX,1839.578125,2,134,False,26.660552536231883
13,63,85,CulturaX,1772.53125,2,134,False,28.135416666666668
21,93,132,CulturaX,2549.765625,3,177,False,27.416834677419356
18,85,114,CulturaX,2221.59375,3,177,False,26.13639705882353
22,105,148,CulturaX,2815.734375,4,220,False,26.816517857142856
53,295,342,CulturaX,6430.1875,8,392,False,21.797245762711864
20,93,144,CulturaX,2427.28125,3,177,False,26.099798387096776
12,57,82,CulturaX,1588.09375,2,134,False,27.861293859649123
9,40,59,CulturaX,1020.1875,2,134,False,25.5046875
56,219,306,CulturaX,6084.25,7,349,False,27.781963470319635
24,98,137,CulturaX,2640.375,3,177,False,26.942602040816325
22,102,133,CulturaX,2351.265625,3,177,False,23.051623774509803
22,90,122,CulturaX,2352.6875,3,177,False,26.14097222222222
19,85,124,CulturaX,2210.765625,3,177,False,26.009007352941175
35,168,247,CulturaX,4434.078125,5,263,False,26.393322172619047
37,168,253,CulturaX,4782.796875,6,306,False,28.469029017857142
12,45,62,CulturaX,1172.703125,2,134,False,26.060069444444444
8,36,55,CulturaX,949.578125,1,91,True,26.37717013888889
19,89,132,CulturaX,2378.140625,3,177,False,26.72068117977528
7,28,34,CulturaX,641.875,1,91,True,22.924107142857142
14,74,99,CulturaX,1930.328125,3,177,False,26.0855152027027
14,59,85,CulturaX,1375.375,2,134,False,23.3114406779661
17,77,104,CulturaX,2022.71875,3,177,False,26.269074675324674
8,33,43,CulturaX,905.671875,1,91,True,27.444602272727273
10,41,51,CulturaX,1063.359375,2,134,False,25.935594512195124
11,46,65,CulturaX,1237.421875,2,134,False,26.90047554347826
8,33,48,CulturaX,917.765625,1,91,True,27.811079545454547
14,57,78,CulturaX,1460.078125,2,134,False,25.615405701754387
27,133,197,CulturaX,3381.015625,4,220,False,25.421170112781954
10,56,71,CulturaX,1437.078125,2,134,False,25.662109375
45,197,275,CulturaX,4912.84375,6,306,False,24.93829314720812
24,115,171,CulturaX,3129.546875,4,220,False,27.21345108695652
14,61,86,CulturaX,1587.71875,2,134,False,26.028176229508198
12,67,100,CulturaX,1790.96875,2,134,False,26.730876865671643
12,54,76,CulturaX,1440.59375,2,134,False,26.677662037037038
25,102,138,CulturaX,2576.03125,3,177,False,25.255208333333332
21,107,154,CulturaX,2884.875,4,220,False,26.96144859813084
7,32,46,CulturaX,861.0625,1,91,True,26.908203125
29,143,194,CulturaX,3794.5,5,263,False,26.534965034965033
31,131,186,CulturaX,3472.078125,4,220,False,26.50441316793893
11,52,67,CulturaX,1407.171875,2,134,False,27.060997596153847
25,95,126,CulturaX,2378.0,3,177,False,25.03157894736842
55,294,425,CulturaX,7569.703125,9,435,False,25.747289540816325
7,37,50,CulturaX,890.125,1,91,True,24.05743243243243
12,52,76,CulturaX,1319.578125,2,134,False,25.376502403846153
10,39,57,CulturaX,1088.203125,2,134,False,27.90264423076923
22,85,114,CulturaX,2146.0625,3,177,False,25.247794117647057
23,124,184,CulturaX,3335.15625,4,220,False,26.89642137096774
22,103,148,CulturaX,2777.015625,4,220,False,26.961316747572816
8,36,54,CulturaX,991.25,2,134,False,27.53472222222222
18,93,127,CulturaX,2476.453125,3,177,False,26.628528225806452
20,79,109,CulturaX,1985.15625,3,177,False,25.12856012658228
8,39,50,CulturaX,1003.21875,2,134,False,25.723557692307693
34,158,227,CulturaX,4396.234375,5,263,False,27.82426819620253
18,81,116,CulturaX,2134.296875,3,177,False,26.34934413580247
8,29,38,CulturaX,816.65625,1,91,True,28.160560344827587
20,77,105,CulturaX,1907.875,3,177,False,24.7775974025974
18,71,98,CulturaX,1849.125,2,134,False,26.044014084507044
8,30,46,CulturaX,893.15625,1,91,True,29.771875
20,83,116,CulturaX,2262.46875,3,177,False,27.258659638554217
29,133,178,CulturaX,3458.859375,4,220,False,26.006461466165412
24,118,175,CulturaX,3037.71875,4,220,False,25.743379237288135
13,62,91,CulturaX,1735.671875,2,134,False,27.994707661290324
19,76,108,CulturaX,2035.09375,3,177,False,26.777549342105264
10,43,58,CulturaX,996.265625,2,134,False,23.168968023255815
13,55,76,CulturaX,1494.671875,2,134,False,27.175852272727273
12,40,52,CulturaX,953.65625,1,91,True,23.84140625
26,124,174,CulturaX,3239.140625,4,220,False,26.122101814516128
22,88,124,CulturaX,2349.78125,3,177,False,26.70205965909091
21,103,147,CulturaX,2771.28125,4,220,False,26.905643203883496
33,148,207,CulturaX,3900.578125,5,263,False,26.35525760135135
12,46,62,CulturaX,1248.6875,2,134,False,27.14538043478261
13,49,67,CulturaX,1317.109375,2,134,False,26.879783163265305
15,69,94,CulturaX,1717.921875,2,134,False,24.89741847826087
8,42,59,CulturaX,1110.875,2,134,False,26.449404761904763
10,42,59,CulturaX,1117.828125,2,134,False,26.614955357142858
17,71,93,CulturaX,1944.375,3,177,False,27.385563380281692
13,54,75,CulturaX,1360.90625,2,134,False,25.20196759259259
11,53,73,CulturaX,1330.078125,2,134,False,25.095813679245282
32,156,216,CulturaX,4070.109375,5,263,False,26.09044471153846
11,46,67,CulturaX,1205.078125,2,134,False,26.19735054347826
8,31,44,CulturaX,896.75,1,91,True,28.927419354838708
23,93,141,CulturaX,2475.21875,3,177,False,26.615255376344088
12,60,92,CulturaX,1538.1875,2,134,False,25.636458333333334
7,28,40,CulturaX,741.578125,1,91,True,26.484933035714285
9,35,52,CulturaX,1047.140625,2,134,False,29.91830357142857
8,31,42,CulturaX,811.59375,1,91,True,26.180443548387096
44,177,247,CulturaX,4600.65625,5,263,False,25.992408192090394
16,64,93,CulturaX,1831.09375,2,134,False,28.61083984375
15,59,81,CulturaX,1651.5,2,134,False,27.991525423728813
27,150,211,CulturaX,3989.078125,5,263,False,26.593854166666667
19,82,115,CulturaX,2204.125,3,177,False,26.879573170731707
7,30,44,CulturaX,895.296875,1,91,True,29.843229166666667
9,37,52,CulturaX,1001.984375,2,134,False,27.080658783783782
9,37,53,CulturaX,969.4375,2,134,False,26.201013513513512
31,139,205,CulturaX,3790.953125,5,263,False,27.273044064748202
28,103,137,CulturaX,2668.6875,3,177,False,25.909587378640776
12,57,80,CulturaX,1487.453125,2,134,False,26.095668859649123
11,51,73,CulturaX,1427.78125,2,134,False,27.995710784313726
24,98,133,CulturaX,2707.25,3,177,False,27.625
8,31,44,CulturaX,759.265625,1,91,True,24.492439516129032
11,42,56,CulturaX,1026.859375,2,134,False,24.449032738095237
37,190,259,CulturaX,4994.5,6,306,False,26.28684210526316
13,59,82,CulturaX,1523.53125,2,134,False,25.822563559322035
32,131,180,CulturaX,3249.6875,4,220,False,24.806774809160306
7,33,49,CulturaX,894.921875,1,91,True,27.118844696969695
11,47,71,CulturaX,1248.28125,2,134,False,26.559175531914892
13,64,90,CulturaX,1691.3125,2,134,False,26.4267578125
22,95,138,CulturaX,2566.796875,3,177,False,27.01891447368421
23,101,146,CulturaX,2785.234375,4,220,False,27.57657797029703
9,37,47,CulturaX,932.140625,1,91,True,25.192989864864863
12,51,63,CulturaX,1232.234375,2,134,False,24.161458333333332
16,75,115,CulturaX,1957.578125,3,177,False,26.101041666666667
11,49,70,CulturaX,1308.1875,2,134,False,26.697704081632654
13,52,74,CulturaX,1347.984375,2,134,False,25.922776442307693
15,69,97,CulturaX,1899.4375,3,177,False,27.528079710144926
11,55,79,CulturaX,1455.3125,2,134,False,26.460227272727273
27,135,200,CulturaX,3530.046875,5,263,False,26.14849537037037
9,34,48,CulturaX,897.984375,1,91,True,26.411305147058822
8,28,39,CulturaX,795.65625,1,91,True,28.416294642857142
33,160,213,CulturaX,3904.1875,5,263,False,24.401171875
7,31,44,CulturaX,797.703125,1,91,True,25.73235887096774
10,42,57,CulturaX,1068.8125,2,134,False,25.447916666666668
11,53,74,CulturaX,1475.65625,2,134,False,27.84257075471698
25,101,147,CulturaX,2658.171875,3,177,False,26.318533415841586
8,45,65,CulturaX,1219.75,2,134,False,27.105555555555554
15,54,76,CulturaX,1469.03125,2,134,False,27.20428240740741
38,170,243,CulturaX,4377.65625,5,263,False,25.750919117647058
9,43,63,CulturaX,1148.359375,2,134,False,26.706031976744185
7,30,42,CulturaX,830.84375,1,91,True,27.694791666666667
9,39,58,CulturaX,1166.015625,2,134,False,29.89783653846154
11,39,54,CulturaX,1083.296875,2,134,False,27.77684294871795
18,84,129,CulturaX,2252.375,3,177,False,26.813988095238095
39,166,233,CulturaX,4229.3125,5,263,False,25.477786144578314
7,39,50,CulturaX,918.34375,1,91,True,23.547275641025642
23,105,159,CulturaX,2988.71875,4,220,False,28.463988095238093
9,42,57,CulturaX,1055.78125,2,134,False,25.13764880952381
9,36,52,CulturaX,1035.5,2,134,False,28.76388888888889
38,176,236,CulturaX,4534.390625,6,306,False,25.76358309659091
35,142,186,CulturaX,3384.515625,4,220,False,23.834617077464788
10,47,71,CulturaX,1254.5625,2,134,False,26.69281914893617
12,50,69,CulturaX,1365.40625,2,134,False,27.308125
20,91,131,CulturaX,2433.78125,3,177,False,26.7448489010989
13,64,89,CulturaX,1683.46875,2,134,False,26.30419921875
18,66,92,CulturaX,1884.15625,3,177,False,28.54782196969697
10,47,72,CulturaX,1217.265625,2,134,False,25.899268617021278
13,52,66,CulturaX,1369.21875,2,134,False,26.331129807692307
12,50,68,CulturaX,1289.15625,2,134,False,25.783125
19,91,138,CulturaX,2545.5,3,177,False,27.97252747252747
45,201,276,CulturaX,5325.40625,6,306,False,26.49455845771144
13,63,94,CulturaX,1699.015625,2,134,False,26.968501984126984
24,99,141,CulturaX,2568.109375,3,177,False,25.940498737373737
34,148,200,CulturaX,3751.09375,4,220,False,25.34522804054054
11,36,56,CulturaX,970.1875,2,134,False,26.94965277777778
17,84,127,CulturaX,2312.703125,3,177,False,27.53218005952381
21,96,136,CulturaX,2528.03125,3,177,False,26.333658854166668
22,101,151,CulturaX,2842.0625,3,177,False,28.139232673267326
12,47,69,CulturaX,1370.046875,2,134,False,29.1499335106383
9,36,49,CulturaX,914.75,1,91,True,25.40972222222222
17,69,94,CulturaX,1796.015625,2,134,False,26.02921195652174
11,46,65,CulturaX,1237.46875,2,134,False,26.90149456521739
33,161,241,CulturaX,4369.0625,5,263,False,27.137034161490682
17,73,108,CulturaX,1948.265625,3,177,False,26.68857020547945
24,108,156,CulturaX,3007.203125,4,220,False,27.84447337962963
23,101,143,CulturaX,2681.8125,3,177,False,26.55259900990099
31,157,205,CulturaX,3869.328125,5,263,False,24.645402070063696
8,36,50,CulturaX,969.546875,2,134,False,26.93185763888889
30,157,216,CulturaX,3659.234375,4,220,False,23.30722531847134
7,30,39,CulturaX,776.078125,1,91,True,25.869270833333335
7,27,41,CulturaX,772.84375,1,91,True,28.62384259259259
11,48,69,CulturaX,1291.84375,2,134,False,26.913411458333332
10,53,66,CulturaX,1131.9375,2,134,False,21.357311320754718
20,85,122,CulturaX,2377.53125,3,177,False,27.970955882352943
37,146,210,CulturaX,3987.578125,5,263,False,27.312178938356166
28,119,167,CulturaX,3210.78125,4,220,False,26.98135504201681
40,184,262,CulturaX,4837.34375,6,306,False,26.28991168478261
52,226,298,CulturaX,5964.8125,7,349,False,26.392975663716815
32,142,208,CulturaX,3703.640625,4,220,False,26.081976232394368
27,119,175,CulturaX,3154.984375,4,220,False,26.5124737394958
11,52,68,CulturaX,1329.625,2,134,False,25.56971153846154
10,51,76,CulturaX,1378.8125,2,134,False,27.035539215686274
15,68,90,CulturaX,1750.09375,2,134,False,25.73667279411765
16,67,89,CulturaX,1659.34375,2,134,False,24.76632462686567
23,90,126,CulturaX,2509.859375,3,177,False,27.887326388888887
16,73,106,CulturaX,1920.875,3,177,False,26.313356164383563
27,149,215,CulturaX,3943.765625,5,263,False,26.46822567114094
9,27,39,CulturaX,788.046875,1,91,True,29.186921296296298
7,27,38,CulturaX,759.046875,1,91,True,28.11284722222222
20,78,107,CulturaX,2086.875,3,177,False,26.754807692307693
7,28,43,CulturaX,806.171875,1,91,True,28.791852678571427
15,72,105,CulturaX,1932.046875,3,177,False,26.833984375
13,54,78,CulturaX,1450.34375,2,134,False,26.85821759259259
16,70,102,CulturaX,1924.296875,3,177,False,27.489955357142858
8,35,51,CulturaX,959.03125,1,91,True,27.400892857142857
36,170,247,CulturaX,4636.78125,6,306,False,27.27518382352941
22,99,136,CulturaX,2656.09375,3,177,False,26.8292297979798
51,221,324,CulturaX,5838.234375,7,349,False,26.417350113122172
11,48,66,CulturaX,1223.265625,2,134,False,25.484700520833332
30,113,157,CulturaX,3164.0,4,220,False,28.0
8,33,49,CulturaX,889.671875,1,91,True,26.95975378787879
13,50,71,CulturaX,1275.546875,2,134,False,25.5109375
15,74,107,CulturaX,1995.375,3,177,False,26.964527027027028
35,160,242,CulturaX,4370.265625,5,263,False,27.31416015625
21,83,120,CulturaX,2252.3125,3,177,False,27.136295180722893
24,125,181,CulturaX,3463.125,4,220,False,27.705
12,58,84,CulturaX,1523.046875,2,134,False,26.259428879310345
27,113,154,CulturaX,2971.28125,4,220,False,26.294524336283185
8,31,43,CulturaX,812.484375,1,91,True,26.209173387096776
24,117,175,CulturaX,3108.5625,4,220,False,26.568910256410255
29,150,216,CulturaX,3920.296875,5,263,False,26.1353125
9,34,44,CulturaX,920.40625,1,91,True,27.07077205882353
25,115,158,CulturaX,3069.03125,4,220,False,26.687228260869563
7,40,60,CulturaX,961.640625,2,134,False,24.041015625
14,64,89,CulturaX,1683.15625,2,134,False,26.29931640625
16,73,102,CulturaX,1798.84375,2,134,False,24.64169520547945
15,65,89,CulturaX,1721.1875,2,134,False,26.47980769230769
10,42,60,CulturaX,1181.0625,2,134,False,28.120535714285715
12,51,72,CulturaX,1337.6875,2,134,False,26.229166666666668
8,32,47,CulturaX,896.671875,1,91,True,28.02099609375
19,97,126,CulturaX,2459.84375,3,177,False,25.359213917525775
7,22,32,CulturaX,605.359375,1,91,True,27.516335227272727
15,74,106,CulturaX,1949.5,3,177,False,26.344594594594593
15,62,92,CulturaX,1649.0625,2,134,False,26.597782258064516
15,61,87,CulturaX,1593.75,2,134,False,26.12704918032787
18,83,119,CulturaX,2164.890625,3,177,False,26.08301957831325
26,108,150,CulturaX,2909.609375,4,220,False,26.940827546296298
12,50,75,CulturaX,1347.078125,2,134,False,26.9415625
47,240,356,CulturaX,6484.96875,8,392,False,27.020703125
8,37,53,CulturaX,946.515625,1,91,True,25.58150337837838
20,101,137,CulturaX,2774.734375,3,177,False,27.472617574257427
12,40,59,CulturaX,1157.71875,2,134,False,28.94296875
9,38,58,CulturaX,1022.1875,2,134,False,26.89967105263158
14,63,82,CulturaX,1625.8125,2,134,False,25.80654761904762
8,33,44,CulturaX,903.109375,1,91,True,27.366950757575758
8,39,56,CulturaX,1030.921875,2,134,False,26.43389423076923
32,137,199,CulturaX,3635.359375,5,263,False,26.53546989051095
9,34,48,CulturaX,894.875,1,91,True,26.31985294117647
15,73,108,CulturaX,2034.71875,3,177,False,27.872859589041095
40,190,282,CulturaX,4938.21875,6,306,False,25.990625
14,57,76,CulturaX,1440.953125,2,134,False,25.27987938596491
43,204,295,CulturaX,5233.625,6,306,False,25.655024509803923
40,179,251,CulturaX,4663.109375,6,306,False,26.05089036312849
13,52,71,CulturaX,1371.546875,2,134,False,26.375901442307693
31,142,196,CulturaX,3748.03125,4,220,False,26.394586267605632
31,146,198,CulturaX,3881.890625,5,263,False,26.588291952054796
28,118,156,CulturaX,3110.65625,4,220,False,26.361493644067796
13,53,79,CulturaX,1427.84375,2,134,False,26.940448113207548
26,107,144,CulturaX,2848.15625,4,220,False,26.618282710280372
8,35,45,CulturaX,932.515625,1,91,True,26.64330357142857
8,36,53,CulturaX,1038.8125,2,134,False,28.85590277777778
11,42,60,CulturaX,1138.84375,2,134,False,27.11532738095238
11,51,73,CulturaX,1419.71875,2,134,False,27.837622549019606
26,114,166,CulturaX,3003.6875,4,220,False,26.34813596491228
11,40,57,CulturaX,1142.890625,2,134,False,28.572265625
34,158,205,CulturaX,3823.921875,5,263,False,24.202037183544302
14,57,86,CulturaX,1632.421875,2,134,False,28.638980263157894
10,42,66,CulturaX,1348.390625,2,134,False,32.10453869047619
29,131,192,CulturaX,3520.0625,4,220,False,26.87070610687023
23,97,139,CulturaX,2601.453125,3,177,False,26.8191043814433
7,28,36,CulturaX,765.765625,1,91,True,27.348772321428573
7,25,40,CulturaX,654.3125,1,91,True,26.1725
27,117,158,CulturaX,3015.34375,4,220,False,25.772168803418804
31,125,177,CulturaX,3307.03125,4,220,False,26.45625
10,40,54,CulturaX,987.796875,2,134,False,24.694921875
12,51,67,CulturaX,1465.515625,2,134,False,28.735600490196077
77,324,440,CulturaX,8004.890625,9,435,False,24.706452546296298
11,51,77,CulturaX,1339.015625,2,134,False,26.255208333333332
11,61,84,CulturaX,1640.0625,2,134,False,26.88627049180328
37,169,247,CulturaX,4718.21875,6,306,False,27.918454142011836
9,44,68,CulturaX,1094.625,2,134,False,24.87784090909091
7,31,36,CulturaX,624.953125,1,91,True,20.159778225806452
14,61,84,CulturaX,1581.796875,2,134,False,25.93109631147541
30,129,176,CulturaX,3294.5,4,220,False,25.53875968992248
8,44,69,CulturaX,1143.53125,2,134,False,25.98934659090909
18,77,106,CulturaX,2012.703125,3,177,False,26.139001623376622
8,43,69,CulturaX,1157.734375,2,134,False,26.92405523255814
19,87,124,CulturaX,2201.1875,3,177,False,25.301005747126435
17,72,97,CulturaX,1914.1875,3,177,False,26.5859375
17,70,98,CulturaX,1935.421875,3,177,False,27.64888392857143
29,137,193,CulturaX,3648.28125,4,220,False,26.629790145985403
7,34,48,CulturaX,885.71875,1,91,True,26.050551470588236
23,99,143,CulturaX,2630.25,3,177,False,26.568181818181817
7,30,42,CulturaX,824.34375,1,91,True,27.478125
12,51,72,CulturaX,1269.65625,2,134,False,24.895220588235293
22,95,132,CulturaX,2477.9375,3,177,False,26.083552631578947
10,46,65,CulturaX,1201.59375,2,134,False,26.121603260869566
10,45,62,CulturaX,1100.03125,2,134,False,24.445138888888888
10,43,61,CulturaX,1166.390625,2,134,False,27.125363372093023
8,39,54,CulturaX,1082.0625,2,134,False,27.745192307692307
11,47,66,CulturaX,1239.21875,2,134,False,26.366356382978722
45,190,290,CulturaX,4862.734375,6,306,False,25.593338815789473
55,247,327,CulturaX,6125.90625,7,349,False,24.80123987854251
10,56,76,CulturaX,1368.890625,2,134,False,24.444475446428573
17,80,117,CulturaX,2130.8125,3,177,False,26.63515625
18,77,113,CulturaX,2097.328125,3,177,False,27.2380275974026
9,51,78,CulturaX,1184.328125,2,134,False,23.222120098039216
19,79,118,CulturaX,2297.03125,3,177,False,29.07634493670886
29,121,178,CulturaX,3111.359375,4,220,False,25.713713842975206
8,28,41,CulturaX,807.9375,1,91,True,28.854910714285715
16,69,100,CulturaX,1838.75,2,134,False,26.64855072463768
31,133,195,CulturaX,3710.75,5,263,False,27.900375939849624
35,177,240,CulturaX,4631.71875,5,263,False,26.167902542372882
30,136,199,CulturaX,3739.78125,4,220,False,27.49839154411765
59,273,384,CulturaX,7458.96875,9,435,False,27.322229853479854
15,57,83,CulturaX,1565.9375,2,134,False,27.472587719298247
25,100,140,CulturaX,2678.484375,4,220,False,26.78484375
12,44,58,CulturaX,1195.265625,2,134,False,27.16512784090909
69,336,479,CulturaX,9028.28125,10,478,False,26.869884672619047
15,71,103,CulturaX,1947.296875,3,177,False,27.426716549295776
10,52,80,CulturaX,1435.71875,2,134,False,27.60997596153846
9,42,64,CulturaX,1245.328125,2,134,False,29.650669642857142
21,87,117,CulturaX,2304.28125,3,177,False,26.485991379310345
13,54,74,CulturaX,1336.65625,2,134,False,24.75289351851852
19,86,117,CulturaX,2259.9375,3,177,False,26.278343023255815
14,60,88,CulturaX,1540.203125,2,134,False,25.670052083333335
15,68,97,CulturaX,1814.734375,2,134,False,26.687270220588236
13,60,81,CulturaX,1396.796875,2,134,False,23.279947916666668
7,26,36,CulturaX,706.0625,1,91,True,27.15625
13,50,74,CulturaX,1373.1875,2,134,False,27.46375
33,158,225,CulturaX,4342.25,5,263,False,27.48259493670886
11,45,59,CulturaX,1146.546875,2,134,False,25.478819444444444
12,54,79,CulturaX,1516.0625,2,134,False,28.07523148148148
21,90,122,CulturaX,2388.703125,3,177,False,26.541145833333335
15,55,77,CulturaX,1527.984375,2,134,False,27.78153409090909
14,66,90,CulturaX,1752.96875,3,177,False,26.560132575757574
16,75,108,CulturaX,2075.984375,3,177,False,27.679791666666667
14,60,81,CulturaX,1589.921875,2,134,False,26.498697916666668
14,75,110,CulturaX,2037.34375,3,177,False,27.164583333333333
17,71,99,CulturaX,1819.671875,2,134,False,25.629181338028168
13,52,73,CulturaX,1388.96875,2,134,False,26.7109375
12,53,73,CulturaX,1515.046875,2,134,False,28.58579009433962
20,80,97,CulturaX,2032.59375,3,177,False,25.407421875
7,29,44,CulturaX,922.71875,1,91,True,31.817887931034484
16,80,115,CulturaX,2140.0625,3,177,False,26.75078125
19,95,141,CulturaX,2646.5,3,177,False,27.857894736842105
134,575,816,CulturaX,15323.265625,17,779,False,26.649157608695653
26,108,148,CulturaX,2779.890625,3,177,False,25.73972800925926
19,85,120,CulturaX,2293.125,3,177,False,26.977941176470587
68,375,550,CulturaX,9917.0,11,521,False,26.445333333333334
28,128,177,CulturaX,3316.71875,4,220,False,25.911865234375
17,78,118,CulturaX,2200.265625,3,177,False,28.208533653846153
15,73,106,CulturaX,2066.703125,3,177,False,28.311001712328768
12,57,83,CulturaX,1475.15625,2,134,False,25.879934210526315
15,64,86,CulturaX,1667.953125,2,134,False,26.061767578125
54,252,350,CulturaX,6568.09375,8,392,False,26.06386408730159
8,38,52,CulturaX,946.578125,1,91,True,24.909950657894736
15,63,92,CulturaX,1603.0,2,134,False,25.444444444444443
16,69,100,CulturaX,1979.578125,3,177,False,28.68953804347826
8,28,35,CulturaX,711.640625,1,91,True,25.415736607142858
20,84,123,CulturaX,2194.9375,3,177,False,26.130208333333332
11,44,63,CulturaX,1257.984375,2,134,False,28.590553977272727
8,35,49,CulturaX,982.375,2,134,False,28.067857142857143
17,79,109,CulturaX,2099.53125,3,177,False,26.57634493670886
23,115,165,CulturaX,2789.125,4,220,False,24.253260869565217
28,124,175,CulturaX,3257.453125,4,220,False,26.269783266129032
11,69,79,CulturaX,1474.5625,2,134,False,21.370471014492754
9,31,41,CulturaX,784.078125,1,91,True,25.292842741935484
20,83,125,CulturaX,2456.640625,3,177,False,29.598079819277107
10,36,54,CulturaX,1010.40625,2,134,False,28.06684027777778
10,39,55,CulturaX,1035.8125,2,134,False,26.559294871794872
20,89,127,CulturaX,2417.859375,3,177,False,27.16695926966292
27,141,211,CulturaX,3808.328125,5,263,False,27.009419326241133
10,35,46,CulturaX,891.015625,1,91,True,25.457589285714285
30,146,213,CulturaX,3896.6875,5,263,False,26.689640410958905
8,31,44,CulturaX,852.65625,1,91,True,27.505040322580644
9,41,55,CulturaX,1087.28125,2,134,False,26.51905487804878
7,27,36,CulturaX,703.84375,1,91,True,26.068287037037038
7,27,39,CulturaX,756.59375,1,91,True,28.02199074074074
16,96,142,CulturaX,2673.703125,3,177,False,27.85107421875
12,51,75,CulturaX,1408.65625,2,134,False,27.620710784313726
9,40,61,CulturaX,1095.015625,2,134,False,27.375390625
29,122,164,CulturaX,3225.5,4,220,False,26.438524590163933
49,239,351,CulturaX,6413.65625,7,349,False,26.83538179916318
16,76,112,CulturaX,2193.59375,3,177,False,28.863075657894736
7,36,51,CulturaX,941.5625,1,91,True,26.15451388888889
12,53,66,CulturaX,1255.765625,2,134,False,23.69369103773585
29,129,181,CulturaX,3474.5625,4,220,False,26.934593023255815
18,71,97,CulturaX,1850.46875,2,134,False,26.062940140845072
9,42,64,CulturaX,1162.09375,2,134,False,27.66889880952381
26,136,196,CulturaX,3453.953125,4,220,False,25.396714154411764
19,73,104,CulturaX,2072.96875,3,177,False,28.39683219178082
7,37,56,CulturaX,968.96875,2,134,False,26.188344594594593
10,48,63,CulturaX,1225.90625,2,134,False,25.539713541666668
30,147,202,CulturaX,3882.3125,5,263,False,26.410289115646258
14,58,88,CulturaX,1590.421875,2,134,False,27.42106681034483
7,37,52,CulturaX,1033.015625,2,134,False,27.919341216216218
10,42,60,CulturaX,1059.328125,2,134,False,25.222098214285715
26,114,164,CulturaX,3094.359375,4,220,False,27.143503289473685
8,42,66,CulturaX,1299.171875,2,134,False,30.93266369047619
13,60,79,CulturaX,1612.296875,2,134,False,26.871614583333333
11,45,54,CulturaX,1046.125,2,134,False,23.247222222222224
19,77,111,CulturaX,2082.75,3,177,False,27.0487012987013
9,41,57,CulturaX,1110.3125,2,134,False,27.08079268292683
12,51,68,CulturaX,1361.59375,2,134,False,26.697916666666668
16,69,93,CulturaX,1815.5625,2,134,False,26.3125
9,38,48,CulturaX,992.109375,2,134,False,26.10814144736842
7,29,44,CulturaX,714.109375,1,91,True,24.62446120689655
19,73,94,CulturaX,1878.265625,2,134,False,25.729666095890412
16,63,84,CulturaX,1654.03125,2,134,False,26.254464285714285
8,33,47,CulturaX,865.421875,1,91,True,26.224905303030305
28,115,164,CulturaX,3136.109375,4,220,False,27.270516304347826
17,80,112,CulturaX,2154.140625,3,177,False,26.9267578125
12,55,83,CulturaX,1428.265625,2,134,False,25.96846590909091
36,173,241,CulturaX,4582.25,6,306,False,26.48699421965318
31,147,204,CulturaX,3836.515625,5,263,False,26.09874574829932
8,38,55,CulturaX,1057.5,2,134,False,27.82894736842105
9,37,52,CulturaX,957.875,1,91,True,25.888513513513512
23,101,140,CulturaX,2711.96875,3,177,False,26.851175742574256
28,129,177,CulturaX,3425.40625,4,220,False,26.553536821705425
18,73,100,CulturaX,1935.0625,3,177,False,26.507705479452056
7,29,39,CulturaX,761.71875,1,91,True,26.26616379310345
17,78,99,CulturaX,2006.0625,3,177,False,25.71875
21,94,130,CulturaX,2398.09375,3,177,False,25.51163563829787
18,97,135,CulturaX,2693.9375,4,220,False,27.772551546391753
22,105,151,CulturaX,2752.953125,4,220,False,26.21860119047619
51,203,276,CulturaX,5309.734375,6,306,False,26.15632697044335
14,55,78,CulturaX,1358.453125,2,134,False,24.699147727272727
44,205,291,CulturaX,5470.171875,7,349,False,26.68376524390244
16,75,113,CulturaX,2197.71875,3,177,False,29.30291666666667
39,166,213,CulturaX,4234.15625,5,263,False,25.506965361445783
17,77,109,CulturaX,2129.40625,3,177,False,27.654626623376622
15,64,91,CulturaX,1712.765625,2,134,False,26.761962890625
38,168,225,CulturaX,4207.46875,5,263,False,25.044456845238095
7,35,51,CulturaX,962.4375,2,134,False,27.498214285714287
12,62,80,CulturaX,1505.609375,2,134,False,24.284022177419356
17,81,114,CulturaX,2188.171875,3,177,False,27.01446759259259
10,48,69,CulturaX,1192.0,2,134,False,24.833333333333332
12,58,77,CulturaX,1507.875,2,134,False,25.997844827586206
14,67,97,CulturaX,1850.390625,2,134,False,27.61777052238806
12,47,69,CulturaX,1193.484375,2,134,False,25.393284574468087
18,78,111,CulturaX,2133.390625,3,177,False,27.351161858974358
23,96,138,CulturaX,2565.421875,3,177,False,26.72314453125
59,294,402,CulturaX,7292.875,8,392,False,24.805697278911566
27,132,182,CulturaX,3625.0,4,220,False,27.46212121212121
8,42,58,CulturaX,1194.203125,2,134,False,28.433407738095237
22,117,167,CulturaX,2889.640625,4,220,False,24.69778311965812
23,99,140,CulturaX,2587.65625,3,177,False,26.13794191919192
9,40,59,CulturaX,1075.296875,2,134,False,26.882421875
36,168,242,CulturaX,4314.453125,5,263,False,25.681268601190474
8,37,44,CulturaX,892.234375,1,91,True,24.11444256756757
66,271,384,CulturaX,7358.171875,9,435,False,27.15192573800738
11,46,64,CulturaX,1075.703125,2,134,False,23.38485054347826
15,63,90,CulturaX,1638.484375,2,134,False,26.00768849206349
55,259,363,CulturaX,6518.703125,8,392,False,25.168737934362934
31,149,208,CulturaX,4104.265625,5,263,False,27.54540687919463
35,158,218,CulturaX,4370.6875,5,263,False,27.66257911392405
7,31,41,CulturaX,787.421875,1,91,True,25.400705645161292
9,35,48,CulturaX,1027.078125,2,134,False,29.345089285714284
15,78,99,CulturaX,1858.421875,2,134,False,23.825921474358974
33,135,183,CulturaX,3379.40625,4,220,False,25.03263888888889
12,62,92,CulturaX,1749.578125,2,134,False,28.219002016129032
7,30,46,CulturaX,875.4375,1,91,True,29.18125
7,32,47,CulturaX,960.234375,2,134,False,30.00732421875
35,169,239,CulturaX,4576.921875,5,263,False,27.082377958579883
14,55,79,CulturaX,1400.03125,2,134,False,25.455113636363638
19,92,137,CulturaX,2484.46875,3,177,False,27.005095108695652
7,25,37,CulturaX,654.65625,1,91,True,26.18625
17,79,113,CulturaX,2071.96875,3,177,False,26.227452531645568
9,40,57,CulturaX,1034.015625,2,134,False,25.850390625
26,114,132,CulturaX,2585.671875,3,177,False,22.681332236842106
10,38,55,CulturaX,987.484375,2,134,False,25.98643092105263
11,56,84,CulturaX,1637.40625,2,134,False,29.239397321428573
29,134,186,CulturaX,3634.25,4,220,False,27.121268656716417
23,97,127,CulturaX,2596.796875,3,177,False,26.77110180412371
10,40,54,CulturaX,1093.3125,2,134,False,27.3328125
12,51,70,CulturaX,1393.765625,2,134,False,27.32873774509804
81,409,584,CulturaX,10921.765625,12,564,False,26.703583435207825
35,155,220,CulturaX,4156.8125,5,263,False,26.81814516129032
38,151,210,CulturaX,4072.390625,5,263,False,26.969474337748345
9,41,56,CulturaX,1067.765625,2,134,False,26.043064024390244
13,52,71,CulturaX,1376.71875,2,134,False,26.475360576923077
8,39,53,CulturaX,1015.015625,2,134,False,26.026041666666668
8,37,52,CulturaX,1082.0,2,134,False,29.243243243243242
7,41,55,CulturaX,1060.328125,2,134,False,25.861661585365855
19,78,108,CulturaX,2116.078125,3,177,False,27.12920673076923
18,84,109,CulturaX,2375.9375,3,177,False,28.284970238095237
13,52,69,CulturaX,1345.09375,2,134,False,25.8671875
38,163,232,CulturaX,4358.453125,5,263,False,26.738976226993866
17,89,116,CulturaX,1994.0625,3,177,False,22.40519662921348
17,73,100,CulturaX,1949.140625,3,177,False,26.700556506849313
11,45,59,CulturaX,1207.203125,2,134,False,26.82673611111111
12,44,62,CulturaX,1191.046875,2,134,False,27.06924715909091
14,61,84,CulturaX,1479.609375,2,134,False,24.255891393442624
49,226,322,CulturaX,6028.75,7,349,False,26.675884955752213
9,49,72,CulturaX,1278.765625,2,134,False,26.097257653061224
10,37,44,CulturaX,828.265625,1,91,True,22.38555743243243
44,186,276,CulturaX,5187.109375,6,306,False,27.887684811827956
24,98,124,CulturaX,2490.875,3,177,False,25.417091836734695
15,64,97,CulturaX,1794.953125,2,134,False,28.046142578125
27,125,183,CulturaX,3509.28125,4,220,False,28.07425
19,101,145,CulturaX,2807.109375,4,220,False,27.793162128712872
7,28,37,CulturaX,738.28125,1,91,True,26.3671875
13,63,93,CulturaX,1828.171875,3,177,False,29.01860119047619
24,126,179,CulturaX,3094.921875,4,220,False,24.562872023809526
8,39,58,CulturaX,1075.34375,2,134,False,27.572916666666668
11,43,58,CulturaX,1172.734375,2,134,False,27.272892441860463
20,81,115,CulturaX,2046.71875,3,177,False,25.268132716049383
11,40,58,CulturaX,1106.59375,2,134,False,27.66484375
40,175,250,CulturaX,4722.046875,6,306,False,26.983125
16,71,99,CulturaX,1836.140625,2,134,False,25.86113556338028
36,161,218,CulturaX,4219.796875,5,263,False,26.20991847826087
16,70,98,CulturaX,1957.109375,3,177,False,27.958705357142858
9,37,51,CulturaX,910.1875,1,91,True,24.59966216216216
20,89,114,CulturaX,2248.015625,3,177,False,25.258602528089888
27,122,160,CulturaX,3222.640625,4,220,False,26.415087090163933
15,66,91,CulturaX,1728.78125,2,134,False,26.193655303030305
13,61,88,CulturaX,1717.0625,2,134,False,28.14856557377049
25,118,164,CulturaX,3142.09375,4,220,False,26.62791313559322
17,82,117,CulturaX,2204.734375,3,177,False,26.88700457317073
17,81,111,CulturaX,2139.859375,3,177,False,26.418016975308642
9,41,57,CulturaX,1129.84375,2,134,False,27.557164634146343
15,59,84,CulturaX,1433.890625,2,134,False,24.30323093220339
17,66,97,CulturaX,1835.453125,2,134,False,27.809895833333332
12,67,99,CulturaX,1841.28125,2,134,False,27.481809701492537
14,60,77,CulturaX,1572.265625,2,134,False,26.204427083333332
10,41,59,CulturaX,1100.984375,2,134,False,26.85327743902439
11,69,82,CulturaX,1649.09375,2,134,False,23.899909420289855
12,42,59,CulturaX,1043.046875,2,134,False,24.834449404761905
13,61,89,CulturaX,1640.078125,2,134,False,26.88652663934426
15,60,81,CulturaX,1629.390625,2,134,False,27.156510416666666
11,61,83,CulturaX,1637.6875,2,134,False,26.84733606557377
21,115,163,CulturaX,3221.71875,4,220,False,28.014945652173914
34,183,263,CulturaX,5004.640625,6,306,False,27.347762978142075
100,518,743,CulturaX,14339.96875,17,779,False,27.683337355212355
17,81,113,CulturaX,2205.875,3,177,False,27.233024691358025
13,58,85,CulturaX,1594.75,2,134,False,27.495689655172413
7,30,42,CulturaX,816.703125,1,91,True,27.2234375
9,35,49,CulturaX,887.703125,1,91,True,25.36294642857143
15,73,108,CulturaX,1953.25,3,177,False,26.756849315068493
16,81,119,CulturaX,2249.390625,3,177,False,27.77025462962963
59,285,381,CulturaX,6945.671875,8,392,False,24.37077850877193
15,53,76,CulturaX,1406.71875,2,134,False,26.54186320754717
15,59,85,CulturaX,1636.109375,2,134,False,27.730667372881356
26,140,193,CulturaX,3644.375,5,263,False,26.03125
7,24,32,CulturaX,592.984375,1,91,True,24.707682291666668
13,45,65,CulturaX,1248.5,2,134,False,27.744444444444444
20,86,114,CulturaX,2285.046875,3,177,False,26.5703125
8,37,53,CulturaX,927.640625,1,91,True,25.071368243243242
27,109,145,CulturaX,2791.90625,4,220,False,25.61381880733945
20,101,139,CulturaX,2775.3125,4,220,False,27.478341584158414
14,61,86,CulturaX,1780.921875,2,134,False,29.19544057377049
8,39,56,CulturaX,1074.484375,2,134,False,27.55088141025641
10,44,57,CulturaX,1075.890625,2,134,False,24.45205965909091
12,50,73,CulturaX,1303.65625,2,134,False,26.073125
9,41,61,CulturaX,1036.734375,2,134,False,25.286204268292682
13,62,91,CulturaX,1657.625,2,134,False,26.735887096774192
18,65,90,CulturaX,1737.15625,2,134,False,26.72548076923077
14,74,106,CulturaX,1926.078125,3,177,False,26.02808277027027
28,125,180,CulturaX,3434.6875,4,220,False,27.4775
11,58,84,CulturaX,1555.765625,2,134,False,26.82354525862069
7,25,34,CulturaX,652.546875,1,91,True,26.101875
16,75,101,CulturaX,1901.515625,3,177,False,25.35354166666667
12,59,81,CulturaX,1600.59375,2,134,False,27.128707627118644
10,42,60,CulturaX,1111.40625,2,134,False,26.462053571428573
31,147,218,CulturaX,3881.21875,5,263,False,26.402848639455783
12,63,83,CulturaX,1668.421875,2,134,False,26.482886904761905
8,38,55,CulturaX,975.6875,2,134,False,25.675986842105264
9,38,51,CulturaX,962.25,2,134,False,25.32236842105263
14,61,76,CulturaX,1524.453125,2,134,False,24.991034836065573
11,48,70,CulturaX,1294.1875,2,134,False,26.962239583333332
10,42,60,CulturaX,1102.171875,2,134,False,26.2421875
11,52,76,CulturaX,1368.4375,2,134,False,26.31610576923077
18,77,100,CulturaX,2006.125,3,177,False,26.053571428571427
66,314,458,CulturaX,8917.359375,10,478,False,28.39923367834395
9,43,62,CulturaX,1232.71875,2,134,False,28.667877906976745
14,54,86,CulturaX,1564.546875,2,134,False,28.97309027777778
13,41,61,CulturaX,1102.109375,2,134,False,26.880716463414632
13,56,76,CulturaX,1432.09375,2,134,False,25.573102678571427
8,35,45,CulturaX,930.78125,1,91,True,26.59375
20,96,142,CulturaX,2442.4375,3,177,False,25.442057291666668
18,80,114,CulturaX,2166.6875,3,177,False,27.08359375
45,185,258,CulturaX,4961.0625,6,306,False,26.816554054054055
14,67,100,CulturaX,1756.90625,2,134,False,26.222481343283583
61,310,438,CulturaX,8433.625,10,478,False,27.205241935483873
30,115,150,CulturaX,3026.328125,4,220,False,26.315896739130434
7,30,41,CulturaX,793.921875,1,91,True,26.4640625
23,119,174,CulturaX,3116.765625,4,220,False,26.191307773109244
25,102,128,CulturaX,2546.015625,3,177,False,24.9609375
9,48,61,CulturaX,1167.421875,2,134,False,24.3212890625
9,36,52,CulturaX,931.171875,1,91,True,25.865885416666668
16,83,107,CulturaX,1777.078125,2,134,False,21.410579819277107
18,75,102,CulturaX,1794.578125,2,134,False,23.92770833333333
9,36,50,CulturaX,909.078125,1,91,True,25.25217013888889
29,143,204,CulturaX,3758.0625,5,263,False,26.280157342657343
8,34,46,CulturaX,832.71875,1,91,True,24.49172794117647
23,113,163,CulturaX,3072.28125,4,220,False,27.1883296460177
14,57,78,CulturaX,1509.09375,2,134,False,26.47532894736842
33,155,222,CulturaX,4230.453125,5,263,False,27.293245967741935
13,52,73,CulturaX,1394.046875,2,134,False,26.80859375
40,166,235,CulturaX,4379.578125,5,263,False,26.38300075301205
21,108,154,CulturaX,2885.765625,4,220,False,26.720052083333332
25,121,176,CulturaX,3045.234375,4,220,False,25.16722623966942
13,58,81,CulturaX,1569.515625,2,134,False,27.060614224137932
69,322,473,CulturaX,8419.953125,10,478,False,26.148922748447205
20,92,138,CulturaX,2519.421875,3,177,False,27.38502038043478
11,54,76,CulturaX,1480.328125,2,134,False,27.413483796296298
19,86,114,CulturaX,2283.578125,3,177,False,26.553234011627907
8,24,33,CulturaX,658.171875,1,91,True,27.423828125
8,29,42,CulturaX,847.734375,1,91,True,29.232219827586206
18,69,90,CulturaX,1853.421875,2,134,False,26.8611865942029
26,105,141,CulturaX,2769.9375,3,177,False,26.380357142857143
19,74,100,CulturaX,1883.90625,2,134,False,25.45819256756757
26,127,182,CulturaX,3494.71875,4,220,False,27.517470472440944
18,76,110,CulturaX,1923.0625,3,177,False,25.30345394736842
9,43,64,CulturaX,1159.21875,2,134,False,26.958575581395348
7,29,38,CulturaX,742.03125,1,91,True,25.58728448275862
8,34,47,CulturaX,864.84375,1,91,True,25.436580882352942
32,134,188,CulturaX,3535.4375,4,220,False,26.38386194029851
44,183,258,CulturaX,4650.296875,6,306,False,25.411458333333332
11,47,68,CulturaX,1251.65625,2,134,False,26.63098404255319
12,50,62,CulturaX,1275.015625,2,134,False,25.5003125
9,40,57,CulturaX,1071.765625,2,134,False,26.794140625
22,95,141,CulturaX,2558.265625,3,177,False,26.929111842105264
32,137,195,CulturaX,3776.46875,5,263,False,27.565465328467152
20,102,151,CulturaX,2676.03125,3,177,False,26.235600490196077
12,48,66,CulturaX,1249.296875,2,134,False,26.027018229166668
50,231,308,CulturaX,6034.125,7,349,False,26.121753246753247
11,47,65,CulturaX,1232.21875,2,134,False,26.21742021276596
13,72,103,CulturaX,1933.59375,3,177,False,26.85546875
25,127,185,CulturaX,3340.015625,4,220,False,26.29933562992126
7,33,48,CulturaX,917.9375,1,91,True,27.81628787878788
9,42,63,CulturaX,1272.875,2,134,False,30.30654761904762
9,35,47,CulturaX,926.78125,1,91,True,26.479464285714286
7,28,40,CulturaX,767.703125,1,91,True,27.41796875
8,30,44,CulturaX,830.828125,1,91,True,27.694270833333334
16,82,115,CulturaX,2241.953125,3,177,False,27.340891768292682
22,98,140,CulturaX,2687.6875,4,220,False,27.425382653061224
39,196,284,CulturaX,5198.875,6,306,False,26.524872448979593
28,141,203,CulturaX,3903.625,5,263,False,27.68528368794326
33,152,204,CulturaX,4031.96875,5,263,False,26.52611019736842
14,52,69,CulturaX,1354.171875,2,134,False,26.041766826923077
11,57,85,CulturaX,1579.5,2,134,False,27.710526315789473
9,44,60,CulturaX,1092.234375,2,134,False,24.823508522727273
7,27,34,CulturaX,695.265625,1,91,True,25.750578703703702
19,93,133,CulturaX,2600.875,3,177,False,27.966397849462364
11,50,72,CulturaX,1408.6875,2,134,False,28.17375
64,283,401,CulturaX,7952.03125,9,435,False,28.09905035335689
8,31,45,CulturaX,865.390625,1,91,True,27.915826612903224
14,67,92,CulturaX,1835.65625,2,134,False,27.39785447761194
16,66,95,CulturaX,1717.609375,2,134,False,26.02438446969697
22,103,148,CulturaX,2855.546875,4,220,False,27.723756067961165
21,87,124,CulturaX,2277.453125,3,177,False,26.17762212643678
28,127,179,CulturaX,3204.390625,4,220,False,25.23142224409449
9,40,51,CulturaX,913.4375,1,91,True,22.8359375
9,43,61,CulturaX,1170.65625,2,134,False,27.22456395348837
24,97,135,CulturaX,2587.484375,3,177,False,26.675096649484537
6,26,33,CulturaX,649.5,1,91,True,24.98076923076923
10,53,80,CulturaX,1543.046875,2,134,False,29.114091981132077
13,56,77,CulturaX,1599.796875,2,134,False,28.567801339285715
10,34,45,CulturaX,896.3125,1,91,True,26.362132352941178
10,36,51,CulturaX,946.828125,1,91,True,26.30078125
12,51,72,CulturaX,1343.0625,2,134,False,26.334558823529413
16,67,95,CulturaX,1614.578125,2,134,False,24.098180970149254
9,50,73,CulturaX,1433.5,2,134,False,28.67
8,33,45,CulturaX,828.796875,1,91,True,25.115056818181817
11,45,66,CulturaX,1239.59375,2,134,False,27.54652777777778
33,158,223,CulturaX,4138.46875,5,263,False,26.19284018987342
10,37,53,CulturaX,1019.375,2,134,False,27.550675675675677
11,48,66,CulturaX,1287.609375,2,134,False,26.8251953125
7,29,43,CulturaX,791.390625,1,91,True,27.289331896551722
7,27,41,CulturaX,688.1875,1,91,True,25.488425925925927
13,60,76,CulturaX,1516.0,2,134,False,25.266666666666666
9,31,41,CulturaX,856.75,1,91,True,27.637096774193548
14,62,93,CulturaX,1687.046875,2,134,False,27.210433467741936
7,32,48,CulturaX,872.578125,1,91,True,27.26806640625
27,138,194,CulturaX,3869.6875,5,263,False,28.04121376811594
9,33,47,CulturaX,803.140625,1,91,True,24.337594696969695
20,97,141,CulturaX,2623.578125,3,177,False,27.047197164948454
9,49,69,CulturaX,1336.28125,2,134,False,27.271045918367346
10,39,58,CulturaX,1012.140625,2,134,False,25.95232371794872
26,112,159,CulturaX,2991.84375,4,220,False,26.712890625
14,69,107,CulturaX,1841.8125,3,177,False,26.692934782608695
8,31,44,CulturaX,894.921875,1,91,True,28.86844758064516
7,28,32,CulturaX,662.453125,1,91,True,23.659040178571427
24,109,142,CulturaX,2921.890625,4,220,False,26.806336009174313
39,199,279,CulturaX,5407.296875,6,306,False,27.172346105527637
9,38,53,CulturaX,1090.546875,2,134,False,28.69860197368421
10,47,67,CulturaX,1311.0,2,134,False,27.893617021276597
19,85,122,CulturaX,2236.296875,3,177,False,26.309375
8,26,33,CulturaX,606.453125,1,91,True,23.325120192307693
24,112,166,CulturaX,2758.375,4,220,False,24.628348214285715
20,90,121,CulturaX,2250.59375,3,177,False,25.006597222222222
15,75,104,CulturaX,2037.109375,3,177,False,27.161458333333332
15,76,110,CulturaX,1973.125,3,177,False,25.96217105263158
7,32,48,CulturaX,868.46875,1,91,True,27.1396484375
9,53,79,CulturaX,1434.375,2,134,False,27.06367924528302
21,94,135,CulturaX,2546.140625,3,177,False,27.08660239361702
15,60,73,CulturaX,1463.40625,2,134,False,24.390104166666667
69,331,472,CulturaX,8488.78125,10,478,False,25.64586480362538
21,95,137,CulturaX,2603.28125,3,177,False,27.40296052631579
8,31,43,CulturaX,798.65625,1,91,True,25.763104838709676
10,51,67,CulturaX,1338.65625,2,134,False,26.248161764705884
12,56,84,CulturaX,1419.875,2,134,False,25.354910714285715
21,85,120,CulturaX,2263.3125,3,177,False,26.627205882352943
33,178,267,CulturaX,4697.125,6,306,False,26.388342696629213
19,89,125,CulturaX,2242.015625,3,177,False,25.19118679775281
13,58,77,CulturaX,1524.96875,2,134,False,26.292564655172413
8,30,39,CulturaX,861.890625,1,91,True,28.7296875
9,38,51,CulturaX,1029.21875,2,134,False,27.08470394736842
22,100,137,CulturaX,2655.0625,3,177,False,26.550625
16,61,90,CulturaX,1648.6875,2,134,False,27.02766393442623
14,74,100,CulturaX,1887.1875,3,177,False,25.502533783783782
8,33,47,CulturaX,853.5625,1,91,True,25.865530303030305
15,63,85,CulturaX,1564.046875,2,134,False,24.826140873015873
45,236,344,CulturaX,6420.09375,8,392,False,27.203787076271187
14,57,80,CulturaX,1503.75,2,134,False,26.38157894736842
22,100,145,CulturaX,2735.5,4,220,False,27.355
15,71,106,CulturaX,2048.921875,3,177,False,28.858054577464788
7,31,40,CulturaX,782.046875,1,91,True,25.227318548387096
9,51,64,CulturaX,1207.609375,2,134,False,23.678615196078432
12,54,77,CulturaX,1413.953125,2,134,False,26.18431712962963
30,146,213,CulturaX,3868.25,5,263,False,26.49486301369863
20,87,127,CulturaX,2405.28125,3,177,False,27.64691091954023
12,54,73,CulturaX,1475.46875,2,134,False,27.32349537037037
29,117,170,CulturaX,3009.53125,4,220,False,25.722489316239315
35,185,257,CulturaX,4954.875,6,306,False,26.78310810810811
33,157,241,CulturaX,4313.109375,5,263,False,27.47203423566879
37,198,280,CulturaX,5183.75,6,306,False,26.180555555555557
7,28,40,CulturaX,792.421875,1,91,True,28.30078125
19,79,117,CulturaX,2082.8125,3,177,False,26.36471518987342
14,53,76,CulturaX,1362.625,2,134,False,25.70990566037736
12,43,63,CulturaX,1183.5625,2,134,False,27.524709302325583
13,60,93,CulturaX,1686.0625,2,134,False,28.101041666666667
19,82,112,CulturaX,2264.046875,3,177,False,27.610327743902438
13,63,84,CulturaX,1550.984375,2,134,False,24.618799603174605
7,38,41,CulturaX,771.140625,1,91,True,20.293174342105264
59,246,354,CulturaX,6473.90625,8,392,False,26.31669207317073
23,101,143,CulturaX,2522.875,3,177,False,24.978960396039604
13,52,68,CulturaX,1369.46875,2,134,False,26.3359375
32,145,209,CulturaX,4044.03125,5,263,False,27.889870689655172
11,55,79,CulturaX,1617.28125,2,134,False,29.405113636363637
10,33,46,CulturaX,930.640625,1,91,True,28.201231060606062
11,52,73,CulturaX,1399.875,2,134,False,26.920673076923077
14,59,78,CulturaX,1534.40625,2,134,False,26.00688559322034
21,96,138,CulturaX,2570.15625,3,177,False,26.7724609375
8,40,62,CulturaX,1072.03125,2,134,False,26.80078125
23,119,169,CulturaX,3135.84375,4,220,False,26.351628151260503
14,55,78,CulturaX,1488.984375,2,134,False,27.072443181818183
9,38,52,CulturaX,973.25,2,134,False,25.611842105263158
15,75,102,CulturaX,1991.390625,3,177,False,26.551875
9,32,46,CulturaX,922.203125,1,91,True,28.81884765625
23,102,154,CulturaX,2897.09375,4,220,False,28.402879901960784
10,40,63,CulturaX,1156.203125,2,134,False,28.905078125
37,152,204,CulturaX,4001.296875,5,263,False,26.32432154605263
10,45,59,CulturaX,1155.5,2,134,False,25.677777777777777
16,76,108,CulturaX,2076.578125,3,177,False,27.32339638157895
40,175,249,CulturaX,4546.828125,5,263,False,25.981875
11,47,65,CulturaX,1198.5,2,134,False,25.5
18,82,118,CulturaX,2285.78125,3,177,False,27.875381097560975
7,26,40,CulturaX,715.265625,1,91,True,27.510216346153847
17,76,103,CulturaX,1980.296875,3,177,False,26.05653782894737
21,85,118,CulturaX,2117.4375,3,177,False,24.911029411764705
25,118,166,CulturaX,3115.828125,4,220,False,26.40532309322034
8,33,44,CulturaX,916.125,1,91,True,27.761363636363637
16,68,95,CulturaX,1787.109375,2,134,False,26.281020220588236
7,30,38,CulturaX,789.53125,1,91,True,26.317708333333332
8,30,38,CulturaX,765.125,1,91,True,25.504166666666666
13,60,86,CulturaX,1621.734375,2,134,False,27.02890625
22,84,128,CulturaX,2129.296875,3,177,False,25.348772321428573
8,43,57,CulturaX,1161.078125,2,134,False,27.001816860465116
21,92,131,CulturaX,2411.265625,3,177,False,26.209408967391305
12,41,58,CulturaX,1190.546875,2,134,False,29.037728658536587
23,85,114,CulturaX,2211.9375,3,177,False,26.02279411764706
9,57,87,CulturaX,1583.09375,2,134,False,27.77357456140351
13,64,88,CulturaX,1660.53125,2,134,False,25.94580078125
7,30,43,CulturaX,802.109375,1,91,True,26.736979166666668
9,35,48,CulturaX,936.640625,1,91,True,26.761160714285715
10,45,61,CulturaX,1130.03125,2,134,False,25.111805555555556
12,45,65,CulturaX,1265.265625,2,134,False,28.117013888888888
62,255,372,CulturaX,6698.40625,8,392,False,26.26825980392157
10,43,62,CulturaX,1113.0,2,134,False,25.88372093023256
15,63,95,CulturaX,1634.640625,2,134,False,25.94667658730159
23,106,146,CulturaX,2808.8125,3,177,False,26.49823113207547
11,55,77,CulturaX,1473.546875,2,134,False,26.791761363636365
15,67,90,CulturaX,1712.859375,2,134,False,25.565065298507463
8,35,48,CulturaX,1006.25,2,134,False,28.75
17,71,93,CulturaX,1740.609375,2,134,False,24.515625
8,41,61,CulturaX,1083.359375,2,134,False,26.4233993902439
36,148,209,CulturaX,4143.375,5,263,False,27.995777027027028
7,31,44,CulturaX,891.53125,1,91,True,28.75907258064516
7,33,45,CulturaX,922.40625,1,91,True,27.951704545454547
15,71,98,CulturaX,1820.515625,2,134,False,25.641065140845072
16,59,82,CulturaX,1339.203125,2,134,False,22.698358050847457
9,38,52,CulturaX,1069.859375,2,134,False,28.15419407894737
8,39,54,CulturaX,979.296875,2,134,False,25.11017628205128
9,38,57,CulturaX,972.828125,2,134,False,25.60074013157895
9,43,65,CulturaX,1135.609375,2,134,False,26.40952034883721
12,63,75,CulturaX,1447.0625,2,134,False,22.96924603174603
7,41,58,CulturaX,1160.15625,2,134,False,28.296493902439025
11,56,81,CulturaX,1560.734375,2,134,False,27.870256696428573
9,34,49,CulturaX,932.828125,1,91,True,27.436121323529413
7,29,41,CulturaX,845.015625,1,91,True,29.138469827586206
23,94,124,CulturaX,2497.46875,3,177,False,26.5688164893617
16,68,85,CulturaX,1789.640625,2,134,False,26.318244485294116
28,119,164,CulturaX,3126.0625,4,220,False,26.269432773109244
32,144,219,CulturaX,3926.421875,5,263,False,27.26681857638889
7,27,40,CulturaX,754.84375,1,91,True,27.957175925925927
13,61,83,CulturaX,1609.1875,2,134,False,26.380122950819672
13,59,86,CulturaX,1612.0,2,134,False,27.322033898305083
8,35,44,CulturaX,944.046875,1,91,True,26.972767857142856
23,112,162,CulturaX,2990.8125,4,220,False,26.703683035714285
8,36,53,CulturaX,981.25,2,134,False,27.256944444444443
37,197,276,CulturaX,4603.296875,6,306,False,23.366989213197968
9,47,70,CulturaX,1351.171875,2,134,False,28.748337765957448
24,103,139,CulturaX,2697.46875,3,177,False,26.18901699029126
7,33,45,CulturaX,887.109375,1,91,True,26.882102272727273
8,38,52,CulturaX,992.171875,2,134,False,26.109786184210527
35,155,218,CulturaX,4246.890625,5,263,False,27.39929435483871
19,81,118,CulturaX,2125.484375,3,177,False,26.240547839506174
12,58,85,CulturaX,1704.34375,2,134,False,29.385237068965516
17,65,89,CulturaX,1728.15625,2,134,False,26.58701923076923
30,150,208,CulturaX,4051.609375,5,263,False,27.010729166666668
7,39,52,CulturaX,978.75,2,134,False,25.096153846153847
10,37,52,CulturaX,1002.40625,2,134,False,27.09206081081081
7,30,44,CulturaX,804.90625,1,91,True,26.830208333333335
21,91,127,CulturaX,2422.9375,3,177,False,26.625686813186814
34,154,214,CulturaX,4031.515625,5,263,False,26.17867288961039
8,34,54,CulturaX,1001.40625,2,134,False,29.453125
10,58,72,CulturaX,1380.96875,2,134,False,23.809806034482758
8,37,51,CulturaX,933.46875,1,91,True,25.228885135135137
17,70,98,CulturaX,1969.21875,3,177,False,28.131696428571427
16,56,79,CulturaX,1620.640625,2,134,False,28.940011160714285
16,72,106,CulturaX,2017.34375,3,177,False,28.018663194444443
12,58,81,CulturaX,1618.453125,2,134,False,27.904364224137932
12,50,71,CulturaX,1312.6875,2,134,False,26.25375
8,31,50,CulturaX,911.28125,1,91,True,29.396169354838708
12,61,93,CulturaX,1655.546875,2,134,False,27.14011270491803
11,48,68,CulturaX,1269.953125,2,134,False,26.457356770833332
15,58,77,CulturaX,1486.046875,2,134,False,25.621497844827587
9,36,50,CulturaX,950.34375,1,91,True,26.3984375
8,32,45,CulturaX,870.3125,1,91,True,27.197265625
14,66,94,CulturaX,1796.46875,2,134,False,27.219223484848484
14,51,70,CulturaX,1354.015625,2,134,False,26.549325980392158
11,50,71,CulturaX,1274.703125,2,134,False,25.4940625
7,32,44,CulturaX,879.828125,1,91,True,27.49462890625
10,97,115,CulturaX,2089.078125,3,177,False,21.53688788659794
22,95,128,CulturaX,2361.734375,3,177,False,24.860361842105263
14,59,90,CulturaX,1588.6875,2,134,False,26.926906779661017
25,117,178,CulturaX,3137.6875,4,220,False,26.81784188034188
15,78,116,CulturaX,1999.59375,3,177,False,25.635817307692307
8,29,43,CulturaX,860.609375,1,91,True,29.676185344827587
9,35,51,CulturaX,1003.453125,2,134,False,28.670089285714287
51,236,334,CulturaX,6581.921875,8,392,False,27.889499470338983
12,54,79,CulturaX,1475.078125,2,134,False,27.316261574074073
10,50,78,CulturaX,1412.71875,2,134,False,28.254375
12,52,73,CulturaX,1476.453125,2,134,False,28.393329326923077
32,153,186,CulturaX,3621.21875,4,220,False,23.66809640522876
8,38,56,CulturaX,1086.921875,2,134,False,28.603207236842106
14,49,67,CulturaX,1365.59375,2,134,False,27.869260204081634
26,104,146,CulturaX,2819.140625,4,220,False,27.10712139423077
16,80,106,CulturaX,2127.296875,3,177,False,26.5912109375
11,50,72,CulturaX,1413.359375,2,134,False,28.2671875
11,44,62,CulturaX,1204.359375,2,134,False,27.371803977272727
14,58,83,CulturaX,1444.84375,2,134,False,24.911099137931036
22,93,131,CulturaX,2582.53125,3,177,False,27.769153225806452
13,61,73,CulturaX,1423.984375,2,134,False,23.344006147540984
8,40,50,CulturaX,957.421875,1,91,True,23.935546875
14,66,96,CulturaX,1878.625,2,134,False,28.464015151515152
11,48,65,CulturaX,1245.375,2,134,False,25.9453125
10,45,64,CulturaX,1126.65625,2,134,False,25.036805555555556
9,39,54,CulturaX,1060.609375,2,134,False,27.19511217948718
7,38,54,CulturaX,1004.671875,2,134,False,26.43873355263158
7,25,35,CulturaX,627.609375,1,91,True,25.104375
14,62,88,CulturaX,1587.140625,2,134,False,25.599042338709676
12,47,66,CulturaX,1277.984375,2,134,False,27.191156914893618
12,39,52,CulturaX,1141.90625,2,134,False,29.279647435897434
29,156,216,CulturaX,4100.046875,5,263,False,26.282351762820515
9,39,58,CulturaX,1139.28125,2,134,False,29.212339743589745
20,99,135,CulturaX,2650.828125,3,177,False,26.776041666666668
16,69,101,CulturaX,1768.5,2,134,False,25.630434782608695
10,52,82,CulturaX,1443.5625,2,134,False,27.760817307692307
14,55,70,CulturaX,1351.296875,2,134,False,24.569034090909092
19,87,133,CulturaX,2484.90625,3,177,False,28.5621408045977
17,74,105,CulturaX,1945.890625,3,177,False,26.295819256756758
55,273,405,CulturaX,7276.0625,8,392,False,26.65224358974359
29,143,203,CulturaX,3961.15625,5,263,False,27.700393356643357
10,53,78,CulturaX,1501.34375,2,134,False,28.327240566037737
11,39,51,CulturaX,983.6875,2,134,False,25.22275641025641
14,64,93,CulturaX,1706.109375,2,134,False,26.657958984375
38,164,230,CulturaX,4521.5,6,306,False,27.570121951219512
8,39,54,CulturaX,1027.640625,2,134,False,26.349759615384617
15,70,99,CulturaX,1788.65625,2,134,False,25.552232142857143
7,32,40,CulturaX,739.84375,1,91,True,23.1201171875
10,35,53,CulturaX,926.640625,1,91,True,26.475446428571427
30,135,189,CulturaX,3645.296875,5,263,False,27.002199074074074
18,71,87,CulturaX,1800.390625,2,134,False,25.35761443661972
14,64,88,CulturaX,1689.84375,2,134,False,26.40380859375
60,262,359,CulturaX,6860.265625,8,392,False,26.18421994274809
8,32,44,CulturaX,759.46875,1,91,True,23.7333984375
32,153,221,CulturaX,4068.6875,5,263,False,26.592728758169933
27,113,163,CulturaX,3089.296875,4,220,False,27.338910398230087
8,34,49,CulturaX,948.203125,1,91,True,27.88832720588235
12,59,86,CulturaX,1606.40625,2,134,False,27.227224576271187
20,85,118,CulturaX,2027.625,3,177,False,23.854411764705883
7,37,52,CulturaX,935.703125,1,91,True,25.28927364864865
13,49,65,CulturaX,1111.296875,2,134,False,22.679528061224488
10,37,50,CulturaX,924.765625,1,91,True,24.99366554054054
19,93,133,CulturaX,2512.5,3,177,False,27.016129032258064
13,61,85,CulturaX,1653.09375,2,134,False,27.099897540983605
18,71,106,CulturaX,2021.828125,3,177,False,28.476452464788732
12,63,94,CulturaX,1608.328125,2,134,False,25.529017857142858
11,41,59,CulturaX,1088.453125,2,134,False,26.54763719512195
12,57,74,CulturaX,1463.78125,2,134,False,25.680372807017545
22,93,138,CulturaX,2467.421875,3,177,False,26.531418010752688
14,67,90,CulturaX,1747.21875,2,134,False,26.077891791044777
24,100,127,CulturaX,2593.984375,3,177,False,25.93984375
14,45,64,CulturaX,1177.984375,2,134,False,26.177430555555556
24,101,143,CulturaX,2598.453125,3,177,False,25.727258663366335
16,67,87,CulturaX,1674.015625,2,134,False,24.985307835820894
22,100,147,CulturaX,2689.03125,3,177,False,26.8903125
20,83,115,CulturaX,2241.71875,3,177,False,27.008659638554217
25,99,144,CulturaX,2675.71875,3,177,False,27.02746212121212
15,73,104,CulturaX,1887.71875,2,134,False,25.85916095890411
8,36,47,CulturaX,944.9375,1,91,True,26.24826388888889
22,91,128,CulturaX,2470.5625,3,177,False,27.14903846153846
8,30,41,CulturaX,778.5625,1,91,True,25.952083333333334
17,78,107,CulturaX,2046.96875,3,177,False,26.243189102564102
14,84,125,CulturaX,2241.015625,3,177,False,26.67875744047619
13,53,79,CulturaX,1431.03125,2,134,False,27.00058962264151
10,54,65,CulturaX,1281.25,2,134,False,23.72685185185185
17,70,103,CulturaX,1874.640625,3,177,False,26.780580357142856
9,36,51,CulturaX,1000.0,2,134,False,27.77777777777778
10,48,69,CulturaX,1267.90625,2,134,False,26.414713541666668
14,64,88,CulturaX,1701.15625,2,134,False,26.58056640625
21,89,111,CulturaX,2174.421875,3,177,False,24.431706460674157
23,93,126,CulturaX,2470.6875,3,177,False,26.566532258064516
8,32,48,CulturaX,910.296875,1,91,True,28.44677734375
8,33,43,CulturaX,888.234375,1,91,True,26.916193181818183
35,159,227,CulturaX,4109.1875,5,263,False,25.843946540880502
30,138,196,CulturaX,3734.359375,4,220,False,27.06057518115942
10,45,60,CulturaX,1171.578125,2,134,False,26.035069444444446
13,62,75,CulturaX,1435.78125,2,134,False,23.157762096774192
30,119,153,CulturaX,2836.984375,4,220,False,23.840204831932773
43,185,249,CulturaX,4453.90625,5,263,False,24.07516891891892
25,116,164,CulturaX,3017.015625,4,220,False,26.008755387931036
11,57,79,CulturaX,1503.78125,2,134,False,26.382127192982455
18,71,104,CulturaX,1800.046875,2,134,False,25.352772887323944
17,73,106,CulturaX,2016.046875,3,177,False,27.617080479452056
18,75,108,CulturaX,1976.328125,3,177,False,26.351041666666667
11,44,56,CulturaX,1121.609375,2,134,False,25.49112215909091
49,236,308,CulturaX,5790.09375,7,349,False,24.534295550847457
15,63,87,CulturaX,1646.359375,2,134,False,26.13268849206349
9,43,65,CulturaX,1214.359375,2,134,False,28.240915697674417
21,108,148,CulturaX,2742.6875,4,220,False,25.39525462962963
18,77,114,CulturaX,2206.109375,3,177,False,28.650771103896105
20,96,133,CulturaX,2537.5,3,177,False,26.432291666666668
7,33,44,CulturaX,899.90625,1,91,True,27.269886363636363
26,122,170,CulturaX,3223.4375,4,220,False,26.421618852459016
22,116,166,CulturaX,3109.375,4,220,False,26.804956896551722
10,39,50,CulturaX,993.484375,2,134,False,25.473958333333332
26,122,183,CulturaX,3163.703125,4,220,False,25.931992827868854
8,33,47,CulturaX,847.453125,1,91,True,25.680397727272727
37,169,238,CulturaX,4436.71875,6,306,False,26.252773668639055
18,70,94,CulturaX,1734.390625,2,134,False,24.77700892857143
16,67,96,CulturaX,1677.375,2,134,False,25.03544776119403
21,95,133,CulturaX,2542.265625,3,177,False,26.760690789473685
23,87,119,CulturaX,2346.015625,3,177,False,26.96569683908046
13,57,80,CulturaX,1488.734375,2,134,False,26.11814692982456
7,28,40,CulturaX,774.59375,1,91,True,27.6640625
25,98,131,CulturaX,2434.125,3,177,False,24.838010204081634
8,40,54,CulturaX,1086.6875,2,134,False,27.1671875
35,145,201,CulturaX,3750.015625,5,263,False,25.86217672413793
8,37,51,CulturaX,1014.359375,2,134,False,27.415118243243242
12,53,75,CulturaX,1419.921875,2,134,False,26.790978773584907
8,43,56,CulturaX,1100.453125,2,134,False,25.591933139534884
12,53,77,CulturaX,1443.765625,2,134,False,27.240860849056602
10,41,60,CulturaX,1109.75,2,134,False,27.067073170731707
9,32,43,CulturaX,909.125,1,91,True,28.41015625
18,90,123,CulturaX,2419.875,3,177,False,26.8875
16,71,93,CulturaX,1832.890625,3,177,False,25.815360915492956
17,81,117,CulturaX,2159.609375,3,177,False,26.66184413580247
19,89,139,CulturaX,2432.984375,3,177,False,27.33690308988764
17,75,99,CulturaX,1996.046875,3,177,False,26.613958333333333
41,183,256,CulturaX,4746.375,6,306,False,25.936475409836067
11,47,62,CulturaX,1227.453125,2,134,False,26.116023936170212
21,102,134,CulturaX,2550.859375,3,177,False,25.00842524509804
10,45,61,CulturaX,1221.4375,2,134,False,27.143055555555556
16,74,105,CulturaX,1884.859375,3,177,False,25.471072635135137
22,117,178,CulturaX,3302.40625,4,220,False,28.225694444444443
9,43,62,CulturaX,1175.125,2,134,False,27.328488372093023
23,103,153,CulturaX,2749.875,3,177,False,26.69781553398058
7,32,44,CulturaX,849.84375,1,91,True,26.5576171875
11,61,77,CulturaX,1334.109375,2,134,False,21.87064549180328
20,97,124,CulturaX,2341.0625,3,177,False,24.134664948453608
11,38,55,CulturaX,1099.96875,2,134,False,28.94654605263158
19,80,117,CulturaX,2149.875,3,177,False,26.8734375
10,38,53,CulturaX,1021.984375,2,134,False,26.894325657894736
12,48,66,CulturaX,1294.21875,2,134,False,26.962890625
15,66,95,CulturaX,1728.734375,2,134,False,26.192945075757574
15,63,88,CulturaX,1579.125,2,134,False,25.06547619047619
14,59,87,CulturaX,1582.25,2,134,False,26.81779661016949
7,29,41,CulturaX,782.75,1,91,True,26.99137931034483
10,48,65,CulturaX,1272.609375,2,134,False,26.5126953125
16,79,104,CulturaX,2034.453125,3,177,False,25.752571202531644
7,23,31,CulturaX,561.1875,1,91,True,24.39945652173913
20,95,138,CulturaX,2606.203125,3,177,False,27.43371710526316
8,30,41,CulturaX,787.15625,1,91,True,26.238541666666666
17,81,114,CulturaX,2180.1875,3,177,False,26.915895061728396
10,49,72,CulturaX,1344.46875,2,134,False,27.43813775510204
22,108,150,CulturaX,2976.625,4,220,False,27.56134259259259
11,53,79,CulturaX,1463.859375,2,134,False,27.61998820754717
9,39,54,CulturaX,1074.40625,2,134,False,27.548878205128204
9,30,35,CulturaX,685.25,1,91,True,22.841666666666665
31,147,218,CulturaX,3970.15625,5,263,False,27.007865646258505
27,137,196,CulturaX,3654.25,5,263,False,26.673357664233578
22,104,152,CulturaX,2863.453125,4,220,False,27.533203125
11,48,69,CulturaX,1245.4375,2,134,False,25.946614583333332
14,57,82,CulturaX,1535.328125,2,134,False,26.935581140350877
9,45,62,CulturaX,1246.0625,2,134,False,27.690277777777776
15,62,79,CulturaX,1412.09375,2,134,False,22.775705645161292
19,80,108,CulturaX,2080.015625,3,177,False,26.0001953125
23,95,132,CulturaX,2470.984375,3,177,False,26.01036184210526
8,30,45,CulturaX,844.84375,1,91,True,28.161458333333332
24,123,174,CulturaX,3051.65625,4,220,False,24.810213414634145
49,241,336,CulturaX,6461.015625,8,392,False,26.809193464730292
18,74,100,CulturaX,2023.59375,3,177,False,27.345861486486488
11,44,68,CulturaX,1300.71875,2,134,False,29.561789772727273
16,74,112,CulturaX,1952.71875,3,177,False,26.388091216216218
11,51,75,CulturaX,1460.625,2,134,False,28.639705882352942
21,100,150,CulturaX,2778.3125,4,220,False,27.783125
19,84,115,CulturaX,2124.296875,3,177,False,25.289248511904763
9,46,65,CulturaX,1255.640625,2,134,False,27.296535326086957
9,39,57,CulturaX,1065.875,2,134,False,27.330128205128204
14,65,85,CulturaX,1561.484375,2,134,False,24.02283653846154
30,132,182,CulturaX,3205.8125,4,220,False,24.286458333333332
13,67,85,CulturaX,1547.765625,2,134,False,23.10097947761194
26,115,163,CulturaX,3177.484375,4,220,False,27.63029891304348
25,111,150,CulturaX,3073.8125,4,220,False,27.692004504504503
22,108,157,CulturaX,2830.6875,4,220,False,26.210069444444443
8,28,42,CulturaX,811.046875,1,91,True,28.965959821428573
15,66,98,CulturaX,1662.78125,2,134,False,25.193655303030305
8,35,47,CulturaX,914.140625,1,91,True,26.118303571428573
28,119,165,CulturaX,3022.53125,4,220,False,25.399422268907564
26,115,161,CulturaX,3095.90625,4,220,False,26.920923913043477
10,42,57,CulturaX,1175.59375,2,134,False,27.99032738095238
8,49,74,CulturaX,1239.234375,2,134,False,25.290497448979593
19,89,125,CulturaX,2348.078125,3,177,False,26.382900280898877
11,49,69,CulturaX,1288.234375,2,134,False,26.290497448979593
35,172,253,CulturaX,4685.234375,6,306,False,27.239734738372093
11,60,89,CulturaX,1635.34375,2,134,False,27.255729166666665
13,64,91,CulturaX,1856.265625,2,134,False,29.004150390625
28,135,186,CulturaX,3722.265625,5,263,False,27.572337962962962
24,110,149,CulturaX,2860.640625,4,220,False,26.005823863636362
8,40,55,CulturaX,891.765625,1,91,True,22.294140625
12,55,77,CulturaX,1544.234375,2,134,False,28.076988636363637
13,63,80,CulturaX,1543.34375,2,134,False,24.497519841269842
9,35,48,CulturaX,936.453125,1,91,True,26.755803571428572
21,89,123,CulturaX,2407.9375,3,177,False,27.055477528089888
35,159,230,CulturaX,4218.390625,5,263,False,26.53075864779874
8,27,37,CulturaX,773.625,1,91,True,28.65277777777778
14,58,79,CulturaX,1573.5625,2,134,False,27.130387931034484
22,108,150,CulturaX,2832.21875,4,220,False,26.224247685185187
25,104,143,CulturaX,2571.125,3,177,False,24.72235576923077
10,39,54,CulturaX,1013.96875,2,134,False,25.99919871794872
21,98,136,CulturaX,2587.9375,3,177,False,26.40752551020408
33,150,206,CulturaX,3899.8125,5,263,False,25.99875
29,111,163,CulturaX,3051.125,4,220,False,27.48761261261261
16,76,112,CulturaX,2029.453125,3,177,False,26.703330592105264
35,160,235,CulturaX,4429.71875,5,263,False,27.6857421875
16,75,99,CulturaX,1745.9375,2,134,False,23.279166666666665
9,42,62,CulturaX,1145.421875,2,134,False,27.271949404761905
14,60,84,CulturaX,1479.984375,2,134,False,24.66640625
63,302,415,CulturaX,7828.53125,9,435,False,25.92228890728477
10,49,69,CulturaX,1323.015625,2,134,False,27.00031887755102
12,53,76,CulturaX,1347.734375,2,134,False,25.428950471698112
31,137,197,CulturaX,3686.59375,5,263,False,26.909443430656935
12,55,78,CulturaX,1422.140625,2,134,False,25.85710227272727
8,33,46,CulturaX,878.71875,1,91,True,26.62784090909091
7,25,36,CulturaX,752.0,1,91,True,30.08
10,45,68,CulturaX,1306.40625,2,134,False,29.03125
13,54,73,CulturaX,1459.859375,2,134,False,27.03443287037037
16,67,98,CulturaX,1837.875,2,134,False,27.43097014925373
15,74,101,CulturaX,1945.046875,3,177,False,26.28441722972973
33,148,216,CulturaX,4009.234375,5,263,False,27.0894214527027
12,47,66,CulturaX,1223.5,2,134,False,26.03191489361702
8,35,45,CulturaX,839.75,1,91,True,23.992857142857144
10,46,65,CulturaX,1184.5625,2,134,False,25.751358695652176
16,77,110,CulturaX,2034.375,3,177,False,26.420454545454547
44,208,290,CulturaX,5442.96875,6,306,False,26.168118990384617
12,54,78,CulturaX,1453.875,2,134,False,26.92361111111111
24,107,152,CulturaX,2892.203125,4,220,False,27.02993574766355
43,212,309,CulturaX,5693.171875,7,349,False,26.854584316037737
15,63,86,CulturaX,1795.828125,2,134,False,28.505208333333332
11,48,70,CulturaX,1315.609375,2,134,False,27.408528645833332
7,29,41,CulturaX,787.015625,1,91,True,27.138469827586206
17,86,116,CulturaX,2171.25,3,177,False,25.247093023255815
31,126,175,CulturaX,3435.25,4,220,False,27.26388888888889
8,38,53,CulturaX,1011.53125,2,134,False,26.61924342105263
29,162,219,CulturaX,3973.671875,5,263,False,24.528838734567902
9,37,56,CulturaX,1093.40625,2,134,False,29.55152027027027
15,58,83,CulturaX,1655.625,2,134,False,28.545258620689655
8,34,49,CulturaX,909.484375,1,91,True,26.74954044117647
33,145,212,CulturaX,3788.484375,5,263,False,26.127478448275863
10,45,64,CulturaX,1257.671875,2,134,False,27.94826388888889
9,37,51,CulturaX,982.890625,2,134,False,26.564611486486488
11,45,65,CulturaX,1242.15625,2,134,False,27.603472222222223
11,44,60,CulturaX,1190.390625,2,134,False,27.054332386363637
34,161,212,CulturaX,3897.890625,5,263,False,24.210500776397517
8,38,54,CulturaX,957.703125,1,91,True,25.202713815789473
11,54,71,CulturaX,1433.296875,2,134,False,26.54253472222222
12,46,62,CulturaX,1284.984375,2,134,False,27.93444293478261
12,54,79,CulturaX,1515.640625,2,134,False,28.06741898148148
10,36,50,CulturaX,1004.734375,2,134,False,27.909288194444443
8,32,47,CulturaX,838.234375,1,91,True,26.19482421875
12,46,62,CulturaX,1232.90625,2,134,False,26.802309782608695
42,174,237,CulturaX,4478.234375,5,263,False,25.736979166666668
8,35,49,CulturaX,962.203125,2,134,False,27.491517857142856
16,63,84,CulturaX,1611.421875,2,134,False,25.578125
7,27,38,CulturaX,698.046875,1,91,True,25.853587962962962
19,91,131,CulturaX,2394.375,3,177,False,26.311813186813186
10,41,56,CulturaX,1082.5,2,134,False,26.402439024390244
20,99,142,CulturaX,2673.625,3,177,False,27.00631313131313
7,29,44,CulturaX,824.15625,1,91,True,28.419181034482758
22,106,145,CulturaX,2674.875,3,177,False,25.234669811320753
35,149,218,CulturaX,4048.640625,5,263,False,27.172084731543624
27,136,191,CulturaX,3344.203125,4,220,False,24.589728860294116
10,37,52,CulturaX,948.34375,1,91,True,25.63091216216216
15,57,83,CulturaX,1633.640625,2,134,False,28.660361842105264
7,22,32,CulturaX,574.546875,1,91,True,26.115767045454547
10,47,64,CulturaX,1201.84375,2,134,False,25.571143617021278
14,48,64,CulturaX,1255.78125,2,134,False,26.162109375
19,78,107,CulturaX,2050.40625,3,177,False,26.287259615384617
10,29,43,CulturaX,797.796875,1,91,True,27.510237068965516
22,93,126,CulturaX,2607.421875,3,177,False,28.036794354838708
17,70,94,CulturaX,1706.9375,2,134,False,24.384821428571428
16,75,104,CulturaX,2022.703125,3,177,False,26.969375
8,56,79,CulturaX,1483.25,2,134,False,26.486607142857142
17,77,105,CulturaX,2095.265625,3,177,False,27.211241883116884
9,36,53,CulturaX,980.390625,2,134,False,27.233072916666668
16,73,112,CulturaX,2096.765625,3,177,False,28.72281678082192
21,101,147,CulturaX,2605.421875,3,177,False,25.79625618811881
43,214,324,CulturaX,5950.53125,7,349,False,27.806220794392523
41,199,287,CulturaX,5333.21875,6,306,False,26.800094221105528
7,31,46,CulturaX,882.53125,1,91,True,28.46875
33,160,223,CulturaX,4265.09375,5,263,False,26.6568359375
17,76,101,CulturaX,1977.53125,3,177,False,26.02014802631579
13,55,81,CulturaX,1437.84375,2,134,False,26.142613636363638
12,43,62,CulturaX,1158.5625,2,134,False,26.94331395348837
13,54,77,CulturaX,1497.390625,2,134,False,27.72945601851852
9,48,63,CulturaX,1037.65625,2,134,False,21.617838541666668
12,48,66,CulturaX,1276.5,2,134,False,26.59375
10,52,75,CulturaX,1369.40625,2,134,False,26.334735576923077
10,40,57,CulturaX,1048.1875,2,134,False,26.2046875
21,90,130,CulturaX,2526.328125,3,177,False,28.0703125
25,119,177,CulturaX,3115.296875,4,220,False,26.178965336134453
9,42,50,CulturaX,902.828125,1,91,True,21.495907738095237
29,130,194,CulturaX,3590.8125,4,220,False,27.621634615384615
9,40,57,CulturaX,1052.8125,2,134,False,26.3203125
14,69,100,CulturaX,1880.234375,3,177,False,27.249773550724637
19,100,145,CulturaX,2814.859375,3,177,False,28.14859375
20,82,105,CulturaX,2031.921875,3,177,False,24.77953506097561
16,69,95,CulturaX,1891.6875,3,177,False,27.41576086956522
26,119,169,CulturaX,3097.890625,4,220,False,26.032694327731093
13,60,79,CulturaX,1535.546875,2,134,False,25.592447916666668
26,114,158,CulturaX,3066.34375,4,220,False,26.897752192982455
29,121,170,CulturaX,3263.125,4,220,False,26.96797520661157
15,69,110,CulturaX,1815.4375,2,134,False,26.3106884057971
12,65,80,CulturaX,1533.734375,2,134,False,23.595913461538462
9,40,53,CulturaX,997.796875,2,134,False,24.944921875
18,85,119,CulturaX,2330.46875,3,177,False,27.417279411764707
22,116,158,CulturaX,2968.375,4,220,False,25.589439655172413
31,133,187,CulturaX,3342.6875,4,220,False,25.132988721804512
18,72,97,CulturaX,1908.359375,2,134,False,26.504991319444443
13,55,76,CulturaX,1554.125,2,134,False,28.256818181818183
11,39,55,CulturaX,1022.265625,2,134,False,26.211939102564102
33,154,226,CulturaX,4086.53125,5,263,False,26.535917207792206
25,118,165,CulturaX,3081.75,4,220,False,26.116525423728813
35,165,232,CulturaX,4198.5,5,263,False,25.445454545454545
12,53,70,CulturaX,1381.75,2,134,False,26.07075471698113
7,28,35,CulturaX,678.8125,1,91,True,24.243303571428573
31,137,185,CulturaX,2925.15625,4,220,False,21.351505474452555
46,211,300,CulturaX,5946.9375,7,349,False,28.184537914691944
9,46,75,CulturaX,1234.703125,2,134,False,26.841372282608695
32,137,197,CulturaX,3666.859375,5,263,False,26.76539689781022
7,26,35,CulturaX,630.828125,1,91,True,24.262620192307693
26,132,196,CulturaX,3439.359375,4,220,False,26.05575284090909
12,47,66,CulturaX,1286.890625,2,134,False,27.38065159574468
7,32,51,CulturaX,951.96875,1,91,True,29.7490234375
10,51,78,CulturaX,1415.515625,2,134,False,27.755208333333332
30,143,196,CulturaX,3905.375,5,263,False,27.310314685314687
27,113,156,CulturaX,2894.484375,4,220,False,25.61490597345133
9,33,50,CulturaX,897.921875,1,91,True,27.20975378787879
8,36,48,CulturaX,902.390625,1,91,True,25.06640625
15,81,112,CulturaX,2270.921875,3,177,False,28.036072530864196
15,83,121,CulturaX,2161.359375,3,177,False,26.040474397590362
11,45,65,CulturaX,1189.046875,2,134,False,26.42326388888889
13,56,71,CulturaX,1462.515625,2,134,False,26.116350446428573
13,46,65,CulturaX,1144.59375,2,134,False,24.882472826086957
18,66,97,CulturaX,1810.328125,2,134,False,27.429214015151516
20,83,122,CulturaX,2250.203125,3,177,False,27.110881024096386
9,33,46,CulturaX,874.828125,1,91,True,26.509943181818183
7,27,39,CulturaX,743.09375,1,91,True,27.52199074074074
13,57,80,CulturaX,1452.359375,2,134,False,25.47998903508772
37,157,219,CulturaX,4200.765625,5,263,False,26.756468949044585
25,112,157,CulturaX,2814.140625,4,220,False,25.126255580357142
16,84,114,CulturaX,2144.546875,3,177,False,25.53031994047619
7,63,80,CulturaX,1316.265625,2,134,False,20.893105158730158
26,126,181,CulturaX,3347.65625,4,220,False,26.568700396825395
40,150,213,CulturaX,3824.5625,5,263,False,25.497083333333332
20,79,108,CulturaX,1997.40625,3,177,False,25.283623417721518
15,92,110,CulturaX,2045.5625,3,177,False,22.234375
14,59,81,CulturaX,1456.78125,2,134,False,24.691207627118644
12,53,83,CulturaX,1405.546875,2,134,False,26.519752358490567
16,78,107,CulturaX,2008.40625,3,177,False,25.748798076923077
31,151,228,CulturaX,3998.84375,5,263,False,26.482408940397352
22,94,128,CulturaX,2418.3125,3,177,False,25.726728723404257
7,33,47,CulturaX,874.28125,1,91,True,26.49337121212121
23,105,152,CulturaX,2819.203125,4,220,False,26.849553571428572
17,72,95,CulturaX,1798.1875,2,134,False,24.97482638888889
16,63,88,CulturaX,1707.78125,2,134,False,27.10763888888889
15,57,82,CulturaX,1647.453125,2,134,False,28.90268640350877
10,53,82,CulturaX,1491.3125,2,134,False,28.13797169811321
15,70,97,CulturaX,1898.78125,3,177,False,27.12544642857143
19,88,123,CulturaX,2395.03125,3,177,False,27.216264204545453
18,81,123,CulturaX,2348.625,3,177,False,28.99537037037037
12,53,76,CulturaX,1471.921875,2,134,False,27.772110849056602
15,73,107,CulturaX,1971.0625,3,177,False,27.000856164383563
16,71,98,CulturaX,1850.828125,3,177,False,26.06800176056338
29,145,214,CulturaX,3889.203125,5,263,False,26.822090517241378
10,61,83,CulturaX,1523.015625,2,134,False,24.967469262295083
13,50,71,CulturaX,1298.890625,2,134,False,25.9778125
42,193,295,CulturaX,5098.0,6,306,False,26.414507772020727
7,31,42,CulturaX,864.59375,1,91,True,27.890120967741936
17,70,91,CulturaX,1817.828125,2,134,False,25.968973214285715
24,121,178,CulturaX,3235.859375,4,220,False,26.74263946280992
30,133,190,CulturaX,3490.78125,4,220,False,26.246475563909776
30,141,208,CulturaX,3813.5625,5,263,False,27.04654255319149
23,95,140,CulturaX,2637.5625,3,177,False,27.763815789473686
31,135,182,CulturaX,3248.53125,4,220,False,24.063194444444445
26,120,174,CulturaX,3192.015625,4,220,False,26.600130208333333
23,105,146,CulturaX,2840.546875,4,220,False,27.05282738095238
12,52,72,CulturaX,1234.21875,2,134,False,23.73497596153846
17,80,114,CulturaX,2172.671875,3,177,False,27.1583984375
11,39,55,CulturaX,1085.921875,2,134,False,27.844150641025642
13,65,94,CulturaX,1904.25,3,177,False,29.296153846153846
10,44,63,CulturaX,1147.59375,2,134,False,26.081676136363637
9,36,52,CulturaX,998.984375,2,134,False,27.74956597222222
7,30,44,CulturaX,778.078125,1,91,True,25.9359375
30,130,180,CulturaX,3364.171875,4,220,False,25.87824519230769
30,127,174,CulturaX,3399.984375,4,220,False,26.771530511811022
7,35,50,CulturaX,933.65625,1,91,True,26.675892857142856
9,45,63,CulturaX,1157.734375,2,134,False,25.727430555555557
41,171,219,CulturaX,4529.640625,5,263,False,26.489126461988302
23,101,144,CulturaX,2727.34375,3,177,False,27.003403465346533
23,96,135,CulturaX,2487.453125,3,177,False,25.910970052083332
13,54,75,CulturaX,1376.078125,2,134,False,25.48292824074074
19,86,122,CulturaX,2236.53125,3,177,False,26.006177325581394
7,38,49,CulturaX,1019.046875,2,134,False,26.81702302631579
9,38,50,CulturaX,845.515625,1,91,True,22.250411184210527
20,82,115,CulturaX,2185.671875,3,177,False,26.65453506097561
14,64,85,CulturaX,1693.765625,2,134,False,26.465087890625
12,58,84,CulturaX,1537.1875,2,134,False,26.50323275862069
29,112,139,CulturaX,2770.75,3,177,False,24.738839285714285
12,47,62,CulturaX,1249.328125,2,134,False,26.581449468085108
7,33,46,CulturaX,857.40625,1,91,True,25.982007575757574
19,92,117,CulturaX,2263.859375,3,177,False,24.60716711956522
10,37,54,CulturaX,1024.34375,2,134,False,27.684966216216218
21,78,112,CulturaX,2107.046875,3,177,False,27.013421474358974
13,56,80,CulturaX,1494.984375,2,134,False,26.696149553571427
34,155,214,CulturaX,4141.609375,5,263,False,26.720060483870967
7,36,57,CulturaX,1020.96875,2,134,False,28.360243055555557
35,145,196,CulturaX,3759.078125,4,220,False,25.92467672413793
10,38,54,CulturaX,991.109375,2,134,False,26.081825657894736
42,220,309,CulturaX,5883.0,7,349,False,26.740909090909092
12,55,74,CulturaX,1477.171875,2,134,False,26.857670454545456
10,45,58,CulturaX,1292.078125,2,134,False,28.712847222222223
79,335,462,CulturaX,8747.0625,10,478,False,26.11063432835821
12,57,79,CulturaX,1524.359375,2,134,False,26.74314692982456
17,73,107,CulturaX,1992.640625,3,177,False,27.29644691780822
19,83,113,CulturaX,2135.453125,3,177,False,25.72835090361446
33,154,214,CulturaX,3942.0,5,263,False,25.5974025974026
29,144,209,CulturaX,3861.515625,5,263,False,26.816080729166668
12,54,73,CulturaX,1379.921875,2,134,False,25.554108796296298
10,52,78,CulturaX,1352.921875,2,134,False,26.017728365384617
16,66,94,CulturaX,1662.5,2,134,False,25.189393939393938
11,39,52,CulturaX,1090.453125,2,134,False,27.96033653846154
20,108,158,CulturaX,2796.65625,4,220,False,25.89496527777778
13,67,103,CulturaX,1761.59375,2,134,False,26.292444029850746
11,46,63,CulturaX,1202.59375,2,134,False,26.143342391304348
23,102,130,CulturaX,2564.46875,3,177,False,25.141850490196077
13,71,94,CulturaX,1824.953125,3,177,False,25.703565140845072
24,130,180,CulturaX,3357.953125,4,220,False,25.830408653846153
9,41,57,CulturaX,1142.96875,2,134,False,27.877286585365855
13,48,68,CulturaX,1264.296875,2,134,False,26.339518229166668
39,182,256,CulturaX,4748.03125,6,306,False,26.088083791208792
13,56,80,CulturaX,1480.53125,2,134,False,26.438058035714285
21,105,152,CulturaX,2723.859375,3,177,False,25.941517857142856
8,33,46,CulturaX,902.828125,1,91,True,27.35842803030303
11,50,73,CulturaX,1317.140625,2,134,False,26.3428125
8,35,51,CulturaX,982.4375,2,134,False,28.069642857142856
9,38,62,CulturaX,1062.46875,2,134,False,27.95970394736842
25,107,156,CulturaX,2925.5625,4,220,False,27.341705607476637
10,43,59,CulturaX,1151.84375,2,134,False,26.78706395348837
24,111,167,CulturaX,3060.5625,4,220,False,27.572635135135137
23,101,142,CulturaX,2606.296875,3,177,False,25.804919554455445
24,105,153,CulturaX,2793.578125,3,177,False,26.605505952380952
17,89,123,CulturaX,2427.765625,3,177,False,27.2782654494382
34,166,228,CulturaX,4347.234375,5,263,False,26.18815888554217
13,63,93,CulturaX,1824.21875,2,134,False,28.955853174603174
13,57,83,CulturaX,1649.96875,2,134,False,28.946820175438596
8,29,41,CulturaX,759.96875,1,91,True,26.205818965517242
15,67,99,CulturaX,1720.9375,2,134,False,25.68563432835821
7,29,42,CulturaX,762.640625,1,91,True,26.297952586206897
16,78,108,CulturaX,1993.4375,3,177,False,25.556891025641026
11,55,78,CulturaX,1525.984375,2,134,False,27.745170454545455
14,68,102,CulturaX,1818.828125,2,134,False,26.747472426470587
12,49,69,CulturaX,1444.84375,2,134,False,29.486607142857142
27,124,174,CulturaX,3199.40625,4,220,False,25.801663306451612
7,27,39,CulturaX,672.59375,1,91,True,24.91087962962963
8,37,54,CulturaX,1051.40625,2,134,False,28.416385135135137
35,151,207,CulturaX,4086.609375,5,263,False,27.06363824503311
10,44,65,CulturaX,1084.4375,2,134,False,24.646306818181817
11,49,78,CulturaX,1277.4375,2,134,False,26.070153061224488
11,44,57,CulturaX,1134.265625,2,134,False,25.778764204545453
19,87,123,CulturaX,2448.875,3,177,False,28.147988505747126
45,229,334,CulturaX,6137.546875,7,349,False,26.801514737991265
19,93,126,CulturaX,2531.984375,3,177,False,27.225638440860216
12,59,89,CulturaX,1686.75,2,134,False,28.588983050847457
41,211,308,CulturaX,5489.46875,6,306,False,26.016439573459717
10,45,75,CulturaX,1298.796875,2,134,False,28.862152777777776
8,42,64,CulturaX,1168.890625,2,134,False,27.830729166666668
7,26,37,CulturaX,689.625,1,91,True,26.52403846153846
39,172,235,CulturaX,4490.796875,5,263,False,26.109284156976745
8,32,40,CulturaX,835.28125,1,91,True,26.1025390625
25,107,148,CulturaX,2839.015625,4,220,False,26.532856308411215
25,135,194,CulturaX,3485.421875,4,220,False,25.817939814814814
8,29,38,CulturaX,741.578125,1,91,True,25.57165948275862
9,36,45,CulturaX,913.0625,1,91,True,25.36284722222222
29,109,144,CulturaX,2797.140625,3,177,False,25.661840596330276
8,40,56,CulturaX,1116.0,2,134,False,27.9
10,54,75,CulturaX,1389.859375,2,134,False,25.738136574074073
14,60,83,CulturaX,1492.03125,2,134,False,24.8671875
9,41,57,CulturaX,1092.671875,2,134,False,26.650533536585368
14,62,93,CulturaX,1698.59375,2,134,False,27.396673387096776
20,99,131,CulturaX,2527.28125,3,177,False,25.528093434343436
19,100,141,CulturaX,2740.078125,3,177,False,27.40078125
16,75,107,CulturaX,2021.515625,3,177,False,26.953541666666666
11,47,63,CulturaX,1126.71875,2,134,False,23.97273936170213
26,101,143,CulturaX,2679.84375,3,177,False,26.533106435643564
10,44,58,CulturaX,1259.0,2,134,False,28.613636363636363
8,34,49,CulturaX,977.21875,2,134,False,28.74172794117647
48,210,286,CulturaX,5524.40625,7,349,False,26.306696428571428
7,27,36,CulturaX,686.5625,1,91,True,25.42824074074074
8,32,47,CulturaX,786.609375,1,91,True,24.58154296875
14,65,91,CulturaX,1682.46875,2,134,False,25.884134615384614
7,30,45,CulturaX,884.65625,1,91,True,29.488541666666666
19,67,88,CulturaX,1690.546875,2,134,False,25.23204291044776
18,82,122,CulturaX,2206.34375,3,177,False,26.906631097560975
10,39,56,CulturaX,1046.0625,2,134,False,26.822115384615383
13,53,68,CulturaX,1142.28125,2,134,False,21.55247641509434
12,53,73,CulturaX,1375.8125,2,134,False,25.95872641509434
10,42,63,CulturaX,1154.28125,2,134,False,27.482886904761905
10,47,69,CulturaX,1237.078125,2,134,False,26.320811170212767
17,71,95,CulturaX,1821.703125,2,134,False,25.657790492957748
21,75,100,CulturaX,1988.0,3,177,False,26.506666666666668
9,39,55,CulturaX,1004.640625,2,134,False,25.760016025641026
9,58,81,CulturaX,1453.625,2,134,False,25.0625
13,63,91,CulturaX,1613.125,2,134,False,25.60515873015873
8,32,47,CulturaX,930.484375,1,91,True,29.07763671875
33,155,226,CulturaX,4251.890625,5,263,False,27.431552419354837
12,42,56,CulturaX,932.234375,1,91,True,22.196056547619047
30,133,181,CulturaX,3623.71875,4,220,False,27.246005639097746
29,128,173,CulturaX,3461.953125,4,220,False,27.0465087890625
36,173,231,CulturaX,4471.3125,5,263,False,25.845736994219653
42,169,237,CulturaX,4564.546875,5,263,False,27.009153106508876
16,69,94,CulturaX,1795.078125,2,134,False,26.015625
9,29,40,CulturaX,743.703125,1,91,True,25.644935344827587
60,267,383,CulturaX,7313.125,8,392,False,27.38998127340824
7,28,39,CulturaX,711.40625,1,91,True,25.407366071428573
22,99,152,CulturaX,2647.765625,3,177,False,26.74510732323232
33,163,234,CulturaX,4295.34375,5,263,False,26.351802147239265
13,61,88,CulturaX,1633.8125,2,134,False,26.783811475409838
12,51,71,CulturaX,1376.5,2,134,False,26.99019607843137
7,34,51,CulturaX,982.21875,2,134,False,28.888786764705884
7,30,47,CulturaX,829.25,1,91,True,27.641666666666666
9,34,55,CulturaX,991.578125,2,134,False,29.1640625
20,92,128,CulturaX,2554.953125,3,177,False,27.77122961956522
9,33,44,CulturaX,895.265625,1,91,True,27.129261363636363
7,28,42,CulturaX,751.171875,1,91,True,26.827566964285715
18,79,119,CulturaX,2217.078125,3,177,False,28.06428006329114
10,43,55,CulturaX,1053.4375,2,134,False,24.498546511627907
18,75,115,CulturaX,2087.3125,3,177,False,27.830833333333334
10,43,59,CulturaX,1175.828125,2,134,False,27.34484011627907
23,95,137,CulturaX,2564.390625,3,177,False,26.99358552631579
13,65,97,CulturaX,1844.734375,2,134,False,28.380528846153847
28,127,185,CulturaX,3385.65625,4,220,False,26.65871062992126
43,217,310,CulturaX,5571.796875,7,349,False,25.676483294930875
12,45,59,CulturaX,1189.984375,2,134,False,26.444097222222222
16,58,81,CulturaX,1555.578125,2,134,False,26.8203125
21,87,126,CulturaX,2265.28125,3,177,False,26.03771551724138
10,36,57,CulturaX,967.109375,2,134,False,26.864149305555557
12,52,81,CulturaX,1431.1875,2,134,False,27.52283653846154
7,35,49,CulturaX,1002.65625,2,134,False,28.647321428571427
7,35,49,CulturaX,912.390625,1,91,True,26.068303571428572
7,25,34,CulturaX,647.828125,1,91,True,25.913125
15,62,94,CulturaX,1697.46875,2,134,False,27.378528225806452
11,50,68,CulturaX,1257.40625,2,134,False,25.148125
10,43,63,CulturaX,1241.828125,2,134,False,28.8797238372093
15,65,91,CulturaX,1764.84375,2,134,False,27.151442307692307
9,39,62,CulturaX,1075.09375,2,134,False,27.56650641025641
48,237,339,CulturaX,6104.4375,7,349,False,25.757120253164558
10,43,62,CulturaX,1176.640625,2,134,False,27.363735465116278
25,136,201,CulturaX,3720.203125,5,263,False,27.354434742647058
8,34,45,CulturaX,876.859375,1,91,True,25.789981617647058
12,66,82,CulturaX,1619.015625,2,134,False,24.530539772727273
21,104,161,CulturaX,2640.34375,3,177,False,25.387920673076923
49,207,298,CulturaX,5336.125,6,306,False,25.778381642512077
24,104,141,CulturaX,2752.03125,3,177,False,26.461838942307693
8,36,51,CulturaX,990.40625,2,134,False,27.51128472222222
7,36,54,CulturaX,1031.109375,2,134,False,28.641927083333332
10,39,56,CulturaX,935.140625,1,91,True,23.977964743589745
18,77,109,CulturaX,2020.34375,3,177,False,26.23823051948052
19,72,103,CulturaX,2007.65625,3,177,False,27.884114583333332
19,86,117,CulturaX,2420.828125,3,177,False,28.149164244186046
21,97,143,CulturaX,2666.515625,3,177,False,27.48985180412371
8,45,69,CulturaX,1323.734375,2,134,False,29.416319444444444
27,124,176,CulturaX,3442.125,4,220,False,27.75907258064516
17,70,101,CulturaX,1959.0,3,177,False,27.985714285714284
22,111,149,CulturaX,2867.46875,4,220,False,25.8330518018018
8,44,61,CulturaX,1135.796875,2,134,False,25.81356534090909
21,99,150,CulturaX,2826.84375,4,220,False,28.553977272727273
8,31,41,CulturaX,825.953125,1,91,True,26.643649193548388
22,89,130,CulturaX,2529.828125,3,177,False,28.425035112359552
9,58,87,CulturaX,1626.390625,2,134,False,28.041217672413794
13,56,75,CulturaX,1499.15625,2,134,False,26.770647321428573
7,36,50,CulturaX,1016.34375,2,134,False,28.231770833333332
19,94,134,CulturaX,2603.515625,3,177,False,27.696974734042552
18,67,90,CulturaX,1721.0,2,134,False,25.686567164179106
7,37,60,CulturaX,963.609375,2,134,False,26.04349662162162
8,29,41,CulturaX,791.953125,1,91,True,27.30872844827586
8,38,55,CulturaX,1012.078125,2,134,False,26.63363486842105
8,34,49,CulturaX,974.546875,2,134,False,28.663143382352942
9,43,60,CulturaX,982.5,2,134,False,22.848837209302324
8,36,48,CulturaX,932.6875,1,91,True,25.90798611111111
24,107,145,CulturaX,2753.03125,3,177,False,25.729264018691588
7,29,44,CulturaX,783.546875,1,91,True,27.01885775862069
41,190,276,CulturaX,5054.71875,6,306,False,26.60378289473684
17,75,106,CulturaX,2014.375,3,177,False,26.858333333333334
21,117,163,CulturaX,3034.90625,4,220,False,25.93936965811966
7,26,34,CulturaX,677.359375,1,91,True,26.052283653846153
18,93,129,CulturaX,2440.40625,3,177,False,26.24092741935484
20,94,134,CulturaX,2516.859375,3,177,False,26.775099734042552
16,90,129,CulturaX,2447.390625,3,177,False,27.193229166666665
28,109,146,CulturaX,2851.921875,4,220,False,26.16442087155963
20,98,140,CulturaX,2442.40625,3,177,False,24.92251275510204
10,45,60,CulturaX,1171.265625,2,134,False,26.028125
11,41,65,CulturaX,1209.59375,2,134,False,29.502286585365855
9,39,56,CulturaX,1044.609375,2,134,False,26.78485576923077
14,64,92,CulturaX,1631.234375,2,134,False,25.488037109375
9,35,51,CulturaX,1037.703125,2,134,False,29.648660714285715
18,104,140,CulturaX,2458.578125,3,177,False,23.640174278846153
11,57,76,CulturaX,1597.046875,2,134,False,28.018366228070175
32,147,214,CulturaX,3927.734375,5,263,False,26.719281462585034
15,69,94,CulturaX,1829.5625,2,134,False,26.515398550724637
30,145,216,CulturaX,4197.765625,5,263,False,28.95010775862069
30,127,176,CulturaX,3265.671875,4,220,False,25.713951771653544
42,173,244,CulturaX,4690.625,6,306,False,27.11343930635838
12,51,67,CulturaX,1339.6875,2,134,False,26.268382352941178
25,105,145,CulturaX,2705.8125,3,177,False,25.769642857142856
13,54,73,CulturaX,1438.984375,2,134,False,26.647858796296298
16,87,104,CulturaX,1984.0,3,177,False,22.804597701149426
13,55,76,CulturaX,1417.9375,2,134,False,25.78068181818182
9,46,62,CulturaX,1140.578125,2,134,False,24.79517663043478
14,60,81,CulturaX,1636.171875,2,134,False,27.26953125
14,68,99,CulturaX,1944.21875,3,177,False,28.59145220588235
19,97,142,CulturaX,2577.828125,3,177,False,26.57554768041237
9,34,47,CulturaX,924.5,1,91,True,27.191176470588236
9,41,59,CulturaX,1046.203125,2,134,False,25.5171493902439
49,251,358,CulturaX,6961.4375,8,392,False,27.734810756972113
13,54,74,CulturaX,1414.09375,2,134,False,26.186921296296298
11,49,62,CulturaX,1048.125,2,134,False,21.39030612244898
16,65,93,CulturaX,1869.734375,3,177,False,28.76514423076923
14,64,93,CulturaX,1712.4375,2,134,False,26.7568359375
16,64,86,CulturaX,1751.640625,2,134,False,27.369384765625
10,41,58,CulturaX,1070.40625,2,134,False,26.107469512195124
11,46,61,CulturaX,1190.46875,2,134,False,25.87975543478261
19,91,121,CulturaX,2234.390625,3,177,False,24.55374313186813
12,47,65,CulturaX,1329.640625,2,134,False,28.290226063829788
11,48,67,CulturaX,1271.765625,2,134,False,26.4951171875
15,72,89,CulturaX,1669.515625,2,134,False,23.18771701388889
8,35,51,CulturaX,950.5,1,91,True,27.15714285714286
9,34,46,CulturaX,903.96875,1,91,True,26.587316176470587
37,144,192,CulturaX,3700.875,4,220,False,25.700520833333332
25,107,155,CulturaX,2826.609375,3,177,False,26.416910046728972
10,63,84,CulturaX,1560.375,2,134,False,24.767857142857142
22,110,162,CulturaX,2919.984375,4,220,False,26.5453125
8,34,44,CulturaX,909.0625,1,91,True,26.737132352941178
14,65,96,CulturaX,1642.859375,2,134,False,25.274759615384614
15,63,85,CulturaX,1491.78125,2,134,False,23.67906746031746
10,53,68,CulturaX,1258.890625,2,134,False,23.75265330188679
12,50,72,CulturaX,1338.203125,2,134,False,26.7640625
29,135,186,CulturaX,3629.328125,4,220,False,26.88391203703704
8,31,41,CulturaX,787.328125,1,91,True,25.397681451612904
31,134,186,CulturaX,3627.4375,4,220,False,27.07042910447761
9,36,50,CulturaX,884.28125,1,91,True,24.563368055555557
16,68,101,CulturaX,1930.046875,3,177,False,28.383042279411764
14,54,78,CulturaX,1455.84375,2,134,False,26.960069444444443
7,29,42,CulturaX,731.796875,1,91,True,25.234375
9,43,64,CulturaX,1230.046875,2,134,False,28.60574127906977
16,73,104,CulturaX,2028.5625,3,177,False,27.788527397260275
25,110,158,CulturaX,2821.140625,4,220,False,25.646732954545456
10,44,64,CulturaX,1224.71875,2,134,False,27.834517045454547
14,57,80,CulturaX,1488.25,2,134,False,26.109649122807017
39,173,244,CulturaX,4576.5625,5,263,False,26.454118497109828
17,87,123,CulturaX,2314.265625,3,177,False,26.60075431034483
28,123,164,CulturaX,3184.484375,4,220,False,25.8901168699187
53,258,370,CulturaX,6766.78125,8,392,False,26.227834302325583
24,105,143,CulturaX,2721.734375,3,177,False,25.921279761904763
14,57,77,CulturaX,1451.640625,2,134,False,25.46737938596491
9,46,64,CulturaX,1267.359375,2,134,False,27.551290760869566
14,65,95,CulturaX,1838.40625,3,177,False,28.283173076923077
8,41,60,CulturaX,1167.671875,2,134,False,28.479801829268293
26,120,174,CulturaX,3189.5625,4,220,False,26.5796875
18,84,119,CulturaX,2329.65625,3,177,False,27.734002976190474
18,81,116,CulturaX,2135.921875,3,177,False,26.36940586419753
36,159,228,CulturaX,4400.328125,5,263,False,27.67501965408805
29,129,176,CulturaX,3491.984375,4,220,False,27.069646317829456
41,183,256,CulturaX,5009.953125,6,306,False,27.376793032786885
59,302,440,CulturaX,7967.203125,9,435,False,26.381467301324502
15,78,95,CulturaX,1914.15625,3,177,False,24.540464743589745
35,144,210,CulturaX,3922.40625,5,263,False,27.238932291666668
33,136,199,CulturaX,3638.046875,4,220,False,26.75034466911765
7,36,53,CulturaX,938.296875,1,91,True,26.063802083333332
29,147,206,CulturaX,3887.6875,5,263,False,26.4468537414966
16,61,85,CulturaX,1634.5,2,134,False,26.795081967213115
15,72,99,CulturaX,1800.3125,2,134,False,25.00434027777778
16,64,91,CulturaX,1806.71875,2,134,False,28.22998046875
20,84,122,CulturaX,2223.484375,3,177,False,26.470052083333332
50,218,290,CulturaX,5598.734375,7,349,False,25.68226777522936
47,182,248,CulturaX,4489.5625,5,263,False,24.667925824175825
20,103,149,CulturaX,2802.71875,4,220,False,27.210861650485437
21,99,142,CulturaX,2527.546875,3,177,False,25.530776515151516
14,51,70,CulturaX,1297.515625,2,134,False,25.441482843137255
19,80,109,CulturaX,2072.140625,3,177,False,25.9017578125
11,46,64,CulturaX,1289.28125,2,134,False,28.027853260869566
18,89,108,CulturaX,2033.84375,3,177,False,22.852176966292134
18,84,107,CulturaX,2066.703125,3,177,False,24.60360863095238
8,39,52,CulturaX,931.84375,1,91,True,23.893429487179485
8,28,39,CulturaX,774.40625,1,91,True,27.657366071428573
7,29,43,CulturaX,729.984375,1,91,True,25.171875
13,52,69,CulturaX,1400.546875,2,134,False,26.93359375
12,50,65,CulturaX,1249.34375,2,134,False,24.986875
29,143,209,CulturaX,3909.71875,5,263,False,27.34069055944056
26,116,161,CulturaX,3085.734375,4,220,False,26.601158405172413
7,48,76,CulturaX,1371.1875,2,134,False,28.56640625
9,40,61,CulturaX,1101.53125,2,134,False,27.53828125
7,27,37,CulturaX,776.765625,1,91,True,28.76909722222222
10,38,50,CulturaX,967.9375,2,134,False,25.47203947368421
80,344,480,CulturaX,9313.859375,11,521,False,27.075172601744185
12,49,67,CulturaX,1289.34375,2,134,False,26.31313775510204
16,69,100,CulturaX,1874.453125,3,177,False,27.16598731884058
10,45,67,CulturaX,1249.921875,2,134,False,27.776041666666668
8,28,40,CulturaX,764.796875,1,91,True,27.314174107142858
12,48,65,CulturaX,1416.71875,2,134,False,29.514973958333332
27,115,158,CulturaX,2956.34375,4,220,False,25.70733695652174
7,42,55,CulturaX,1082.6875,2,134,False,25.77827380952381
17,74,110,CulturaX,1940.796875,3,177,False,26.2269847972973
15,71,95,CulturaX,1766.75,2,134,False,24.883802816901408
46,207,293,CulturaX,5393.328125,6,306,False,26.054725241545892
10,40,56,CulturaX,1058.84375,2,134,False,26.47109375
10,51,80,CulturaX,1417.328125,2,134,False,27.790747549019606
24,120,172,CulturaX,3210.390625,4,220,False,26.753255208333332
15,58,84,CulturaX,1613.578125,2,134,False,27.8203125
8,39,53,CulturaX,1064.0,2,134,False,27.28205128205128
10,41,54,CulturaX,1095.75,2,134,False,26.725609756097562
14,60,94,CulturaX,1581.015625,2,134,False,26.350260416666668
8,38,52,CulturaX,1057.515625,2,134,False,27.82935855263158
9,39,55,CulturaX,1013.296875,2,134,False,25.981971153846153
13,54,80,CulturaX,1579.40625,2,134,False,29.24826388888889
15,78,115,CulturaX,2236.9375,3,177,False,28.678685897435898
11,43,54,CulturaX,1083.671875,2,134,False,25.201671511627907
22,96,133,CulturaX,2377.796875,3,177,False,24.768717447916668
13,74,96,CulturaX,1769.453125,2,134,False,23.911528716216218
22,98,134,CulturaX,2596.234375,3,177,False,26.4921875
43,202,292,CulturaX,5530.453125,7,349,False,27.378480816831683
8,32,46,CulturaX,783.59375,1,91,True,24.4873046875
28,172,207,CulturaX,3575.21875,4,220,False,20.786155523255815
7,31,45,CulturaX,851.0,1,91,True,27.451612903225808
14,60,87,CulturaX,1648.75,2,134,False,27.479166666666668
25,117,160,CulturaX,3040.71875,4,220,False,25.989049145299145
19,68,90,CulturaX,1810.421875,2,134,False,26.623851102941178
33,147,218,CulturaX,3788.296875,5,263,False,25.770727040816325
25,129,183,CulturaX,3291.734375,4,220,False,25.517320736434108
11,45,65,CulturaX,1197.390625,2,134,False,26.608680555555555
16,77,106,CulturaX,2081.515625,3,177,False,27.032670454545453
7,26,38,CulturaX,730.40625,1,91,True,28.092548076923077
11,47,70,CulturaX,1361.25,2,134,False,28.96276595744681
25,118,175,CulturaX,3297.5,4,220,False,27.944915254237287
23,94,123,CulturaX,2441.34375,3,177,False,25.971742021276597
27,106,153,CulturaX,2815.46875,4,220,False,26.561025943396228
11,48,64,CulturaX,1308.921875,2,134,False,27.269205729166668
20,95,147,CulturaX,2713.1875,3,177,False,28.55986842105263
8,38,52,CulturaX,929.640625,1,91,True,24.46422697368421
21,102,151,CulturaX,2829.703125,4,220,False,27.7421875
23,113,163,CulturaX,3125.609375,4,220,False,27.660259955752213
26,123,174,CulturaX,3291.0625,4,220,False,26.75660569105691
7,30,46,CulturaX,902.015625,1,91,True,30.0671875
8,28,40,CulturaX,820.90625,1,91,True,29.318080357142858
14,61,79,CulturaX,1587.0,2,134,False,26.016393442622952
13,53,75,CulturaX,1439.453125,2,134,False,27.1594929245283
38,154,222,CulturaX,4052.046875,5,263,False,26.311992694805195
71,344,500,CulturaX,8893.90625,10,478,False,25.85437863372093
12,54,73,CulturaX,1352.296875,2,134,False,25.04253472222222
14,57,80,CulturaX,1528.71875,2,134,False,26.819627192982455
9,42,57,CulturaX,1151.34375,2,134,False,27.412946428571427
9,36,50,CulturaX,951.734375,1,91,True,26.43706597222222
21,96,143,CulturaX,2527.4375,3,177,False,26.327473958333332
29,123,164,CulturaX,3220.359375,4,220,False,26.181783536585368
47,220,309,CulturaX,5835.78125,7,349,False,26.52627840909091
8,41,58,CulturaX,1106.6875,2,134,False,26.992378048780488
8,36,48,CulturaX,952.5,1,91,True,26.458333333333332
17,69,105,CulturaX,1908.0,3,177,False,27.652173913043477
13,57,81,CulturaX,1633.203125,2,134,False,28.65268640350877
42,171,250,CulturaX,4580.671875,6,306,False,26.787554824561404
7,30,41,CulturaX,827.21875,1,91,True,27.573958333333334
50,217,297,CulturaX,5608.765625,7,349,False,25.846846198156683
10,50,58,CulturaX,1192.8125,2,134,False,23.85625
7,38,54,CulturaX,1071.8125,2,134,False,28.205592105263158
8,35,48,CulturaX,872.9375,1,91,True,24.94107142857143
10,43,58,CulturaX,1220.015625,2,134,False,28.372456395348838
11,47,67,CulturaX,1213.921875,2,134,False,25.828125
44,207,315,CulturaX,5367.296875,6,306,False,25.92897041062802
44,191,283,CulturaX,5125.421875,6,306,False,26.8346695026178
16,78,112,CulturaX,2079.078125,3,177,False,26.654847756410255
20,92,132,CulturaX,2332.3125,3,177,False,25.351222826086957
10,49,72,CulturaX,1255.828125,2,134,False,25.629145408163264
7,34,48,CulturaX,928.671875,1,91,True,27.313878676470587
25,99,130,CulturaX,2557.453125,3,177,False,25.832859848484848
7,26,35,CulturaX,723.34375,1,91,True,27.82091346153846
12,64,90,CulturaX,1695.015625,2,134,False,26.484619140625
7,31,45,CulturaX,764.140625,1,91,True,24.64969758064516
11,44,63,CulturaX,1188.265625,2,134,False,27.006036931818183
20,101,147,CulturaX,2697.140625,3,177,False,26.704362623762375
9,46,56,CulturaX,1077.84375,2,134,False,23.43138586956522
15,70,99,CulturaX,1815.84375,2,134,False,25.940625
30,131,183,CulturaX,3524.171875,4,220,False,26.90207538167939
8,41,56,CulturaX,1113.015625,2,134,False,27.14672256097561
10,42,59,CulturaX,1174.0,2,134,False,27.952380952380953
11,49,69,CulturaX,1280.1875,2,134,False,26.12627551020408
9,47,67,CulturaX,1268.71875,2,134,False,26.99401595744681
7,32,48,CulturaX,876.828125,1,91,True,27.40087890625
12,50,66,CulturaX,1327.03125,2,134,False,26.540625
8,30,42,CulturaX,800.015625,1,91,True,26.6671875
29,134,193,CulturaX,3552.53125,4,220,False,26.51142723880597
23,91,121,CulturaX,2406.15625,3,177,False,26.44127747252747
8,35,48,CulturaX,885.984375,1,91,True,25.313839285714284
16,68,96,CulturaX,1879.53125,2,134,False,27.64016544117647
9,46,67,CulturaX,1191.25,2,134,False,25.89673913043478
19,77,108,CulturaX,1952.671875,3,177,False,25.359375
14,62,94,CulturaX,1715.921875,2,134,False,27.676159274193548
24,107,159,CulturaX,2874.03125,4,220,False,26.860105140186917
12,47,59,CulturaX,1173.203125,2,134,False,24.961768617021278
15,64,88,CulturaX,1757.125,2,134,False,27.455078125
46,196,273,CulturaX,5398.359375,6,306,False,27.54264987244898
14,61,89,CulturaX,1758.015625,2,134,False,28.819928278688526
8,39,44,CulturaX,829.375,1,91,True,21.266025641025642
23,100,144,CulturaX,2580.6875,3,177,False,25.806875
13,58,80,CulturaX,1540.921875,2,134,False,26.567618534482758
15,76,112,CulturaX,2179.28125,3,177,False,28.674753289473685
16,68,87,CulturaX,1787.53125,2,134,False,26.287224264705884
15,67,101,CulturaX,1953.6875,3,177,False,29.159514925373134
14,60,87,CulturaX,1706.3125,2,134,False,28.438541666666666
25,108,153,CulturaX,3090.421875,4,220,False,28.61501736111111
8,43,59,CulturaX,1100.984375,2,134,False,25.604287790697676
9,43,61,CulturaX,1123.671875,2,134,False,26.13190406976744
12,49,71,CulturaX,1253.171875,2,134,False,25.574936224489797
11,58,83,CulturaX,1598.21875,2,134,False,27.55549568965517
9,41,60,CulturaX,1144.34375,2,134,False,27.910823170731707
43,208,291,CulturaX,5374.828125,6,306,False,25.84051983173077
21,97,140,CulturaX,2609.34375,3,177,False,26.900451030927837
14,57,81,CulturaX,1527.5625,2,134,False,26.799342105263158
17,72,97,CulturaX,1866.625,2,134,False,25.92534722222222
32,176,245,CulturaX,4370.765625,5,263,False,24.83389559659091
44,209,296,CulturaX,5456.328125,6,306,False,26.106833133971293
28,123,183,CulturaX,3314.109375,4,220,False,26.943978658536587
11,55,83,CulturaX,1566.328125,2,134,False,28.478693181818183
8,25,30,CulturaX,651.46875,1,91,True,26.05875
44,183,265,CulturaX,4902.84375,6,306,False,26.791495901639344
15,66,95,CulturaX,1780.1875,2,134,False,26.97253787878788
21,78,106,CulturaX,2037.796875,3,177,False,26.12560096153846
20,117,151,CulturaX,2635.890625,3,177,False,22.528979700854702
8,35,45,CulturaX,869.140625,1,91,True,24.832589285714285
7,36,51,CulturaX,1016.625,2,134,False,28.239583333333332
17,85,105,CulturaX,1903.4375,2,134,False,22.393382352941178
23,92,130,CulturaX,2530.515625,3,177,False,27.50560461956522
36,170,242,CulturaX,4508.671875,5,263,False,26.521599264705884
16,66,91,CulturaX,1688.40625,2,134,False,25.58191287878788
25,105,131,CulturaX,2498.546875,3,177,False,23.795684523809523
9,40,57,CulturaX,1141.21875,2,134,False,28.53046875
21,98,131,CulturaX,2503.03125,3,177,False,25.541135204081634
72,348,491,CulturaX,9294.734375,11,521,False,26.709006824712645
10,42,60,CulturaX,1112.25,2,134,False,26.482142857142858
24,115,171,CulturaX,3069.75,4,220,False,26.693478260869565
14,53,78,CulturaX,1360.609375,2,134,False,25.671875
21,81,108,CulturaX,1965.1875,3,177,False,24.261574074074073
10,51,72,CulturaX,1361.140625,2,134,False,26.689031862745097
19,88,117,CulturaX,2396.3125,3,177,False,27.230823863636363
23,96,141,CulturaX,2623.21875,3,177,False,27.3251953125
7,34,48,CulturaX,902.171875,1,91,True,26.534466911764707
24,100,143,CulturaX,2843.765625,4,220,False,28.43765625
8,35,50,CulturaX,972.734375,2,134,False,27.792410714285715
11,46,66,CulturaX,1195.078125,2,134,False,25.979959239130434
14,74,107,CulturaX,1973.515625,3,177,False,26.66913006756757
21,81,117,CulturaX,2248.421875,3,177,False,27.75829475308642
18,86,124,CulturaX,2236.0,3,177,False,26.0
29,134,187,CulturaX,3491.453125,4,220,False,26.055620335820894
28,126,181,CulturaX,3293.265625,4,220,False,26.13702876984127
15,63,88,CulturaX,1659.09375,2,134,False,26.334821428571427
19,88,129,CulturaX,2463.21875,3,177,False,27.99112215909091
51,257,382,CulturaX,6894.53125,8,392,False,26.826969844357976
7,26,36,CulturaX,700.0,1,91,True,26.923076923076923
23,97,138,CulturaX,2529.46875,3,177,False,26.076997422680414
18,77,108,CulturaX,1990.25,3,177,False,25.8474025974026
19,95,132,CulturaX,2521.875,3,177,False,26.54605263157895
7,27,40,CulturaX,748.671875,1,91,True,27.728587962962962
14,56,81,CulturaX,1530.296875,2,134,False,27.326729910714285
7,26,34,CulturaX,672.015625,1,91,True,25.846754807692307
24,109,156,CulturaX,2912.90625,4,220,False,26.723910550458715
10,48,69,CulturaX,1264.09375,2,134,False,26.335286458333332
12,43,60,CulturaX,1157.203125,2,134,False,26.911700581395348
21,92,126,CulturaX,2435.390625,3,177,False,26.47163722826087
19,90,135,CulturaX,2307.6875,3,177,False,25.64097222222222
15,64,89,CulturaX,1701.828125,2,134,False,26.591064453125
28,110,136,CulturaX,2632.5625,3,177,False,23.932386363636365
17,81,113,CulturaX,2094.5,3,177,False,25.858024691358025
8,36,53,CulturaX,975.75,2,134,False,27.104166666666668
7,27,42,CulturaX,575.6875,1,91,True,21.32175925925926
20,94,133,CulturaX,2545.625,3,177,False,27.081117021276597
17,74,107,CulturaX,2008.171875,3,177,False,27.13745777027027
7,26,38,CulturaX,713.296875,1,91,True,27.434495192307693
7,31,38,CulturaX,794.921875,1,91,True,25.64264112903226
10,44,71,CulturaX,1263.578125,2,134,False,28.71768465909091
18,77,101,CulturaX,1968.234375,3,177,False,25.56148538961039
11,39,55,CulturaX,1040.09375,2,134,False,26.669070512820515
7,37,51,CulturaX,866.1875,1,91,True,23.410472972972972
11,49,69,CulturaX,1350.328125,2,134,False,27.557716836734695
49,223,310,CulturaX,5823.328125,7,349,False,26.11357903587444
13,54,73,CulturaX,1411.28125,2,134,False,26.134837962962962
14,56,82,CulturaX,1589.40625,2,134,False,28.382254464285715
7,25,33,CulturaX,690.859375,1,91,True,27.634375
28,134,204,CulturaX,3551.828125,4,220,False,26.50618003731343
18,80,113,CulturaX,2139.859375,3,177,False,26.7482421875
11,60,85,CulturaX,1593.1875,2,134,False,26.553125
8,41,53,CulturaX,937.671875,1,91,True,22.870045731707318
22,101,148,CulturaX,2594.828125,3,177,False,25.691367574257427
12,44,62,CulturaX,1271.25,2,134,False,28.892045454545453
13,53,70,CulturaX,1447.8125,2,134,False,27.317216981132077
22,93,140,CulturaX,2599.28125,3,177,False,27.949260752688172
16,67,93,CulturaX,1789.0,2,134,False,26.70149253731343
25,96,129,CulturaX,2575.375,3,177,False,26.826822916666668
23,98,143,CulturaX,2612.78125,3,177,False,26.661033163265305
10,43,64,CulturaX,1210.0,2,134,False,28.13953488372093
33,141,215,CulturaX,3847.96875,5,263,False,27.2905585106383
23,110,161,CulturaX,3007.46875,4,220,False,27.340625
7,33,46,CulturaX,906.078125,1,91,True,27.45691287878788
7,31,44,CulturaX,745.609375,1,91,True,24.051915322580644
11,39,56,CulturaX,1131.484375,2,134,False,29.012419871794872
19,78,109,CulturaX,2092.796875,3,177,False,26.830729166666668
7,24,36,CulturaX,662.78125,1,91,True,27.615885416666668
13,61,87,CulturaX,1628.875,2,134,False,26.702868852459016
8,36,55,CulturaX,1049.96875,2,134,False,29.16579861111111
16,69,94,CulturaX,1945.203125,3,177,False,28.19134963768116
7,24,34,CulturaX,652.640625,1,91,True,27.193359375
31,138,183,CulturaX,3729.921875,5,263,False,27.028419384057973
8,35,45,CulturaX,754.203125,1,91,True,21.548660714285713
10,42,59,CulturaX,1154.375,2,134,False,27.485119047619047
18,95,127,CulturaX,2370.015625,3,177,False,24.94753289473684
27,105,142,CulturaX,2777.53125,3,177,False,26.45267857142857
8,37,58,CulturaX,934.59375,1,91,True,25.25929054054054
11,70,90,CulturaX,1647.875,2,134,False,23.541071428571428
33,153,209,CulturaX,4012.4375,5,263,False,26.225081699346404
45,210,285,CulturaX,5510.484375,6,306,False,26.240401785714287
8,34,48,CulturaX,1031.953125,2,134,False,30.3515625
28,148,195,CulturaX,3806.359375,5,263,False,25.718644425675677
32,144,212,CulturaX,3978.203125,5,263,False,27.62641059027778
21,99,136,CulturaX,2492.28125,3,177,False,25.17455808080808
16,69,100,CulturaX,1753.421875,2,134,False,25.41191123188406
77,333,474,CulturaX,9033.75,11,521,False,27.12837837837838
13,54,78,CulturaX,1504.421875,2,134,False,27.85966435185185
14,60,86,CulturaX,1723.75,2,134,False,28.729166666666668
31,146,207,CulturaX,3877.796875,5,263,False,26.56025256849315
25,108,147,CulturaX,2713.375,4,220,False,25.12384259259259
56,254,357,CulturaX,6884.453125,8,392,False,27.104146161417322
9,42,57,CulturaX,1188.921875,2,134,False,28.30766369047619
20,86,106,CulturaX,2153.984375,3,177,False,25.046329941860463
14,65,87,CulturaX,1685.609375,2,134,False,25.932451923076922
24,135,204,CulturaX,3652.90625,5,263,False,27.058564814814815
23,86,121,CulturaX,2322.359375,3,177,False,27.00417877906977
10,41,59,CulturaX,1180.40625,2,134,False,28.790396341463413
26,124,168,CulturaX,3234.546875,4,220,False,26.085055443548388
8,35,53,CulturaX,920.65625,1,91,True,26.304464285714285
14,54,71,CulturaX,1344.234375,2,134,False,24.893229166666668
7,29,42,CulturaX,790.203125,1,91,True,27.248383620689655
26,106,145,CulturaX,2700.984375,3,177,False,25.48098466981132
7,32,49,CulturaX,834.609375,1,91,True,26.08154296875
13,61,92,CulturaX,1638.796875,2,134,False,26.865522540983605
23,104,149,CulturaX,2974.34375,4,220,False,28.599459134615383
11,46,67,CulturaX,1228.828125,2,134,False,26.713654891304348
13,55,74,CulturaX,1386.875,2,134,False,25.21590909090909
18,79,113,CulturaX,2183.421875,3,177,False,27.638251582278482
23,119,162,CulturaX,3086.3125,4,220,False,25.935399159663866
9,36,52,CulturaX,960.1875,2,134,False,26.671875
23,104,150,CulturaX,2790.0625,4,220,False,26.82752403846154
14,64,87,CulturaX,1709.5625,2,134,False,26.7119140625
7,26,36,CulturaX,691.109375,1,91,True,26.581129807692307
14,54,76,CulturaX,1493.171875,2,134,False,27.65133101851852
12,48,73,CulturaX,1241.328125,2,134,False,25.861002604166668
27,109,140,CulturaX,2877.640625,4,220,False,26.40037270642202
14,62,88,CulturaX,1600.6875,2,134,False,25.817540322580644
17,78,118,CulturaX,1930.875,3,177,False,24.754807692307693
7,23,33,CulturaX,597.03125,1,91,True,25.95788043478261
27,138,176,CulturaX,3318.78125,4,220,False,24.049139492753625
9,35,53,CulturaX,978.796875,2,134,False,27.965625
12,61,74,CulturaX,1450.640625,2,134,False,23.780993852459016
15,52,72,CulturaX,1447.4375,2,134,False,27.83533653846154
19,91,114,CulturaX,2198.84375,3,177,False,24.16311813186813
12,45,69,CulturaX,1184.390625,2,134,False,26.319791666666667
22,84,116,CulturaX,2216.953125,3,177,False,26.392299107142858
15,60,81,CulturaX,1569.46875,2,134,False,26.1578125
12,61,78,CulturaX,1342.515625,2,134,False,22.00845286885246
25,117,161,CulturaX,2922.515625,4,220,False,24.978766025641026
25,122,155,CulturaX,2917.859375,4,220,False,23.91688012295082
29,133,191,CulturaX,3709.625,5,263,False,27.89191729323308
12,46,71,CulturaX,1235.5625,2,134,False,26.860054347826086
12,60,89,CulturaX,1650.390625,2,134,False,27.506510416666668
39,183,253,CulturaX,4899.78125,6,306,False,26.774760928961747
16,75,96,CulturaX,1847.953125,2,134,False,24.639375
25,99,138,CulturaX,2659.515625,4,220,False,26.86379419191919
28,124,159,CulturaX,3263.734375,4,220,False,26.320438508064516
23,105,157,CulturaX,2833.609375,4,220,False,26.986755952380953
16,65,89,CulturaX,1761.65625,2,134,False,27.102403846153845
8,38,52,CulturaX,975.875,2,134,False,25.68092105263158
14,58,78,CulturaX,1469.125,2,134,False,25.329741379310345
10,42,62,CulturaX,1135.234375,2,134,False,27.02938988095238
13,44,64,CulturaX,1189.546875,2,134,False,27.03515625
19,91,125,CulturaX,2488.234375,3,177,False,27.34323489010989
7,27,40,CulturaX,779.34375,1,91,True,28.864583333333332
10,43,57,CulturaX,1115.328125,2,134,False,25.937863372093023
17,83,118,CulturaX,2145.46875,3,177,False,25.84902108433735
25,104,144,CulturaX,2717.03125,3,177,False,26.12530048076923
10,42,59,CulturaX,1149.828125,2,134,False,27.37686011904762
13,51,76,CulturaX,1471.984375,2,134,False,28.862438725490197
14,75,100,CulturaX,1780.90625,2,134,False,23.745416666666667
20,85,116,CulturaX,2213.25,3,177,False,26.038235294117648
15,57,82,CulturaX,1526.6875,2,134,False,26.783991228070175
14,81,106,CulturaX,2081.0625,3,177,False,25.69212962962963
16,74,99,CulturaX,1814.46875,2,134,False,24.519847972972972
20,70,101,CulturaX,1919.890625,3,177,False,27.42700892857143
32,121,182,CulturaX,3310.71875,4,220,False,27.361311983471076
31,152,197,CulturaX,3885.0625,5,263,False,25.559621710526315
13,64,92,CulturaX,1635.765625,2,134,False,25.558837890625
13,50,71,CulturaX,1398.3125,2,134,False,27.96625
9,41,59,CulturaX,1154.921875,2,134,False,28.168826219512194
52,229,318,CulturaX,6373.453125,8,392,False,27.831673034934497
25,112,143,CulturaX,2706.171875,3,177,False,24.162248883928573
10,35,45,CulturaX,848.90625,1,91,True,24.254464285714285
20,106,147,CulturaX,2709.421875,3,177,False,25.560583726415093
8,34,48,CulturaX,957.609375,1,91,True,28.164981617647058
8,40,59,CulturaX,1166.265625,2,134,False,29.156640625
9,42,56,CulturaX,1049.4375,2,134,False,24.986607142857142
10,48,67,CulturaX,1297.59375,2,134,False,27.033203125
21,96,137,CulturaX,2584.109375,3,177,False,26.917805989583332
16,63,85,CulturaX,1725.671875,2,134,False,27.391617063492063
8,34,43,CulturaX,884.859375,1,91,True,26.025275735294116
7,35,54,CulturaX,972.890625,2,134,False,27.796875
21,71,99,CulturaX,1952.90625,3,177,False,27.505721830985916
16,80,117,CulturaX,2168.640625,3,177,False,27.1080078125
8,31,43,CulturaX,854.546875,1,91,True,27.566028225806452
10,43,64,CulturaX,1213.71875,2,134,False,28.226017441860463
10,38,52,CulturaX,1018.21875,2,134,False,26.795230263157894
13,52,66,CulturaX,1361.421875,2,134,False,26.181189903846153
13,60,94,CulturaX,1726.765625,3,177,False,28.779427083333335
28,109,157,CulturaX,2905.25,4,220,False,26.65366972477064
11,49,66,CulturaX,1356.3125,2,134,False,27.679846938775512
21,109,156,CulturaX,2786.234375,4,220,False,25.561783256880734
11,65,98,CulturaX,1711.421875,2,134,False,26.329567307692308
9,39,55,CulturaX,1058.75,2,134,False,27.147435897435898
8,30,41,CulturaX,774.78125,1,91,True,25.826041666666665
56,261,402,CulturaX,7209.3125,8,392,False,27.621886973180075
32,194,263,CulturaX,4801.765625,6,306,False,24.75136920103093
7,33,47,CulturaX,906.140625,1,91,True,27.458806818181817
13,72,101,CulturaX,1982.40625,3,177,False,27.53342013888889
11,56,88,CulturaX,1433.46875,2,134,False,25.59765625
30,137,190,CulturaX,3776.265625,5,263,False,27.563982664233578
12,58,83,CulturaX,1628.75,2,134,False,28.08189655172414
13,59,84,CulturaX,1625.265625,2,134,False,27.546875
17,78,111,CulturaX,2122.671875,3,177,False,27.213741987179485
10,48,67,CulturaX,1316.015625,2,134,False,27.4169921875
15,54,70,CulturaX,1344.0,2,134,False,24.88888888888889
25,112,161,CulturaX,2918.28125,4,220,False,26.056082589285715
18,91,129,CulturaX,2475.203125,3,177,False,27.20003434065934
19,79,102,CulturaX,1988.109375,3,177,False,25.165941455696203
13,59,91,CulturaX,1499.71875,2,134,False,25.41896186440678
8,40,55,CulturaX,1003.3125,2,134,False,25.0828125
56,265,368,CulturaX,6969.765625,8,392,False,26.301002358490567
16,74,107,CulturaX,1924.671875,3,177,False,26.00907939189189
28,122,163,CulturaX,3233.671875,4,220,False,26.505507172131146
9,29,38,CulturaX,796.765625,1,91,True,27.474676724137932
13,45,61,CulturaX,1115.859375,2,134,False,24.796875
19,84,118,CulturaX,2286.078125,3,177,False,27.215215773809526
16,73,103,CulturaX,1901.1875,3,177,False,26.043664383561644
7,37,52,CulturaX,970.296875,2,134,False,26.224239864864863
8,41,56,CulturaX,1060.75,2,134,False,25.871951219512194
35,187,284,CulturaX,4968.40625,6,306,False,26.569017379679146
13,55,65,CulturaX,1291.421875,2,134,False,23.480397727272727
9,47,75,CulturaX,1176.0,2,134,False,25.02127659574468
7,32,50,CulturaX,949.65625,1,91,True,29.6767578125
25,112,160,CulturaX,2917.90625,4,220,False,26.052734375
14,54,77,CulturaX,1341.609375,2,134,False,24.844618055555557
24,110,161,CulturaX,3008.296875,4,220,False,27.34815340909091
8,42,64,CulturaX,1165.796875,2,134,False,27.757068452380953
14,61,88,CulturaX,1566.921875,2,134,False,25.687243852459016
27,135,193,CulturaX,3433.375,4,220,False,25.432407407407407
9,33,46,CulturaX,841.046875,1,91,True,25.486268939393938
16,83,113,CulturaX,2081.796875,3,177,False,25.081890060240966
12,48,74,CulturaX,1513.5625,2,134,False,31.532552083333332
33,88,88,CulturaX,2050.25,3,177,False,23.298295454545453
41,185,271,CulturaX,4830.734375,6,306,False,26.112077702702702
10,39,56,CulturaX,1088.59375,2,134,False,27.912660256410255
22,78,104,CulturaX,1908.84375,3,177,False,24.47235576923077
20,104,156,CulturaX,2771.46875,4,220,False,26.64873798076923
17,77,108,CulturaX,2039.625,3,177,False,26.488636363636363
9,41,60,CulturaX,1094.96875,2,134,False,26.70655487804878
17,81,114,CulturaX,2199.90625,3,177,False,27.159336419753085
9,51,67,CulturaX,1315.15625,2,134,False,25.787377450980394
10,44,65,CulturaX,1173.15625,2,134,False,26.662642045454547
13,47,63,CulturaX,1308.40625,2,134,False,27.83843085106383
12,56,81,CulturaX,1511.859375,2,134,False,26.997488839285715
30,208,245,CulturaX,4434.234375,6,306,False,21.318434495192307
9,44,61,CulturaX,1108.28125,2,134,False,25.188210227272727
9,37,50,CulturaX,989.53125,2,134,False,26.74408783783784
10,44,62,CulturaX,1158.640625,2,134,False,26.332741477272727
45,185,250,CulturaX,5031.078125,6,306,False,27.195016891891893
19,88,119,CulturaX,2176.5625,3,177,False,24.733664772727273
15,72,93,CulturaX,1865.40625,2,134,False,25.90842013888889
55,282,408,CulturaX,7650.421875,9,435,False,27.129155585106382
28,141,197,CulturaX,3610.15625,5,263,False,25.603945035460992
31,144,213,CulturaX,3879.5,5,263,False,26.94097222222222
17,72,104,CulturaX,1796.671875,2,134,False,24.953776041666668
9,39,57,CulturaX,1140.453125,2,134,False,29.24238782051282
7,34,46,CulturaX,909.453125,1,91,True,26.748621323529413
8,43,63,CulturaX,1149.75,2,134,False,26.738372093023255
40,170,241,CulturaX,4525.9375,5,263,False,26.623161764705884
21,90,126,CulturaX,2337.734375,3,177,False,25.97482638888889
8,39,54,CulturaX,1068.8125,2,134,False,27.40544871794872
10,37,50,CulturaX,985.375,2,134,False,26.631756756756758
27,114,155,CulturaX,2980.96875,4,220,False,26.148848684210527
6,18,26,CulturaX,499.6875,1,91,True,27.760416666666668
22,83,120,CulturaX,2251.875,3,177,False,27.13102409638554
11,45,65,CulturaX,1219.953125,2,134,False,27.110069444444445
14,64,83,CulturaX,1474.796875,2,134,False,23.043701171875
17,73,106,CulturaX,1925.953125,3,177,False,26.382919520547944
29,140,185,CulturaX,3366.953125,4,220,False,24.049665178571427
26,115,174,CulturaX,3219.59375,4,220,False,27.996467391304346
9,37,55,CulturaX,1042.9375,2,134,False,28.1875
11,43,60,CulturaX,1184.484375,2,134,False,27.546148255813954
7,35,48,CulturaX,983.828125,2,134,False,28.109375
7,30,43,CulturaX,818.203125,1,91,True,27.2734375
14,53,69,CulturaX,1279.71875,2,134,False,24.14563679245283
11,43,58,CulturaX,997.5625,2,134,False,23.199127906976745
20,103,140,CulturaX,2720.71875,4,220,False,26.414745145631066
7,30,40,CulturaX,801.484375,1,91,True,26.716145833333332
7,26,37,CulturaX,694.71875,1,91,True,26.719951923076923
7,25,33,CulturaX,677.390625,1,91,True,27.095625
35,152,216,CulturaX,4045.703125,5,263,False,26.61646792763158
37,166,242,CulturaX,4426.484375,5,263,False,26.665568524096386
18,96,132,CulturaX,2577.265625,4,220,False,26.846516927083332
8,31,47,CulturaX,832.140625,1,91,True,26.843245967741936
8,42,57,CulturaX,1035.953125,2,134,False,24.665550595238095
38,173,254,CulturaX,4774.296875,6,306,False,27.597091763005782
15,69,102,CulturaX,1762.40625,2,134,False,25.54211956521739
8,35,51,CulturaX,949.46875,1,91,True,27.12767857142857
16,64,91,CulturaX,1708.921875,2,134,False,26.701904296875
20,92,130,CulturaX,2463.703125,3,177,False,26.77938179347826
18,75,107,CulturaX,2013.234375,3,177,False,26.843125
17,86,128,CulturaX,2367.40625,3,177,False,27.52797965116279
36,161,223,CulturaX,4163.21875,5,263,False,25.85850155279503
7,44,62,CulturaX,1182.078125,2,134,False,26.865411931818183
16,70,93,CulturaX,1878.71875,2,134,False,26.838839285714286
24,119,168,CulturaX,3170.0625,4,220,False,26.639180672268907
7,32,45,CulturaX,833.671875,1,91,True,26.05224609375
18,82,112,CulturaX,2254.59375,3,177,False,27.495045731707318
14,58,94,CulturaX,1705.703125,2,134,False,29.408674568965516
19,82,120,CulturaX,2245.0625,3,177,False,27.378810975609756
17,65,87,CulturaX,1683.4375,2,134,False,25.89903846153846
18,76,104,CulturaX,1882.8125,2,134,False,24.773848684210527
12,48,68,CulturaX,1306.25,2,134,False,27.213541666666668
32,146,213,CulturaX,3930.484375,5,263,False,26.921125856164384
7,28,40,CulturaX,777.828125,1,91,True,27.779575892857142
15,71,105,CulturaX,1864.28125,2,134,False,26.257482394366196
25,102,132,CulturaX,2592.6875,3,177,False,25.418504901960784
20,96,136,CulturaX,2513.34375,3,177,False,26.1806640625
21,109,155,CulturaX,2815.734375,3,177,False,25.832425458715598
9,48,69,CulturaX,1299.390625,2,134,False,27.070638020833332
28,117,160,CulturaX,3086.28125,4,220,False,26.37847222222222
14,63,97,CulturaX,1708.0,2,134,False,27.11111111111111
12,54,80,CulturaX,1425.109375,2,134,False,26.39091435185185
21,104,152,CulturaX,2690.78125,4,220,False,25.872896634615383
53,251,366,CulturaX,6735.421875,8,392,False,26.834350099601593
17,69,101,CulturaX,1958.59375,3,177,False,28.385416666666668
17,75,106,CulturaX,2051.984375,3,177,False,27.359791666666666
15,59,88,CulturaX,1593.453125,2,134,False,27.00768008474576
11,47,70,CulturaX,1301.34375,2,134,False,27.68816489361702
59,268,378,CulturaX,7072.125,8,392,False,26.388526119402986
11,46,64,CulturaX,1178.859375,2,134,False,25.627377717391305
16,68,98,CulturaX,1869.90625,3,177,False,27.498621323529413
21,124,186,CulturaX,3349.28125,4,220,False,27.010332661290324
12,54,79,CulturaX,1504.953125,2,134,False,27.869502314814813
9,40,54,CulturaX,1093.84375,2,134,False,27.34609375
19,91,121,CulturaX,2424.125,3,177,False,26.638736263736263
10,49,73,CulturaX,1354.5625,2,134,False,27.644132653061224
7,27,39,CulturaX,767.34375,1,91,True,28.42013888888889
9,31,42,CulturaX,868.140625,1,91,True,28.00453629032258
14,60,87,CulturaX,1665.5,2,134,False,27.758333333333333
9,56,84,CulturaX,1444.546875,2,134,False,25.795479910714285
9,36,51,CulturaX,1059.171875,2,134,False,29.42144097222222
12,50,66,CulturaX,1313.046875,2,134,False,26.2609375
23,101,147,CulturaX,2847.375,4,220,False,28.191831683168317
17,76,107,CulturaX,2005.9375,3,177,False,26.39391447368421
12,49,62,CulturaX,1241.34375,2,134,False,25.333545918367346
31,139,202,CulturaX,3561.140625,4,220,False,25.619716726618705
22,99,143,CulturaX,2657.34375,3,177,False,26.841856060606062
26,133,163,CulturaX,3082.53125,4,220,False,23.176926691729324
15,62,81,CulturaX,1612.25,2,134,False,26.004032258064516
24,103,143,CulturaX,2814.046875,4,220,False,27.32084344660194
11,56,77,CulturaX,1612.34375,2,134,False,28.791852678571427
7,28,40,CulturaX,814.015625,1,91,True,29.071986607142858
16,61,87,CulturaX,1631.875,2,134,False,26.75204918032787
11,48,65,CulturaX,1303.75,2,134,False,27.161458333333332
20,99,144,CulturaX,2708.8125,3,177,False,27.361742424242426
16,77,102,CulturaX,1997.46875,3,177,False,25.9411525974026
8,33,46,CulturaX,869.515625,1,91,True,26.348958333333332
18,82,122,CulturaX,2174.203125,3,177,False,26.514672256097562
8,53,60,CulturaX,1127.25,2,134,False,21.2688679245283
11,42,59,CulturaX,1060.40625,2,134,False,25.247767857142858
9,36,49,CulturaX,955.28125,1,91,True,26.53559027777778
12,44,60,CulturaX,1188.296875,2,134,False,27.00674715909091
43,199,287,CulturaX,5474.734375,6,306,False,27.51122801507538
7,24,35,CulturaX,676.96875,1,91,True,28.20703125
37,167,239,CulturaX,4418.265625,5,263,False,26.456680389221557
16,83,107,CulturaX,1849.5,2,134,False,22.283132530120483
11,47,67,CulturaX,1188.640625,2,134,False,25.290226063829788
8,36,55,CulturaX,984.75,2,134,False,27.354166666666668
40,196,291,CulturaX,5400.9375,6,306,False,27.555803571428573
12,48,65,CulturaX,1269.3125,2,134,False,26.444010416666668
8,28,37,CulturaX,761.375,1,91,True,27.191964285714285
22,98,146,CulturaX,2668.96875,3,177,False,27.234375
8,28,36,CulturaX,594.359375,1,91,True,21.227120535714285
17,77,112,CulturaX,2037.734375,3,177,False,26.464082792207794
11,43,62,CulturaX,1163.390625,2,134,False,27.05559593023256
7,33,45,CulturaX,848.21875,1,91,True,25.703598484848484
21,102,149,CulturaX,2704.5,4,220,False,26.514705882352942
9,41,54,CulturaX,1149.671875,2,134,False,28.04077743902439
13,54,79,CulturaX,1460.890625,2,134,False,27.05353009259259
75,325,443,CulturaX,8922.578125,10,478,False,27.45408653846154
14,65,84,CulturaX,1689.078125,2,134,False,25.985817307692308
12,51,75,CulturaX,1363.046875,2,134,False,26.72640931372549
27,103,143,CulturaX,2717.59375,3,177,False,26.384405339805824
11,43,56,CulturaX,1095.453125,2,134,False,25.47565406976744
13,53,75,CulturaX,1425.640625,2,134,False,26.89887971698113
24,95,137,CulturaX,2347.578125,3,177,False,24.711348684210527
8,36,52,CulturaX,890.859375,1,91,True,24.74609375
10,45,65,CulturaX,1234.6875,2,134,False,27.4375
8,37,42,CulturaX,872.421875,1,91,True,23.578969594594593
7,27,35,CulturaX,680.625,1,91,True,25.208333333333332
10,42,56,CulturaX,1087.171875,2,134,False,25.885044642857142
9,41,52,CulturaX,1043.71875,2,134,False,25.45655487804878
20,86,117,CulturaX,2120.171875,3,177,False,24.6531613372093
37,165,219,CulturaX,4478.609375,5,263,False,27.143087121212123
50,230,331,CulturaX,6118.6875,7,349,False,26.602989130434782
81,338,490,CulturaX,8921.484375,10,478,False,26.394924186390533
19,86,122,CulturaX,2326.640625,3,177,False,27.053960755813954
17,87,129,CulturaX,2330.859375,3,177,False,26.791487068965516
7,30,40,CulturaX,839.671875,1,91,True,27.9890625
12,50,70,CulturaX,1261.25,2,134,False,25.225
11,44,63,CulturaX,1116.046875,2,134,False,25.364701704545453
7,27,37,CulturaX,664.671875,1,91,True,24.61747685185185
26,114,155,CulturaX,2986.21875,4,220,False,26.194901315789473
15,77,122,CulturaX,2090.078125,3,177,False,27.143871753246753
9,26,35,CulturaX,715.71875,1,91,True,27.52764423076923
8,32,47,CulturaX,891.40625,1,91,True,27.8564453125
37,186,282,CulturaX,5068.734375,6,306,False,27.25126008064516
10,48,68,CulturaX,1325.90625,2,134,False,27.623046875
24,121,174,CulturaX,3324.3125,4,220,False,27.47365702479339
14,70,84,CulturaX,1666.90625,2,134,False,23.81294642857143
8,36,46,CulturaX,978.296875,2,134,False,27.174913194444443
13,48,75,CulturaX,1253.25,2,134,False,26.109375
27,112,153,CulturaX,2986.984375,4,220,False,26.669503348214285
13,50,69,CulturaX,1209.046875,2,134,False,24.1809375
16,74,108,CulturaX,2064.90625,3,177,False,27.904138513513512
15,72,105,CulturaX,1914.65625,3,177,False,26.592447916666668
31,140,192,CulturaX,3749.65625,5,263,False,26.783258928571428
8,36,50,CulturaX,931.9375,1,91,True,25.88715277777778
13,64,89,CulturaX,1650.28125,2,134,False,25.78564453125
16,68,96,CulturaX,1658.515625,2,134,False,24.389935661764707
23,105,148,CulturaX,2828.546875,3,177,False,26.938541666666666
27,140,207,CulturaX,3683.515625,5,263,False,26.310825892857142
9,32,44,CulturaX,813.28125,1,91,True,25.4150390625
14,52,66,CulturaX,1342.21875,2,134,False,25.81189903846154
23,99,145,CulturaX,2682.4375,3,177,False,27.095328282828284
30,140,199,CulturaX,3685.953125,4,220,False,26.328236607142856
16,80,113,CulturaX,2009.453125,3,177,False,25.1181640625
9,45,67,CulturaX,1300.484375,2,134,False,28.899652777777778
7,31,46,CulturaX,781.40625,1,91,True,25.206653225806452
38,189,259,CulturaX,4712.6875,6,306,False,24.934854497354497
27,110,154,CulturaX,2914.234375,4,220,False,26.493039772727272
19,87,123,CulturaX,2339.140625,3,177,False,26.886673850574713
7,28,39,CulturaX,720.140625,1,91,True,25.719308035714285
41,194,280,CulturaX,5321.359375,6,306,False,27.4296875
24,104,148,CulturaX,2676.09375,3,177,False,25.731670673076923
13,63,87,CulturaX,1692.328125,2,134,False,26.86235119047619
20,104,133,CulturaX,2621.671875,3,177,False,25.20838341346154
8,33,49,CulturaX,918.5,1,91,True,27.833333333333332
13,60,86,CulturaX,1582.21875,2,134,False,26.3703125
38,192,271,CulturaX,5136.515625,6,306,False,26.752685546875
14,67,92,CulturaX,1826.328125,2,134,False,27.258628731343283
15,60,80,CulturaX,1667.828125,2,134,False,27.797135416666666
22,108,145,CulturaX,2858.65625,4,220,False,26.46903935185185
7,32,43,CulturaX,838.9375,1,91,True,26.216796875
9,35,46,CulturaX,901.59375,1,91,True,25.759821428571428
10,40,56,CulturaX,1123.84375,2,134,False,28.09609375
21,95,131,CulturaX,2487.609375,3,177,False,26.185361842105262
13,77,91,CulturaX,1784.796875,2,134,False,23.179180194805195
14,65,91,CulturaX,1703.84375,2,134,False,26.212980769230768
26,122,171,CulturaX,3245.28125,4,220,False,26.600665983606557
21,101,141,CulturaX,2649.34375,3,177,False,26.231126237623762
21,107,151,CulturaX,2834.671875,4,220,False,26.492260514018692
31,147,214,CulturaX,3966.359375,5,263,False,26.98203656462585
24,120,161,CulturaX,3174.125,4,220,False,26.451041666666665
29,116,179,CulturaX,2920.09375,4,220,False,25.17322198275862
11,56,75,CulturaX,1399.984375,2,134,False,24.999720982142858
28,124,167,CulturaX,3188.1875,4,220,False,25.711189516129032
15,65,94,CulturaX,1758.484375,2,134,False,27.05360576923077
9,38,52,CulturaX,916.921875,1,91,True,24.12952302631579
24,97,129,CulturaX,2458.34375,3,177,False,25.34375
32,143,189,CulturaX,3681.78125,4,220,False,25.746722027972027
12,65,87,CulturaX,1583.359375,2,134,False,24.359375
8,33,49,CulturaX,930.625,1,91,True,28.200757575757574
18,76,106,CulturaX,2045.71875,3,177,False,26.91735197368421
15,68,88,CulturaX,1648.296875,2,134,False,24.239659926470587
21,75,103,CulturaX,1981.546875,3,177,False,26.420625
16,70,103,CulturaX,1835.40625,2,134,False,26.220089285714284
25,111,154,CulturaX,2960.796875,4,220,False,26.67384572072072
37,172,245,CulturaX,4641.921875,5,263,False,26.987917877906977
7,32,51,CulturaX,812.875,1,91,True,25.40234375
8,30,40,CulturaX,778.125,1,91,True,25.9375
14,58,84,CulturaX,1643.171875,2,134,False,28.330549568965516
10,40,54,CulturaX,1021.65625,2,134,False,25.54140625
35,171,218,CulturaX,3612.390625,4,220,False,21.125091374269005
38,160,229,CulturaX,4344.359375,5,263,False,27.15224609375
7,38,57,CulturaX,1050.765625,2,134,False,27.65172697368421
16,64,93,CulturaX,1726.71875,2,134,False,26.97998046875
30,110,156,CulturaX,2837.21875,3,177,False,25.792897727272727
16,71,98,CulturaX,1875.421875,3,177,False,26.414392605633804
14,71,110,CulturaX,2046.203125,3,177,False,28.81976232394366
50,224,314,CulturaX,6007.46875,7,349,False,26.819056919642858
7,25,36,CulturaX,632.3125,1,91,True,25.2925
11,42,57,CulturaX,1061.71875,2,134,False,25.279017857142858
13,73,96,CulturaX,1920.0625,3,177,False,26.30222602739726
18,79,109,CulturaX,2170.015625,3,177,False,27.468552215189874
14,51,75,CulturaX,1346.1875,2,134,False,26.395833333333332
10,43,58,CulturaX,1212.828125,2,134,False,28.20530523255814
13,63,99,CulturaX,1638.84375,2,134,False,26.013392857142858
31,170,239,CulturaX,4529.90625,5,263,False,26.64650735294118
40,170,232,CulturaX,4230.96875,5,263,False,24.888051470588234
34,168,241,CulturaX,4457.171875,6,306,False,26.530784970238095
38,176,243,CulturaX,4648.421875,6,306,False,26.411487926136363
22,93,133,CulturaX,2568.671875,3,177,False,27.620127688172044
10,56,85,CulturaX,1492.015625,2,134,False,26.643136160714285
7,34,53,CulturaX,975.09375,2,134,False,28.67922794117647
11,39,56,CulturaX,1167.109375,2,134,False,29.92588141025641
43,216,267,CulturaX,5096.671875,6,306,False,23.595703125
7,31,43,CulturaX,851.453125,1,91,True,27.466229838709676
20,84,118,CulturaX,2248.5,3,177,False,26.767857142857142
10,47,74,CulturaX,1251.09375,2,134,False,26.61901595744681
13,67,90,CulturaX,1684.8125,2,134,False,25.146455223880597
18,81,113,CulturaX,2131.65625,3,177,False,26.316743827160494
9,34,46,CulturaX,878.828125,1,91,True,25.847886029411764
25,113,154,CulturaX,3016.46875,4,220,False,26.69441371681416
14,72,108,CulturaX,1849.9375,3,177,False,25.69357638888889
7,25,34,CulturaX,667.203125,1,91,True,26.688125
12,50,69,CulturaX,1275.875,2,134,False,25.5175
10,50,69,CulturaX,1288.265625,2,134,False,25.7653125
31,136,187,CulturaX,3611.046875,5,263,False,26.551815257352942
15,73,106,CulturaX,1937.703125,3,177,False,26.543878424657535
37,180,254,CulturaX,4860.765625,6,306,False,27.00425347222222
8,25,35,CulturaX,617.9375,1,91,True,24.7175
8,32,44,CulturaX,846.53125,1,91,True,26.4541015625
14,52,74,CulturaX,1404.75,2,134,False,27.014423076923077
9,44,64,CulturaX,1227.984375,2,134,False,27.908735795454547
25,116,168,CulturaX,3104.625,4,220,False,26.764008620689655
9,39,56,CulturaX,1068.203125,2,134,False,27.38982371794872
11,51,73,CulturaX,1314.03125,2,134,False,25.76531862745098
16,77,115,CulturaX,2093.734375,3,177,False,27.19135551948052
31,150,216,CulturaX,4087.671875,5,263,False,27.251145833333332
22,104,156,CulturaX,2753.171875,4,220,False,26.472806490384617
29,119,166,CulturaX,3207.75,4,220,False,26.955882352941178
13,54,78,CulturaX,1358.859375,2,134,False,25.1640625
17,77,105,CulturaX,2017.53125,3,177,False,26.201704545454547
36,143,194,CulturaX,3773.546875,5,263,False,26.388439685314687
97,444,652,CulturaX,12353.03125,14,650,False,27.822142454954953
30,171,247,CulturaX,4289.265625,5,263,False,25.08342470760234
19,78,110,CulturaX,2055.28125,3,177,False,26.349759615384617
7,37,52,CulturaX,1032.328125,2,134,False,27.900760135135137
13,51,70,CulturaX,1276.109375,2,134,False,25.021752450980394
24,92,128,CulturaX,2415.15625,3,177,False,26.25169836956522
28,113,149,CulturaX,2914.625,4,220,False,25.793141592920353
24,111,159,CulturaX,2947.734375,4,220,False,26.55616554054054
24,100,148,CulturaX,2774.21875,4,220,False,27.7421875
18,78,109,CulturaX,2081.734375,3,177,False,26.688902243589745
15,74,105,CulturaX,1964.921875,3,177,False,26.55299831081081
9,36,52,CulturaX,1008.78125,2,134,False,28.02170138888889
8,27,43,CulturaX,787.5,1,91,True,29.166666666666668
12,51,71,CulturaX,1346.0,2,134,False,26.392156862745097
13,61,87,CulturaX,1685.828125,2,134,False,27.63652663934426
37,181,263,CulturaX,4843.890625,6,306,False,26.761826657458563
7,27,38,CulturaX,700.96875,1,91,True,25.961805555555557
33,166,250,CulturaX,4482.34375,5,263,False,27.00207078313253
9,36,52,CulturaX,948.34375,1,91,True,26.342881944444443
16,68,99,CulturaX,1785.0625,2,134,False,26.250919117647058
14,59,85,CulturaX,1581.71875,2,134,False,26.808792372881356
14,75,109,CulturaX,2002.125,3,177,False,26.695
8,42,64,CulturaX,1158.15625,2,134,False,27.57514880952381
16,79,118,CulturaX,2209.953125,3,177,False,27.97409018987342
17,80,113,CulturaX,2106.078125,3,177,False,26.3259765625
14,60,90,CulturaX,1614.21875,2,134,False,26.903645833333332
7,26,34,CulturaX,639.09375,1,91,True,24.580528846153847
21,96,136,CulturaX,2583.4375,3,177,False,26.910807291666668
10,43,60,CulturaX,1111.078125,2,134,False,25.8390261627907
24,100,143,CulturaX,2574.28125,3,177,False,25.7428125
13,62,92,CulturaX,1730.875,2,134,False,27.91733870967742
10,57,81,CulturaX,1474.3125,2,134,False,25.86513157894737
14,64,96,CulturaX,1779.515625,2,134,False,27.804931640625
30,135,199,CulturaX,3859.203125,5,263,False,28.586689814814815
10,45,62,CulturaX,1218.90625,2,134,False,27.086805555555557
14,58,89,CulturaX,1633.5,2,134,False,28.163793103448278
24,108,140,CulturaX,2671.828125,3,177,False,24.739149305555557
9,41,56,CulturaX,962.6875,2,134,False,23.48018292682927
27,109,144,CulturaX,2757.359375,3,177,False,25.296875
30,148,219,CulturaX,4164.0625,5,263,False,28.13555743243243
9,33,43,CulturaX,910.28125,1,91,True,27.584280303030305
21,95,134,CulturaX,2450.546875,3,177,False,25.795230263157894
13,56,74,CulturaX,1493.90625,2,134,False,26.676897321428573
20,83,114,CulturaX,2302.734375,3,177,False,27.74378765060241
20,94,128,CulturaX,2517.109375,3,177,False,26.77775930851064
8,34,48,CulturaX,893.40625,1,91,True,26.276654411764707
14,60,86,CulturaX,1651.359375,2,134,False,27.52265625
8,28,44,CulturaX,734.421875,1,91,True,26.229352678571427
20,95,133,CulturaX,2645.640625,4,220,False,27.848848684210527
12,55,78,CulturaX,1453.40625,2,134,False,26.425568181818182
11,41,61,CulturaX,1154.515625,2,134,False,28.15891768292683
68,328,445,CulturaX,8440.984375,10,478,False,25.734708460365855
9,35,45,CulturaX,866.265625,1,91,True,24.75044642857143
23,122,172,CulturaX,3279.921875,4,220,False,26.884605532786885
17,82,113,CulturaX,2174.359375,3,177,False,26.516577743902438
7,27,33,CulturaX,634.171875,1,91,True,23.48784722222222
9,34,50,CulturaX,983.125,2,134,False,28.915441176470587
10,51,75,CulturaX,1401.0625,2,134,False,27.471813725490197
9,50,65,CulturaX,1083.90625,2,134,False,21.678125
13,55,82,CulturaX,1475.15625,2,134,False,26.821022727272727
9,30,41,CulturaX,777.125,1,91,True,25.904166666666665
10,47,61,CulturaX,1239.4375,2,134,False,26.37101063829787
10,47,69,CulturaX,1265.40625,2,134,False,26.923537234042552
22,96,142,CulturaX,2552.453125,3,177,False,26.588053385416668
33,147,206,CulturaX,4068.21875,5,263,False,27.674957482993197
12,49,70,CulturaX,1262.453125,2,134,False,25.76434948979592
17,81,114,CulturaX,2205.453125,3,177,False,27.22781635802469
22,97,146,CulturaX,2586.578125,3,177,False,26.665753865979383
10,32,45,CulturaX,826.234375,1,91,True,25.81982421875
9,41,59,CulturaX,1158.1875,2,134,False,28.2484756097561
21,86,126,CulturaX,2275.875,3,177,False,26.463662790697676
16,77,97,CulturaX,1856.21875,3,177,False,24.10673701298701
38,189,272,CulturaX,5016.21875,6,306,False,26.540839947089946
8,29,42,CulturaX,792.46875,1,91,True,27.326508620689655
29,114,166,CulturaX,2965.625,4,220,False,26.01425438596491
7,31,46,CulturaX,858.5625,1,91,True,27.695564516129032
25,109,153,CulturaX,2795.765625,3,177,False,25.649225917431192
7,40,51,CulturaX,989.5,2,134,False,24.7375
16,60,88,CulturaX,1686.53125,2,134,False,28.108854166666667
19,91,131,CulturaX,2524.234375,3,177,False,27.738839285714285
14,58,79,CulturaX,1529.59375,2,134,False,26.372306034482758
8,33,47,CulturaX,873.75,1,91,True,26.477272727272727
9,50,65,CulturaX,1337.59375,2,134,False,26.751875
10,44,66,CulturaX,1175.8125,2,134,False,26.723011363636363
11,50,70,CulturaX,1323.390625,2,134,False,26.4678125
9,43,58,CulturaX,1105.625,2,134,False,25.712209302325583
28,158,205,CulturaX,3844.703125,5,263,False,24.333564082278482
10,35,55,CulturaX,927.359375,1,91,True,26.495982142857144
8,41,60,CulturaX,1024.5625,2,134,False,24.989329268292682
21,85,114,CulturaX,2241.078125,3,177,False,26.365625
32,127,187,CulturaX,3610.453125,4,220,False,28.428764763779526
7,32,46,CulturaX,819.359375,1,91,True,25.60498046875
7,39,50,CulturaX,831.890625,1,91,True,21.330528846153847
8,37,51,CulturaX,998.84375,2,134,False,26.995777027027028
36,170,252,CulturaX,4506.453125,5,263,False,26.508547794117646
7,33,49,CulturaX,939.171875,1,91,True,28.45975378787879
13,62,91,CulturaX,1698.59375,2,134,False,27.396673387096776
7,42,59,CulturaX,1130.921875,2,134,False,26.92671130952381
7,27,35,CulturaX,679.578125,1,91,True,25.169560185185187
7,25,36,CulturaX,720.6875,1,91,True,28.8275
12,51,74,CulturaX,1378.6875,2,134,False,27.033088235294116
21,84,120,CulturaX,2383.796875,3,177,False,28.378534226190474
9,42,58,CulturaX,1147.53125,2,134,False,27.32217261904762
8,30,44,CulturaX,824.1875,1,91,True,27.472916666666666
19,95,127,CulturaX,2473.21875,3,177,False,26.03388157894737
18,81,114,CulturaX,2144.140625,3,177,False,26.470871913580247
10,46,65,CulturaX,1230.6875,2,134,False,26.754076086956523
44,209,296,CulturaX,5559.171875,6,306,False,26.598908492822968
22,110,162,CulturaX,2704.5,3,177,False,24.586363636363636
17,66,88,CulturaX,1601.796875,2,134,False,24.26964962121212
16,68,97,CulturaX,1798.546875,2,134,False,26.44921875
12,53,85,CulturaX,1582.40625,2,134,False,29.85672169811321
30,129,177,CulturaX,3410.25,4,220,False,26.436046511627907
12,48,69,CulturaX,1349.25,2,134,False,28.109375
7,34,53,CulturaX,948.984375,1,91,True,27.911305147058822
9,38,55,CulturaX,1111.84375,2,134,False,29.25904605263158
13,61,93,CulturaX,1753.15625,2,134,False,28.740266393442624
25,94,138,CulturaX,2599.546875,3,177,False,27.6547539893617
28,137,191,CulturaX,3411.4375,4,220,False,24.901003649635037
39,164,246,CulturaX,4717.09375,6,306,False,28.762766768292682
28,124,177,CulturaX,3373.4375,4,220,False,27.20514112903226
36,157,220,CulturaX,4329.375,5,263,False,27.57563694267516
91,440,585,CulturaX,11034.671875,13,607,False,25.078799715909092
9,42,61,CulturaX,1143.46875,2,134,False,27.225446428571427
12,55,74,CulturaX,1564.890625,2,134,False,28.45255681818182
12,54,76,CulturaX,1466.171875,2,134,False,27.15133101851852
11,47,63,CulturaX,1265.3125,2,134,False,26.92154255319149
8,41,62,CulturaX,1132.375,2,134,False,27.61890243902439
7,25,35,CulturaX,675.9375,1,91,True,27.0375
35,136,187,CulturaX,3639.265625,4,220,False,26.75930606617647
9,38,55,CulturaX,1109.859375,2,134,False,29.206825657894736
19,81,113,CulturaX,2177.109375,3,177,False,26.87789351851852
15,66,93,CulturaX,1729.140625,2,134,False,26.19910037878788
38,202,282,CulturaX,5498.859375,6,306,False,27.222076113861387
12,52,71,CulturaX,1297.28125,2,134,False,24.947716346153847
8,40,55,CulturaX,1111.5625,2,134,False,27.7890625
17,74,106,CulturaX,1964.296875,3,177,False,26.544552364864863
7,24,35,CulturaX,718.421875,1,91,True,29.934244791666668
12,57,80,CulturaX,1563.03125,2,134,False,27.421600877192983
15,71,96,CulturaX,1799.921875,2,134,False,25.35101232394366
24,95,130,CulturaX,2539.5,3,177,False,26.731578947368423
10,52,71,CulturaX,1262.15625,2,134,False,24.272235576923077
10,45,64,CulturaX,1103.75,2,134,False,24.52777777777778
7,36,51,CulturaX,898.890625,1,91,True,24.96918402777778
12,64,89,CulturaX,1710.4375,2,134,False,26.7255859375
13,44,63,CulturaX,1115.203125,2,134,False,25.345525568181817
10,41,58,CulturaX,1193.6875,2,134,False,29.114329268292682
14,72,109,CulturaX,1896.875,3,177,False,26.34548611111111
14,55,76,CulturaX,1548.0,2,134,False,28.145454545454545
9,36,54,CulturaX,1095.09375,2,134,False,30.419270833333332
21,94,128,CulturaX,2422.75,3,177,False,25.773936170212767
12,56,73,CulturaX,1354.171875,2,134,False,24.181640625
15,58,78,CulturaX,1486.8125,2,134,False,25.634698275862068
8,32,51,CulturaX,845.15625,1,91,True,26.4111328125
17,88,128,CulturaX,2389.75,3,177,False,27.15625
8,32,43,CulturaX,885.296875,1,91,True,27.66552734375
36,177,237,CulturaX,4671.578125,6,306,False,26.39309675141243
34,158,222,CulturaX,4356.328125,5,263,False,27.571696993670887
17,78,109,CulturaX,2198.640625,3,177,False,28.18770032051282
11,53,76,CulturaX,1531.15625,2,134,False,28.889740566037737
13,62,88,CulturaX,1562.640625,2,134,False,25.203881048387096
11,52,74,CulturaX,1365.34375,2,134,False,26.256610576923077
11,49,65,CulturaX,1313.5625,2,134,False,26.807397959183675
21,107,156,CulturaX,2890.75,4,220,False,27.016355140186917
9,27,40,CulturaX,772.640625,1,91,True,28.616319444444443
10,49,69,CulturaX,1451.265625,2,134,False,29.617665816326532
15,60,80,CulturaX,1542.453125,2,134,False,25.707552083333333
7,34,51,CulturaX,897.75,1,91,True,26.404411764705884
8,33,37,CulturaX,715.65625,1,91,True,21.68655303030303
26,122,177,CulturaX,3218.09375,4,220,False,26.37781762295082
11,35,49,CulturaX,939.0,1,91,True,26.82857142857143
19,87,125,CulturaX,2422.296875,3,177,False,27.842492816091955
10,53,77,CulturaX,1344.609375,2,134,False,25.36998820754717
10,42,48,CulturaX,948.25,1,91,True,22.577380952380953
9,30,41,CulturaX,748.65625,1,91,True,24.955208333333335
11,51,76,CulturaX,1389.296875,2,134,False,27.241115196078432
20,92,135,CulturaX,2374.765625,3,177,False,25.812669836956523
29,130,176,CulturaX,3387.59375,4,220,False,26.05841346153846
12,56,84,CulturaX,1503.328125,2,134,False,26.845145089285715
10,49,75,CulturaX,1381.34375,2,134,False,28.190688775510203
18,82,117,CulturaX,2319.171875,3,177,False,28.282583841463413
37,150,219,CulturaX,3872.015625,5,263,False,25.8134375
13,54,72,CulturaX,1435.359375,2,134,False,26.580729166666668
12,51,69,CulturaX,1369.359375,2,134,False,26.850183823529413
29,114,158,CulturaX,2878.015625,4,220,False,25.24575109649123
10,42,62,CulturaX,1206.34375,2,134,False,28.722470238095237
11,47,65,CulturaX,1336.765625,2,134,False,28.44182180851064
20,85,121,CulturaX,2239.375,3,177,False,26.345588235294116
10,44,61,CulturaX,1171.484375,2,134,False,26.624644886363637
40,169,242,CulturaX,4532.5625,5,263,False,26.819896449704142
44,225,294,CulturaX,5523.703125,7,349,False,24.549791666666668
7,28,37,CulturaX,737.40625,1,91,True,26.3359375
17,86,123,CulturaX,2342.78125,3,177,False,27.241642441860463
25,130,148,CulturaX,2920.734375,4,220,False,22.4671875
17,81,120,CulturaX,2217.390625,3,177,False,27.375192901234566
11,48,65,CulturaX,1325.21875,2,134,False,27.608723958333332
25,95,133,CulturaX,2547.21875,3,177,False,26.81282894736842
8,36,55,CulturaX,1020.40625,2,134,False,28.344618055555557
9,39,56,CulturaX,1050.453125,2,134,False,26.934695512820515
23,97,130,CulturaX,2470.125,3,177,False,25.46520618556701
7,25,35,CulturaX,683.34375,1,91,True,27.33375
7,29,42,CulturaX,846.578125,1,91,True,29.192349137931036
19,77,111,CulturaX,2070.546875,3,177,False,26.890219155844157
7,31,46,CulturaX,868.984375,1,91,True,28.031754032258064
28,109,163,CulturaX,2835.296875,4,220,False,26.011897935779817
15,70,98,CulturaX,1810.25,2,134,False,25.860714285714284
7,26,33,CulturaX,539.5,1,91,True,20.75
22,100,131,CulturaX,2562.515625,3,177,False,25.62515625
20,98,142,CulturaX,2619.921875,3,177,False,26.733896683673468
18,70,97,CulturaX,1784.421875,2,134,False,25.49174107142857
12,43,60,CulturaX,1102.796875,2,134,False,25.64643895348837
21,91,129,CulturaX,2439.546875,3,177,False,26.808207417582416
18,78,116,CulturaX,2110.65625,3,177,False,27.059695512820515
17,67,91,CulturaX,1765.328125,2,134,False,26.348180970149254
13,63,82,CulturaX,1721.234375,2,134,False,27.321180555555557
14,55,73,CulturaX,1493.703125,2,134,False,27.158238636363638
20,73,105,CulturaX,1910.65625,3,177,False,26.173373287671232
17,75,103,CulturaX,1995.984375,3,177,False,26.613125
36,143,202,CulturaX,3853.625,5,263,False,26.948426573426573
21,93,134,CulturaX,2605.9375,3,177,False,28.020833333333332
11,51,63,CulturaX,1277.90625,2,134,False,25.05698529411765
9,38,55,CulturaX,974.3125,2,134,False,25.63980263157895
34,162,221,CulturaX,4348.8125,5,263,False,26.844521604938272
7,30,42,CulturaX,781.921875,1,91,True,26.0640625
23,101,144,CulturaX,2741.546875,3,177,False,27.144028465346533
12,56,77,CulturaX,1560.859375,2,134,False,27.872488839285715
9,38,54,CulturaX,959.484375,1,91,True,25.249588815789473
17,77,109,CulturaX,2081.71875,3,177,False,27.035308441558442
10,42,60,CulturaX,1108.40625,2,134,False,26.390625
23,94,137,CulturaX,2460.875,3,177,False,26.179521276595743
28,129,176,CulturaX,3554.25,4,220,False,27.552325581395348
14,54,78,CulturaX,1406.421875,2,134,False,26.044849537037038
26,109,153,CulturaX,2926.859375,4,220,False,26.85192087155963
21,92,123,CulturaX,2442.59375,3,177,False,26.54993206521739
11,50,72,CulturaX,1437.328125,2,134,False,28.7465625
8,34,51,CulturaX,937.984375,1,91,True,27.587775735294116
23,114,166,CulturaX,3085.390625,4,220,False,27.06483004385965
19,88,125,CulturaX,2262.84375,3,177,False,25.714133522727273
9,31,43,CulturaX,797.78125,1,91,True,25.734879032258064
9,31,40,CulturaX,781.546875,1,91,True,25.211189516129032
14,59,81,CulturaX,1615.15625,2,134,False,27.375529661016948
76,365,505,CulturaX,9653.21875,11,521,False,26.447174657534248
18,76,94,CulturaX,1853.125,2,134,False,24.383223684210527
11,48,60,CulturaX,1268.953125,2,134,False,26.4365234375
7,39,54,CulturaX,954.1875,1,91,True,24.466346153846153
18,72,98,CulturaX,1907.5,2,134,False,26.493055555555557
45,206,315,CulturaX,5438.6875,6,306,False,26.40139563106796
7,26,36,CulturaX,656.765625,1,91,True,25.260216346153847
19,78,113,CulturaX,2041.359375,3,177,False,26.17127403846154
21,93,127,CulturaX,2375.9375,3,177,False,25.54771505376344
14,47,62,CulturaX,1195.25,2,134,False,25.430851063829788
7,30,41,CulturaX,792.984375,1,91,True,26.4328125
16,69,93,CulturaX,1726.59375,2,134,False,25.023097826086957
9,32,49,CulturaX,925.109375,1,91,True,28.90966796875
10,50,67,CulturaX,1349.484375,2,134,False,26.9896875
9,39,62,CulturaX,1068.515625,2,134,False,27.39783653846154
32,147,212,CulturaX,3823.40625,5,263,False,26.009566326530614
32,126,163,CulturaX,3100.9375,4,220,False,24.61061507936508
26,109,158,CulturaX,2858.453125,4,220,False,26.224340596330276
7,37,54,CulturaX,1041.296875,2,134,False,28.143158783783782
27,141,195,CulturaX,3604.578125,4,220,False,25.564383865248228
10,43,60,CulturaX,1094.1875,2,134,False,25.44622093023256
12,48,71,CulturaX,1344.5625,2,134,False,28.01171875
13,56,80,CulturaX,1587.6875,2,134,False,28.3515625
12,56,75,CulturaX,1447.78125,2,134,False,25.853236607142858
17,72,100,CulturaX,1857.765625,3,177,False,25.80230034722222
12,55,75,CulturaX,1403.75,2,134,False,25.522727272727273
14,67,89,CulturaX,1841.25,3,177,False,27.48134328358209
7,31,46,CulturaX,886.0,1,91,True,28.580645161290324
8,29,37,CulturaX,715.515625,1,91,True,24.672952586206897
16,84,121,CulturaX,2177.203125,3,177,False,25.919084821428573
24,100,134,CulturaX,2691.578125,4,220,False,26.91578125
9,43,62,CulturaX,1218.609375,2,134,False,28.339752906976745
24,108,157,CulturaX,2861.46875,4,220,False,26.49508101851852
8,39,54,CulturaX,1005.78125,2,134,False,25.78926282051282
26,111,156,CulturaX,2928.328125,4,220,False,26.38133445945946
13,61,87,CulturaX,1529.171875,2,134,False,25.068391393442624
14,58,77,CulturaX,1569.40625,2,134,False,27.05872844827586
7,26,36,CulturaX,705.984375,1,91,True,27.153245192307693
23,93,123,CulturaX,2362.328125,3,177,False,25.401377688172044
21,94,134,CulturaX,2578.53125,3,177,False,27.4311835106383
10,45,65,CulturaX,1300.921875,2,134,False,28.909375
20,89,132,CulturaX,2421.4375,3,177,False,27.207162921348313
13,67,100,CulturaX,1874.09375,3,177,False,27.971548507462686
7,37,51,CulturaX,1066.6875,2,134,False,28.82939189189189
27,115,157,CulturaX,3045.3125,4,220,False,26.480978260869566
24,106,152,CulturaX,2790.359375,4,220,False,26.32414504716981
8,28,35,CulturaX,680.71875,1,91,True,24.311383928571427
7,31,46,CulturaX,792.390625,1,91,True,25.560987903225808
10,41,61,CulturaX,1105.65625,2,134,False,26.9672256097561
17,85,116,CulturaX,2180.359375,3,177,False,25.651286764705883
8,33,50,CulturaX,951.28125,1,91,True,28.826704545454547
19,82,115,CulturaX,2251.578125,3,177,False,27.45826981707317
15,81,109,CulturaX,2099.203125,3,177,False,25.916087962962962
11,54,70,CulturaX,1436.671875,2,134,False,26.60503472222222
20,95,130,CulturaX,2493.75,3,177,False,26.25
9,38,48,CulturaX,996.125,2,134,False,26.213815789473685
9,46,55,CulturaX,963.015625,2,134,False,20.935122282608695
9,36,53,CulturaX,988.890625,2,134,False,27.46918402777778
9,44,59,CulturaX,1200.875,2,134,False,27.292613636363637
7,36,50,CulturaX,958.78125,1,91,True,26.6328125
37,148,204,CulturaX,3938.578125,5,263,False,26.61201435810811
19,87,126,CulturaX,2284.03125,3,177,False,26.25323275862069
16,80,125,CulturaX,2310.0,3,177,False,28.875
10,41,58,CulturaX,1125.15625,2,134,False,27.442835365853657
10,48,64,CulturaX,1336.0625,2,134,False,27.834635416666668
25,116,161,CulturaX,3159.390625,4,220,False,27.236126077586206
7,30,44,CulturaX,804.8125,1,91,True,26.827083333333334
17,72,101,CulturaX,1881.734375,2,134,False,26.13519965277778
11,56,79,CulturaX,1414.921875,2,134,False,25.266462053571427
14,64,94,CulturaX,1683.625,2,134,False,26.306640625
12,51,68,CulturaX,1331.359375,2,134,False,26.105085784313726
33,154,216,CulturaX,4271.84375,5,263,False,27.73924512987013
11,58,82,CulturaX,1544.640625,2,134,False,26.631734913793103
10,36,43,CulturaX,805.609375,1,91,True,22.378038194444443
8,42,58,CulturaX,1173.6875,2,134,False,27.944940476190474
40,182,268,CulturaX,4913.03125,6,306,False,26.994677197802197
17,83,111,CulturaX,2155.84375,3,177,False,25.97402108433735
17,80,110,CulturaX,2127.828125,3,177,False,26.5978515625
20,101,148,CulturaX,2623.140625,3,177,False,25.971689356435643
13,57,85,CulturaX,1584.25,2,134,False,27.79385964912281
13,47,67,CulturaX,1329.1875,2,134,False,28.28058510638298
9,44,57,CulturaX,1142.3125,2,134,False,25.961647727272727
40,188,269,CulturaX,4925.4375,6,306,False,26.19913563829787
11,46,70,CulturaX,1315.46875,2,134,False,28.597146739130434
12,58,79,CulturaX,1531.515625,2,134,False,26.40544181034483
12,50,70,CulturaX,1288.375,2,134,False,25.7675
7,28,40,CulturaX,734.625,1,91,True,26.236607142857142
12,48,66,CulturaX,1262.40625,2,134,False,26.300130208333332
18,78,108,CulturaX,2157.953125,3,177,False,27.666065705128204
12,52,71,CulturaX,1303.34375,2,134,False,25.064302884615383
8,41,57,CulturaX,992.859375,2,134,False,24.21608231707317
15,64,94,CulturaX,1707.78125,2,134,False,26.68408203125
25,90,115,CulturaX,2291.796875,3,177,False,25.46440972222222
33,160,222,CulturaX,4281.75,5,263,False,26.7609375
9,38,56,CulturaX,1108.96875,2,134,False,29.183388157894736
15,69,98,CulturaX,1890.203125,2,134,False,27.394248188405797
9,40,52,CulturaX,1151.6875,2,134,False,28.7921875
12,58,86,CulturaX,1668.078125,2,134,False,28.759967672413794
17,78,105,CulturaX,1879.671875,2,134,False,24.098357371794872
40,197,289,CulturaX,4999.1875,6,306,False,25.376586294416242
12,48,67,CulturaX,1297.78125,2,134,False,27.037109375
9,44,63,CulturaX,1196.09375,2,134,False,27.183948863636363
48,222,315,CulturaX,6058.484375,7,349,False,27.29047015765766
26,111,151,CulturaX,2878.984375,4,220,False,25.93679617117117
19,94,131,CulturaX,2412.703125,3,177,False,25.667054521276597
15,67,96,CulturaX,1775.109375,2,134,False,26.494169776119403
25,109,153,CulturaX,2973.34375,4,220,False,27.278383027522935
18,76,109,CulturaX,2012.359375,3,177,False,26.47841282894737
7,27,38,CulturaX,708.5625,1,91,True,26.243055555555557
21,106,149,CulturaX,2926.890625,4,220,False,27.61217570754717
21,86,125,CulturaX,2362.34375,3,177,False,27.469113372093023
15,66,91,CulturaX,1745.40625,2,134,False,26.445549242424242
32,165,236,CulturaX,4387.625,5,263,False,26.591666666666665
8,43,50,CulturaX,978.15625,2,134,False,22.74781976744186
8,33,50,CulturaX,925.140625,1,91,True,28.034564393939394
16,79,107,CulturaX,2153.546875,3,177,False,27.260087025316455
12,49,67,CulturaX,1189.96875,2,134,False,24.285076530612244
38,170,243,CulturaX,4609.875,5,263,False,27.116911764705883
20,86,123,CulturaX,2312.4375,3,177,False,26.888808139534884
7,26,39,CulturaX,697.375,1,91,True,26.822115384615383
18,69,96,CulturaX,1752.34375,2,134,False,25.39628623188406
21,78,103,CulturaX,2055.5,3,177,False,26.352564102564102
9,33,46,CulturaX,902.609375,1,91,True,27.351799242424242
44,207,292,CulturaX,5529.078125,6,306,False,26.71052234299517
19,89,115,CulturaX,2223.1875,3,177,False,24.979634831460675
17,73,107,CulturaX,2003.234375,3,177,False,27.44156678082192
33,129,179,CulturaX,3342.9375,4,220,False,25.914244186046513
10,44,64,CulturaX,1211.234375,2,134,False,27.528053977272727
18,78,106,CulturaX,2198.296875,3,177,False,28.18329326923077
11,43,58,CulturaX,1069.421875,2,134,False,24.8702761627907
7,26,37,CulturaX,679.65625,1,91,True,26.140625
16,62,86,CulturaX,1639.328125,2,134,False,26.44077620967742
7,25,38,CulturaX,688.984375,1,91,True,27.559375
15,61,78,CulturaX,1504.09375,2,134,False,24.657274590163933
9,36,48,CulturaX,1033.421875,2,134,False,28.706163194444443
14,67,99,CulturaX,1967.453125,3,177,False,29.364972014925375
15,69,101,CulturaX,1831.109375,2,134,False,26.537817028985508
18,67,84,CulturaX,1577.796875,2,134,False,23.54920708955224
17,87,124,CulturaX,2364.4375,3,177,False,27.177442528735632
8,27,38,CulturaX,756.484375,1,91,True,28.017939814814813
16,62,83,CulturaX,1517.734375,2,134,False,24.479586693548388
7,28,37,CulturaX,708.6875,1,91,True,25.310267857142858
20,89,124,CulturaX,2485.28125,3,177,False,27.92450842696629
18,78,102,CulturaX,2102.9375,3,177,False,26.96073717948718
19,114,165,CulturaX,3012.15625,4,220,False,26.422423245614034
10,41,58,CulturaX,1136.5,2,134,False,27.71951219512195
11,45,65,CulturaX,1116.09375,2,134,False,24.802083333333332
8,30,38,CulturaX,752.78125,1,91,True,25.092708333333334
16,82,116,CulturaX,2220.265625,3,177,False,27.07641006097561
10,50,74,CulturaX,1353.640625,2,134,False,27.0728125
18,94,120,CulturaX,2326.078125,3,177,False,24.745511968085108
9,42,58,CulturaX,1153.40625,2,134,False,27.462053571428573
11,48,63,CulturaX,1025.90625,2,134,False,21.373046875
8,35,45,CulturaX,949.046875,1,91,True,27.115625
7,28,41,CulturaX,735.421875,1,91,True,26.265066964285715
16,80,118,CulturaX,2209.53125,3,177,False,27.619140625
13,51,76,CulturaX,1328.390625,2,134,False,26.046875
8,35,51,CulturaX,918.71875,1,91,True,26.24910714285714
14,58,85,CulturaX,1609.546875,2,134,False,27.75080818965517
40,181,250,CulturaX,4746.0,6,306,False,26.22099447513812
40,182,252,CulturaX,5034.234375,6,306,False,27.660628434065934
113,456,623,CulturaX,12171.359375,14,650,False,26.691577576754387
13,58,87,CulturaX,1644.875,2,134,False,28.35991379310345
8,30,42,CulturaX,836.390625,1,91,True,27.8796875
7,32,45,CulturaX,772.328125,1,91,True,24.13525390625
16,82,116,CulturaX,2246.46875,3,177,False,27.395960365853657
12,50,66,CulturaX,1210.171875,2,134,False,24.2034375
8,39,54,CulturaX,1011.96875,2,134,False,25.947916666666668
20,97,141,CulturaX,2593.4375,3,177,False,26.736469072164947
14,57,83,CulturaX,1554.671875,2,134,False,27.274945175438596
31,141,199,CulturaX,3706.796875,4,220,False,26.28933953900709
10,51,70,CulturaX,1417.8125,2,134,False,27.800245098039216
17,70,95,CulturaX,1759.03125,2,134,False,25.129017857142856
22,96,116,CulturaX,2211.59375,3,177,False,23.037434895833332
8,30,43,CulturaX,849.125,1,91,True,28.304166666666667
12,49,73,CulturaX,1269.5,2,134,False,25.908163265306122
16,77,110,CulturaX,2064.40625,3,177,False,26.81047077922078
11,47,65,CulturaX,1290.875,2,134,False,27.465425531914892
11,48,66,CulturaX,1257.640625,2,134,False,26.200846354166668
23,91,129,CulturaX,2329.90625,3,177,False,25.603365384615383
7,33,40,CulturaX,787.046875,1,91,True,23.849905303030305
15,67,101,CulturaX,1902.15625,3,177,False,28.390391791044777
11,55,73,CulturaX,1480.359375,2,134,False,26.915625
26,119,154,CulturaX,2930.03125,4,220,False,24.622111344537814
27,120,168,CulturaX,3161.453125,4,220,False,26.345442708333334
18,85,111,CulturaX,2070.390625,3,177,False,24.357536764705884
24,92,122,CulturaX,2369.609375,3,177,False,25.756623641304348
27,126,174,CulturaX,3326.6875,4,220,False,26.402281746031747
12,54,74,CulturaX,1523.09375,2,134,False,28.205439814814813
10,41,53,CulturaX,972.859375,2,134,False,23.72827743902439
17,65,96,CulturaX,1789.46875,2,134,False,27.53028846153846
8,37,45,CulturaX,883.875,1,91,True,23.888513513513512
62,292,408,CulturaX,7498.5,9,435,False,25.679794520547944
14,58,79,CulturaX,1489.125,2,134,False,25.674568965517242
115,538,758,CulturaX,14422.625,17,779,False,26.8078531598513
12,55,78,CulturaX,1334.140625,2,134,False,24.257102272727273
33,146,204,CulturaX,3828.15625,5,263,False,26.220248287671232
9,31,44,CulturaX,822.453125,1,91,True,26.530745967741936
10,51,77,CulturaX,1322.0625,2,134,False,25.922794117647058
7,26,35,CulturaX,619.078125,1,91,True,23.810697115384617
7,25,33,CulturaX,719.796875,1,91,True,28.791875
11,47,67,CulturaX,1270.828125,2,134,False,27.038896276595743
12,49,64,CulturaX,1221.15625,2,134,False,24.92155612244898
8,37,42,CulturaX,809.9375,1,91,True,21.8902027027027
9,36,55,CulturaX,1016.84375,2,134,False,28.24565972222222
8,38,54,CulturaX,1038.71875,2,134,False,27.33470394736842
34,143,205,CulturaX,3728.3125,5,263,False,26.072115384615383
12,57,86,CulturaX,1520.484375,2,134,False,26.67516447368421
10,39,53,CulturaX,1030.734375,2,134,False,26.42908653846154
11,49,75,CulturaX,1326.984375,2,134,False,27.081313775510203
20,86,126,CulturaX,2289.140625,3,177,False,26.617914244186046
8,30,43,CulturaX,892.265625,1,91,True,29.7421875
7,33,48,CulturaX,910.296875,1,91,True,27.58475378787879
11,47,61,CulturaX,1228.359375,2,134,False,26.13530585106383
9,51,64,CulturaX,1156.125,2,134,False,22.669117647058822
28,131,189,CulturaX,3378.015625,4,220,False,25.786378816793892
17,70,98,CulturaX,1877.671875,3,177,False,26.82388392857143
11,51,78,CulturaX,1458.328125,2,134,False,28.594669117647058
33,142,205,CulturaX,3804.0,5,263,False,26.788732394366196
12,56,81,CulturaX,1486.390625,2,134,False,26.542689732142858
18,78,109,CulturaX,2061.578125,3,177,False,26.43048878205128
35,143,199,CulturaX,3764.578125,5,263,False,26.325721153846153
7,31,39,CulturaX,832.546875,1,91,True,26.856350806451612
14,59,79,CulturaX,1521.90625,2,134,False,25.795021186440678
12,57,75,CulturaX,1432.40625,2,134,False,25.129934210526315
8,37,48,CulturaX,990.5,2,134,False,26.77027027027027
34,159,238,CulturaX,4354.46875,5,263,False,27.386595911949687
8,37,54,CulturaX,1039.375,2,134,False,28.091216216216218
18,88,126,CulturaX,2351.15625,3,177,False,26.71768465909091
35,161,224,CulturaX,4315.578125,5,263,False,26.804833074534162
19,80,111,CulturaX,2203.265625,3,177,False,27.5408203125
7,39,53,CulturaX,1002.8125,2,134,False,25.713141025641026
36,163,228,CulturaX,4479.875,5,263,False,27.483895705521473
9,32,49,CulturaX,892.40625,1,91,True,27.8876953125
8,33,51,CulturaX,925.9375,1,91,True,28.05871212121212
24,95,131,CulturaX,2618.78125,3,177,False,27.566118421052632
32,145,197,CulturaX,3922.3125,5,263,False,27.05043103448276
8,35,56,CulturaX,976.703125,2,134,False,27.90580357142857
36,157,201,CulturaX,3909.90625,5,263,False,24.903861464968152
18,74,101,CulturaX,1903.53125,2,134,False,25.72339527027027
17,88,135,CulturaX,2415.8125,3,177,False,27.452414772727273
10,47,67,CulturaX,1259.6875,2,134,False,26.80186170212766
12,52,79,CulturaX,1409.421875,2,134,False,27.104266826923077
11,45,59,CulturaX,1175.34375,2,134,False,26.11875
10,39,55,CulturaX,1091.265625,2,134,False,27.981169871794872
20,96,130,CulturaX,2451.671875,3,177,False,25.538248697916668
7,24,32,CulturaX,622.828125,1,91,True,25.951171875
19,87,120,CulturaX,2212.53125,3,177,False,25.43139367816092
7,40,51,CulturaX,839.984375,1,91,True,20.999609375
25,103,146,CulturaX,2781.03125,3,177,False,27.000303398058254
27,123,187,CulturaX,3118.8125,4,220,False,25.35619918699187
17,64,95,CulturaX,1732.296875,2,134,False,27.067138671875
8,57,82,CulturaX,1359.046875,2,134,False,23.84292763157895
7,28,43,CulturaX,785.0625,1,91,True,28.037946428571427
27,127,173,CulturaX,3533.71875,4,220,False,27.824557086614174
11,45,63,CulturaX,1204.78125,2,134,False,26.772916666666667
16,66,91,CulturaX,1734.21875,2,134,False,26.276041666666668
21,95,142,CulturaX,2589.96875,3,177,False,27.262828947368423
10,47,64,CulturaX,1283.234375,2,134,False,27.30285904255319
41,185,256,CulturaX,4884.15625,6,306,False,26.400844594594595
13,55,77,CulturaX,1501.46875,2,134,False,27.29943181818182
9,42,59,CulturaX,1133.484375,2,134,False,26.987723214285715
22,105,163,CulturaX,2909.0625,4,220,False,27.705357142857142
11,50,74,CulturaX,1384.8125,2,134,False,27.69625
13,54,76,CulturaX,1374.78125,2,134,False,25.458912037037038
12,54,72,CulturaX,1388.40625,2,134,False,25.71122685185185
20,81,116,CulturaX,2114.703125,3,177,False,26.10744598765432
15,76,106,CulturaX,2013.453125,3,177,False,26.49280427631579
18,68,98,CulturaX,1991.34375,3,177,False,29.284466911764707
8,34,39,CulturaX,790.234375,1,91,True,23.2421875
7,33,45,CulturaX,818.953125,1,91,True,24.816761363636363
7,26,37,CulturaX,668.078125,1,91,True,25.6953125
18,83,111,CulturaX,2164.953125,3,177,False,26.083772590361445
25,118,171,CulturaX,3083.09375,4,220,False,26.12791313559322
10,33,43,CulturaX,819.59375,1,91,True,24.836174242424242
14,72,103,CulturaX,1966.59375,3,177,False,27.313802083333332
40,182,266,CulturaX,4875.671875,6,306,False,26.789405906593405
13,57,78,CulturaX,1473.71875,2,134,False,25.854714912280702
13,51,72,CulturaX,1460.515625,2,134,False,28.637561274509803
8,37,50,CulturaX,970.953125,2,134,False,26.24197635135135
31,139,202,CulturaX,3906.8125,5,263,False,28.10656474820144
9,31,46,CulturaX,863.5625,1,91,True,27.856854838709676
24,110,144,CulturaX,2715.671875,3,177,False,24.687926136363636
16,65,90,CulturaX,1811.15625,2,134,False,27.86394230769231
10,41,57,CulturaX,1033.5,2,134,False,25.20731707317073
11,44,60,CulturaX,1265.390625,2,134,False,28.75887784090909
14,59,81,CulturaX,1580.53125,2,134,False,26.788665254237287
7,31,43,CulturaX,823.703125,1,91,True,26.571068548387096
13,57,79,CulturaX,1520.828125,2,134,False,26.681195175438596
14,58,75,CulturaX,1570.546875,2,134,False,27.078394396551722
26,101,144,CulturaX,2572.484375,3,177,False,25.470142326732674
11,55,86,CulturaX,1511.5625,2,134,False,27.482954545454547
10,40,54,CulturaX,1126.109375,2,134,False,28.152734375
9,35,51,CulturaX,958.890625,1,91,True,27.396875
19,83,120,CulturaX,2101.296875,3,177,False,25.316829819277107
36,175,251,CulturaX,4859.75,6,306,False,27.77
22,99,135,CulturaX,2725.625,3,177,False,27.531565656565657
18,83,122,CulturaX,2347.78125,3,177,False,28.28652108433735
20,80,108,CulturaX,2162.0625,3,177,False,27.02578125
38,172,238,CulturaX,4479.078125,5,263,False,26.041151889534884
25,122,157,CulturaX,2867.9375,4,220,False,23.50768442622951
29,120,175,CulturaX,3085.015625,4,220,False,25.708463541666667
13,61,83,CulturaX,1632.125,2,134,False,26.756147540983605
17,84,128,CulturaX,2376.390625,3,177,False,28.290364583333332
19,76,104,CulturaX,2041.90625,3,177,False,26.8671875
19,86,133,CulturaX,2421.765625,3,177,False,28.160065406976745
10,43,57,CulturaX,1121.390625,2,134,False,26.078851744186046
35,165,246,CulturaX,4586.453125,6,306,False,27.796685606060606
15,66,85,CulturaX,1682.421875,2,134,False,25.49124053030303
22,88,123,CulturaX,2338.65625,3,177,False,26.575639204545453
10,40,59,CulturaX,1133.4375,2,134,False,28.3359375
13,59,80,CulturaX,1589.953125,2,134,False,26.948358050847457
20,96,133,CulturaX,2599.890625,3,177,False,27.082194010416668
15,69,97,CulturaX,1821.65625,2,134,False,26.400815217391305
14,61,87,CulturaX,1642.09375,2,134,False,26.919569672131146
11,45,61,CulturaX,1275.078125,2,134,False,28.335069444444443
34,156,244,CulturaX,4081.484375,5,263,False,26.163361378205128
7,37,52,CulturaX,965.578125,2,134,False,26.09670608108108
7,29,36,CulturaX,607.6875,1,91,True,20.954741379310345
11,45,64,CulturaX,1335.484375,2,134,False,29.677430555555556
14,68,95,CulturaX,1712.0,2,134,False,25.176470588235293
7,36,48,CulturaX,844.40625,1,91,True,23.455729166666668
12,52,71,CulturaX,1450.0625,2,134,False,27.885817307692307
27,124,183,CulturaX,3245.421875,4,220,False,26.172757056451612
13,50,68,CulturaX,1392.859375,2,134,False,27.8571875
36,162,240,CulturaX,4467.53125,5,263,False,27.577353395061728
13,67,99,CulturaX,1911.109375,3,177,False,28.52402052238806
23,102,144,CulturaX,2562.625,3,177,False,25.123774509803923
18,84,113,CulturaX,2319.921875,3,177,False,27.61811755952381
21,89,126,CulturaX,2400.421875,3,177,False,26.971032303370787
17,76,100,CulturaX,1966.265625,3,177,False,25.87191611842105
15,56,75,CulturaX,1528.140625,2,134,False,27.288225446428573
8,38,48,CulturaX,967.0625,2,134,False,25.449013157894736
7,31,41,CulturaX,852.765625,1,91,True,27.508568548387096
8,37,50,CulturaX,971.65625,2,134,False,26.26097972972973
19,91,130,CulturaX,2362.15625,3,177,False,25.95776098901099
18,86,122,CulturaX,2395.25,3,177,False,27.851744186046513
13,54,74,CulturaX,1437.71875,2,134,False,26.624421296296298
49,237,312,CulturaX,5986.8125,7,349,False,25.26081223628692
15,57,78,CulturaX,1454.25,2,134,False,25.513157894736842
8,30,42,CulturaX,738.0625,1,91,True,24.602083333333333
8,37,42,CulturaX,679.6875,1,91,True,18.36993243243243
17,86,126,CulturaX,2343.515625,3,177,False,27.250181686046513
12,64,91,CulturaX,1594.453125,2,134,False,24.913330078125
8,35,49,CulturaX,944.609375,1,91,True,26.988839285714285
7,22,30,CulturaX,374.90625,1,91,True,17.041193181818183
8,29,40,CulturaX,677.4375,1,91,True,23.35991379310345
11,44,65,CulturaX,1210.90625,2,134,False,27.52059659090909
15,69,105,CulturaX,1842.796875,2,134,False,26.707201086956523
13,50,75,CulturaX,1421.046875,2,134,False,28.4209375
10,44,59,CulturaX,1192.28125,2,134,False,27.097301136363637
11,54,78,CulturaX,1481.75,2,134,False,27.439814814814813
13,51,69,CulturaX,1412.234375,2,134,False,27.690870098039216
15,66,93,CulturaX,1694.578125,2,134,False,25.675426136363637
7,29,41,CulturaX,773.203125,1,91,True,26.662176724137932
14,75,108,CulturaX,2056.359375,3,177,False,27.418125
79,387,560,CulturaX,10913.484375,13,607,False,28.200218023255815
12,64,95,CulturaX,1690.296875,2,134,False,26.410888671875
19,85,122,CulturaX,2353.984375,3,177,False,27.693933823529413
18,84,126,CulturaX,2211.890625,3,177,False,26.33203125
10,45,65,CulturaX,1168.65625,2,134,False,25.97013888888889
22,104,153,CulturaX,2748.59375,3,177,False,26.428786057692307
14,64,91,CulturaX,1844.796875,3,177,False,28.824951171875
7,34,56,CulturaX,989.59375,2,134,False,29.105698529411764
16,71,99,CulturaX,1881.1875,3,177,False,26.495598591549296
9,39,58,CulturaX,1090.28125,2,134,False,27.955929487179485
17,82,120,CulturaX,2195.453125,3,177,False,26.773818597560975
11,46,63,CulturaX,1282.5625,2,134,False,27.88179347826087
16,70,90,CulturaX,1774.515625,2,134,False,25.350223214285716
16,67,98,CulturaX,1806.671875,2,134,False,26.965251865671643
19,84,122,CulturaX,2289.5625,3,177,False,27.256696428571427
31,159,235,CulturaX,4191.203125,5,263,False,26.359768081761008
11,48,67,CulturaX,1157.390625,2,134,False,24.1123046875
8,29,40,CulturaX,709.328125,1,91,True,24.45959051724138
39,194,273,CulturaX,5237.15625,6,306,False,26.995650773195877
22,93,132,CulturaX,2458.6875,3,177,False,26.4375
25,117,161,CulturaX,3148.78125,4,220,False,26.912660256410255
14,72,94,CulturaX,1893.3125,3,177,False,26.296006944444443
8,39,51,CulturaX,1050.765625,2,134,False,26.942708333333332
25,115,156,CulturaX,2969.546875,4,220,False,25.822146739130435
11,45,65,CulturaX,1190.40625,2,134,False,26.45347222222222
34,146,219,CulturaX,3735.15625,5,263,False,25.58326198630137
28,109,157,CulturaX,2844.078125,4,220,False,26.092459862385322
40,150,205,CulturaX,3916.84375,5,263,False,26.112291666666668
23,96,125,CulturaX,2493.671875,3,177,False,25.975748697916668
12,51,68,CulturaX,1289.5,2,134,False,25.284313725490197
11,54,77,CulturaX,1415.53125,2,134,False,26.213541666666668
8,37,53,CulturaX,973.765625,2,134,False,26.317989864864863
23,115,168,CulturaX,3142.46875,4,220,False,27.325815217391305
20,82,117,CulturaX,2279.3125,3,177,False,27.796493902439025
21,99,132,CulturaX,2653.09375,3,177,False,26.798926767676768
17,79,115,CulturaX,2116.09375,3,177,False,26.785996835443036
8,33,48,CulturaX,780.34375,1,91,True,23.646780303030305
7,35,45,CulturaX,877.96875,1,91,True,25.084821428571427
7,30,49,CulturaX,833.421875,1,91,True,27.780729166666667
12,51,75,CulturaX,1513.28125,2,134,False,29.67218137254902
19,97,134,CulturaX,2527.1875,3,177,False,26.0534793814433
17,83,120,CulturaX,2066.578125,3,177,False,24.898531626506024
12,49,72,CulturaX,1429.234375,2,134,False,29.168048469387756
37,168,238,CulturaX,4628.515625,6,306,False,27.55068824404762
13,57,78,CulturaX,1501.359375,2,134,False,26.339638157894736
8,30,41,CulturaX,851.1875,1,91,True,28.372916666666665
18,79,112,CulturaX,2132.359375,3,177,False,26.99189082278481
25,122,171,CulturaX,3153.1875,4,220,False,25.84579918032787
17,69,95,CulturaX,1819.328125,3,177,False,26.36707427536232
7,25,33,CulturaX,677.796875,1,91,True,27.111875
7,29,44,CulturaX,666.671875,1,91,True,22.988685344827587
12,55,74,CulturaX,1391.609375,2,134,False,25.301988636363635
18,71,105,CulturaX,2001.5625,3,177,False,28.191021126760564
8,38,54,CulturaX,1011.390625,2,134,False,26.615542763157894
35,149,206,CulturaX,3752.828125,5,263,False,25.186765939597315
18,86,122,CulturaX,2231.0625,3,177,False,25.942587209302324
10,47,72,CulturaX,1291.140625,2,134,False,27.471077127659573
30,136,188,CulturaX,3625.765625,4,220,False,26.660041360294116
7,26,39,CulturaX,804.296875,1,91,True,30.934495192307693
8,37,58,CulturaX,951.5625,1,91,True,25.717905405405407
38,154,208,CulturaX,4149.40625,5,263,False,26.944196428571427
7,29,42,CulturaX,736.5,1,91,True,25.396551724137932
19,91,139,CulturaX,2479.21875,3,177,False,27.244162087912088
10,44,62,CulturaX,1131.8125,2,134,False,25.723011363636363
16,84,115,CulturaX,2302.890625,3,177,False,27.415364583333332
9,31,44,CulturaX,855.78125,1,91,True,27.605846774193548
10,48,66,CulturaX,1311.265625,2,134,False,27.318033854166668
11,48,70,CulturaX,1298.5,2,134,False,27.052083333333332
14,70,100,CulturaX,1912.328125,3,177,False,27.318973214285716
8,37,53,CulturaX,950.859375,1,91,True,25.698902027027028
24,100,137,CulturaX,2366.265625,3,177,False,23.66265625
15,60,84,CulturaX,1616.578125,2,134,False,26.94296875
10,41,56,CulturaX,1138.796875,2,134,False,27.775533536585368
8,29,43,CulturaX,779.140625,1,91,True,26.866918103448278
9,35,50,CulturaX,900.375,1,91,True,25.725
15,98,130,CulturaX,2317.078125,3,177,False,23.643654336734695
28,144,200,CulturaX,3640.078125,4,220,False,25.2783203125
25,114,159,CulturaX,2882.640625,4,220,False,25.286321271929825
8,33,48,CulturaX,846.9375,1,91,True,25.664772727272727
33,144,186,CulturaX,3578.71875,4,220,False,24.852213541666668
16,69,90,CulturaX,1845.453125,2,134,False,26.745697463768117
8,41,61,CulturaX,1212.875,2,134,False,29.58231707317073
7,28,41,CulturaX,833.6875,1,91,True,29.774553571428573
20,88,127,CulturaX,2480.84375,3,177,False,28.19140625
26,116,160,CulturaX,2967.453125,4,220,False,25.58149245689655
16,74,105,CulturaX,1897.375,2,134,False,25.6402027027027
27,126,178,CulturaX,3497.875,4,220,False,27.7609126984127
18,75,99,CulturaX,1928.78125,3,177,False,25.717083333333335
7,28,41,CulturaX,770.484375,1,91,True,27.517299107142858
11,45,57,CulturaX,1105.125,2,134,False,24.558333333333334
8,46,67,CulturaX,1226.796875,2,134,False,26.669497282608695
11,56,75,CulturaX,1496.609375,2,134,False,26.725167410714285
33,155,215,CulturaX,4121.265625,5,263,False,26.58881048387097
8,34,44,CulturaX,860.515625,1,91,True,25.309283088235293
8,41,59,CulturaX,1111.6875,2,134,False,27.114329268292682
10,47,63,CulturaX,1248.25,2,134,False,26.55851063829787
13,52,68,CulturaX,1322.734375,2,134,False,25.43719951923077
8,42,58,CulturaX,1008.90625,2,134,False,24.02157738095238
13,58,83,CulturaX,1536.40625,2,134,False,26.489762931034484
9,38,57,CulturaX,1077.546875,2,134,False,28.356496710526315
8,34,45,CulturaX,913.0625,1,91,True,26.854779411764707
7,32,43,CulturaX,933.21875,1,91,True,29.1630859375
34,158,218,CulturaX,4216.3125,5,263,False,26.685522151898734
7,24,32,CulturaX,609.984375,1,91,True,25.416015625
9,38,59,CulturaX,1123.90625,2,134,False,29.576480263157894
7,36,44,CulturaX,787.609375,1,91,True,21.878038194444443
17,76,113,CulturaX,1981.046875,3,177,False,26.06640625
16,65,98,CulturaX,1917.953125,3,177,False,29.506971153846155
9,42,62,CulturaX,1042.015625,2,134,False,24.809895833333332
13,68,92,CulturaX,1795.484375,2,134,False,26.404181985294116
31,120,175,CulturaX,3439.28125,4,220,False,28.660677083333333
14,62,93,CulturaX,1658.796875,2,134,False,26.754788306451612
12,55,77,CulturaX,1515.8125,2,134,False,27.56022727272727
50,230,343,CulturaX,6089.0,7,349,False,26.473913043478262
7,26,35,CulturaX,671.609375,1,91,True,25.831129807692307
29,129,187,CulturaX,3550.234375,4,220,False,27.521196705426355
21,96,142,CulturaX,2563.375,3,177,False,26.701822916666668
10,39,55,CulturaX,1091.234375,2,134,False,27.98036858974359
11,52,84,CulturaX,1393.484375,2,134,False,26.797776442307693
7,26,37,CulturaX,739.9375,1,91,True,28.459134615384617
25,113,172,CulturaX,3017.40625,4,220,False,26.70271017699115
19,70,102,CulturaX,1863.515625,2,134,False,26.621651785714285
7,28,32,CulturaX,674.265625,1,91,True,24.080915178571427
11,57,83,CulturaX,1575.625,2,134,False,27.642543859649123
11,40,53,CulturaX,1004.515625,2,134,False,25.112890625
14,60,91,CulturaX,1593.484375,2,134,False,26.558072916666667
15,67,93,CulturaX,1778.296875,2,134,False,26.541744402985074
23,102,161,CulturaX,2855.90625,4,220,False,27.999080882352942
22,94,125,CulturaX,2401.046875,3,177,False,25.54305186170213
14,59,83,CulturaX,1618.734375,2,134,False,27.436175847457626
7,35,49,CulturaX,911.203125,1,91,True,26.034375
12,54,74,CulturaX,1413.578125,2,134,False,26.177372685185187
29,131,181,CulturaX,3612.375,5,263,False,27.575381679389313
12,66,89,CulturaX,1639.21875,2,134,False,24.836647727272727
12,60,92,CulturaX,1527.25,2,134,False,25.454166666666666
13,64,90,CulturaX,1694.34375,2,134,False,26.47412109375
11,47,61,CulturaX,1222.296875,2,134,False,26.0063164893617
41,166,243,CulturaX,4493.09375,5,263,False,27.066829819277107
27,113,151,CulturaX,3049.234375,4,220,False,26.984375
18,83,98,CulturaX,1908.71875,3,177,False,22.99661144578313
33,148,200,CulturaX,3860.109375,5,263,False,26.08182010135135
7,31,46,CulturaX,739.90625,1,91,True,23.867943548387096
7,29,40,CulturaX,770.296875,1,91,True,26.56196120689655
15,81,119,CulturaX,2182.828125,3,177,False,26.94849537037037
21,84,124,CulturaX,2252.640625,3,177,False,26.817150297619047
7,34,48,CulturaX,878.84375,1,91,True,25.848345588235293
13,61,91,CulturaX,1661.1875,2,134,False,27.232581967213115
15,69,99,CulturaX,1781.28125,2,134,False,25.815670289855074
23,91,117,CulturaX,2262.234375,3,177,False,24.859718406593405
30,135,186,CulturaX,3627.578125,4,220,False,26.870949074074073
11,39,55,CulturaX,1104.875,2,134,False,28.330128205128204
17,73,113,CulturaX,1990.484375,3,177,False,27.26690924657534
24,110,163,CulturaX,2860.625,4,220,False,26.005681818181817
8,33,44,CulturaX,861.765625,1,91,True,26.114109848484848
75,390,541,CulturaX,10245.421875,12,564,False,26.2703125
9,49,67,CulturaX,1262.875,2,134,False,25.772959183673468
11,39,57,CulturaX,1015.796875,2,134,False,26.04607371794872
26,123,167,CulturaX,3074.359375,4,220,False,24.994791666666668
21,112,170,CulturaX,2943.03125,4,220,False,26.277064732142858
20,101,148,CulturaX,2704.1875,3,177,False,26.774133663366335
7,31,44,CulturaX,841.21875,1,91,True,27.13608870967742
14,55,76,CulturaX,1432.890625,2,134,False,26.052556818181817
8,35,49,CulturaX,919.40625,1,91,True,26.26875
12,69,85,CulturaX,1528.96875,2,134,False,22.158967391304348
27,125,179,CulturaX,3343.03125,4,220,False,26.74425
37,171,233,CulturaX,4542.0625,6,306,False,26.561769005847953
21,87,115,CulturaX,2240.109375,3,177,False,25.748383620689655
20,94,134,CulturaX,2616.53125,3,177,False,27.835438829787233
11,51,76,CulturaX,1401.84375,2,134,False,27.487132352941178
23,100,147,CulturaX,2712.671875,3,177,False,27.12671875
20,83,108,CulturaX,2169.984375,3,177,False,26.144390060240966
16,78,111,CulturaX,2145.78125,3,177,False,27.510016025641026
35,157,222,CulturaX,4269.53125,5,263,False,27.194466560509554
16,81,126,CulturaX,2399.734375,3,177,False,29.626350308641975
13,53,75,CulturaX,1452.46875,2,134,False,27.40507075471698
15,60,84,CulturaX,1654.203125,2,134,False,27.570052083333334
13,58,82,CulturaX,1635.234375,2,134,False,28.193696120689655
9,38,56,CulturaX,1061.75,2,134,False,27.94078947368421
8,28,41,CulturaX,764.09375,1,91,True,27.2890625
8,33,43,CulturaX,863.359375,1,91,True,26.162405303030305
10,39,60,CulturaX,1048.84375,2,134,False,26.893429487179485
8,45,54,CulturaX,996.328125,2,134,False,22.140625
13,63,94,CulturaX,1710.75,2,134,False,27.154761904761905
9,43,68,CulturaX,1324.3125,2,134,False,30.79796511627907
10,40,57,CulturaX,1095.109375,2,134,False,27.377734375
25,110,157,CulturaX,3035.71875,4,220,False,27.597443181818182
30,127,162,CulturaX,3345.515625,4,220,False,26.342642716535433
35,152,208,CulturaX,3923.953125,5,263,False,25.815481085526315
16,89,123,CulturaX,2504.953125,3,177,False,28.14554073033708
37,181,266,CulturaX,5007.796875,6,306,False,27.667386049723756
11,59,78,CulturaX,1456.921875,2,134,False,24.693591101694917
11,49,70,CulturaX,1391.53125,2,134,False,28.398596938775512
7,34,49,CulturaX,988.140625,2,134,False,29.06295955882353
24,102,146,CulturaX,2674.25,3,177,False,26.21813725490196
22,90,131,CulturaX,2555.3125,3,177,False,28.39236111111111
7,27,40,CulturaX,764.84375,1,91,True,28.327546296296298
8,32,41,CulturaX,772.015625,1,91,True,24.12548828125
11,54,73,CulturaX,1425.4375,2,134,False,26.39699074074074
39,175,260,CulturaX,4744.546875,6,306,False,27.111696428571427
39,190,278,CulturaX,4899.265625,6,306,False,25.78560855263158
19,95,135,CulturaX,2518.015625,3,177,False,26.505427631578947
12,53,76,CulturaX,1471.625,2,134,False,27.766509433962263
15,85,131,CulturaX,2427.984375,3,177,False,28.56452205882353
61,264,373,CulturaX,7124.90625,9,435,False,26.98828125
12,48,65,CulturaX,1212.375,2,134,False,25.2578125
12,61,86,CulturaX,1704.21875,2,134,False,27.93801229508197
24,119,168,CulturaX,3257.171875,4,220,False,27.371192226890756
15,79,111,CulturaX,2130.109375,3,177,False,26.96340981012658
17,82,120,CulturaX,2198.46875,3,177,False,26.810594512195124
7,26,33,CulturaX,647.140625,1,91,True,24.89002403846154
7,31,44,CulturaX,806.015625,1,91,True,26.000504032258064
22,109,168,CulturaX,3009.609375,4,220,False,27.61109518348624
29,117,170,CulturaX,3204.5625,4,220,False,27.389423076923077
16,68,97,CulturaX,1893.765625,3,177,False,27.849494485294116
8,31,43,CulturaX,818.75,1,91,True,26.411290322580644
56,248,352,CulturaX,6367.359375,7,349,False,25.674836189516128
10,49,72,CulturaX,1309.96875,2,134,False,26.73405612244898
8,40,56,CulturaX,1061.125,2,134,False,26.528125
10,43,63,CulturaX,1146.421875,2,134,False,26.6609738372093
8,35,52,CulturaX,952.9375,1,91,True,27.226785714285715
16,66,91,CulturaX,1898.375,3,177,False,28.763257575757574
10,41,63,CulturaX,1220.421875,2,134,False,29.76638719512195
18,79,116,CulturaX,1884.96875,2,134,False,23.860363924050635
31,145,203,CulturaX,3771.671875,5,263,False,26.011530172413792
8,39,53,CulturaX,1013.6875,2,134,False,25.99198717948718
23,109,158,CulturaX,3029.359375,4,220,False,27.792287844036696
22,111,157,CulturaX,3058.765625,4,220,False,27.55644707207207
15,69,98,CulturaX,1704.390625,2,134,False,24.7013134057971
7,24,33,CulturaX,520.609375,1,91,True,21.692057291666668
14,57,83,CulturaX,1482.609375,2,134,False,26.010690789473685
16,71,102,CulturaX,1928.484375,3,177,False,27.16175176056338
16,72,94,CulturaX,1930.921875,3,177,False,26.818359375
16,67,98,CulturaX,1828.65625,2,134,False,27.293376865671643
7,31,47,CulturaX,800.234375,1,91,True,25.814012096774192
8,47,63,CulturaX,1176.828125,2,134,False,25.038896276595743
22,102,145,CulturaX,2882.65625,4,220,False,28.261335784313726
8,45,63,CulturaX,1150.109375,2,134,False,25.557986111111113
11,56,79,CulturaX,1427.25,2,134,False,25.486607142857142
16,78,109,CulturaX,2041.203125,3,177,False,26.169270833333332
14,72,105,CulturaX,1962.5,3,177,False,27.256944444444443
8,42,67,CulturaX,1165.828125,2,134,False,27.7578125
23,105,143,CulturaX,2716.25,3,177,False,25.86904761904762
40,213,322,CulturaX,5591.484375,7,349,False,26.251100352112676
18,85,125,CulturaX,2426.375,3,177,False,28.54558823529412
25,128,189,CulturaX,3381.359375,4,220,False,26.4168701171875
29,123,178,CulturaX,3244.0,4,220,False,26.3739837398374
12,49,63,CulturaX,1279.53125,2,134,False,26.112882653061224
8,37,51,CulturaX,965.859375,2,134,False,26.10430743243243
8,35,47,CulturaX,943.109375,1,91,True,26.945982142857144
26,110,148,CulturaX,2863.8125,4,220,False,26.03465909090909
12,57,87,CulturaX,1551.03125,2,134,False,27.21107456140351
13,56,78,CulturaX,1484.390625,2,134,False,26.506975446428573
18,85,125,CulturaX,2216.859375,3,177,False,26.080698529411766
11,45,60,CulturaX,1141.8125,2,134,False,25.37361111111111
22,114,170,CulturaX,3031.484375,4,220,False,26.591968201754387
46,199,284,CulturaX,5165.4375,6,306,False,25.956972361809044
7,27,36,CulturaX,736.984375,1,91,True,27.29571759259259
33,170,244,CulturaX,4607.390625,6,306,False,27.102297794117646
8,37,55,CulturaX,1017.859375,2,134,False,27.50971283783784
33,151,219,CulturaX,3981.78125,5,263,False,26.36941225165563
15,60,83,CulturaX,1626.359375,2,134,False,27.105989583333333
23,105,135,CulturaX,2501.6875,3,177,False,23.82559523809524
8,31,46,CulturaX,865.96875,1,91,True,27.934475806451612
19,96,142,CulturaX,2563.421875,3,177,False,26.702311197916668
9,46,65,CulturaX,1119.90625,2,134,False,24.34578804347826
11,54,79,CulturaX,1436.59375,2,134,False,26.603587962962962
12,52,72,CulturaX,1309.484375,2,134,False,25.182391826923077
26,127,171,CulturaX,3207.53125,4,220,False,25.256151574803148
18,75,112,CulturaX,2066.984375,3,177,False,27.559791666666666
15,61,84,CulturaX,1633.359375,2,134,False,26.776383196721312
20,111,158,CulturaX,3070.578125,4,220,False,27.66286599099099
7,29,43,CulturaX,764.078125,1,91,True,26.34752155172414
29,137,193,CulturaX,3700.46875,5,263,False,27.010720802919707
22,99,141,CulturaX,2603.40625,3,177,False,26.297032828282827
21,87,115,CulturaX,2069.640625,3,177,False,23.788972701149426
16,67,95,CulturaX,1663.90625,2,134,False,24.834421641791046
17,63,81,CulturaX,1562.09375,2,134,False,24.79513888888889
43,207,305,CulturaX,5418.875,6,306,False,26.178140096618357
15,50,69,CulturaX,1329.46875,2,134,False,26.589375
13,53,76,CulturaX,1497.28125,2,134,False,28.25058962264151
31,145,209,CulturaX,4145.640625,5,263,False,28.590625
19,87,119,CulturaX,2279.390625,3,177,False,26.19989224137931
10,38,53,CulturaX,1036.953125,2,134,False,27.28824013157895
17,74,107,CulturaX,2039.15625,3,177,False,27.55616554054054
9,36,45,CulturaX,900.25,1,91,True,25.006944444444443
16,70,91,CulturaX,1795.84375,2,134,False,25.654910714285716
14,69,97,CulturaX,1836.421875,2,134,False,26.614809782608695
11,43,68,CulturaX,1191.328125,2,134,False,27.70530523255814
12,47,62,CulturaX,1119.953125,2,134,False,23.82878989361702
12,43,55,CulturaX,1068.109375,2,134,False,24.839752906976745
7,35,48,CulturaX,860.265625,1,91,True,24.57901785714286
11,51,66,CulturaX,1343.671875,2,134,False,26.346507352941178
14,67,98,CulturaX,1807.953125,2,134,False,26.984375
27,120,161,CulturaX,3180.171875,4,220,False,26.501432291666667
10,43,59,CulturaX,1163.203125,2,134,False,27.051235465116278
72,307,428,CulturaX,7979.296875,9,435,False,25.99119503257329
19,88,133,CulturaX,2417.4375,3,177,False,27.470880681818183
16,71,93,CulturaX,1693.84375,2,134,False,23.856954225352112
7,29,42,CulturaX,785.625,1,91,True,27.09051724137931
14,64,90,CulturaX,1739.640625,2,134,False,27.181884765625
10,47,64,CulturaX,1312.28125,2,134,False,27.92087765957447
7,26,35,CulturaX,728.203125,1,91,True,28.0078125
12,52,72,CulturaX,1312.984375,2,134,False,25.24969951923077
26,107,138,CulturaX,2791.015625,3,177,False,26.084258177570092
21,83,114,CulturaX,2128.140625,3,177,False,25.640248493975903
12,52,71,CulturaX,1418.890625,2,134,False,27.286358173076923
10,40,61,CulturaX,1133.3125,2,134,False,28.3328125
16,69,92,CulturaX,1858.015625,2,134,False,26.92776268115942
19,89,130,CulturaX,2342.96875,3,177,False,26.32549157303371
18,83,123,CulturaX,2401.46875,3,177,False,28.93335843373494
11,47,73,CulturaX,1375.9375,2,134,False,29.27526595744681
9,36,49,CulturaX,976.515625,2,134,False,27.12543402777778
21,106,158,CulturaX,2897.921875,4,220,False,27.338885613207548
13,52,78,CulturaX,1490.453125,2,134,False,28.662560096153847
14,60,87,CulturaX,1642.8125,2,134,False,27.380208333333332
15,68,94,CulturaX,1734.859375,2,134,False,25.512637867647058
19,80,121,CulturaX,2241.3125,3,177,False,28.01640625
37,146,201,CulturaX,3747.625,5,263,False,25.668664383561644
20,89,127,CulturaX,2389.71875,3,177,False,26.850772471910112
18,98,124,CulturaX,2346.1875,3,177,False,23.940688775510203
10,46,61,CulturaX,1134.140625,2,134,False,24.65523097826087
16,67,93,CulturaX,1836.6875,2,134,False,27.413246268656717
16,66,89,CulturaX,1759.6875,2,134,False,26.661931818181817
34,192,251,CulturaX,4636.734375,5,263,False,24.149658203125
7,32,49,CulturaX,855.4375,1,91,True,26.732421875
15,74,110,CulturaX,1822.109375,2,134,False,24.62309966216216
26,111,157,CulturaX,2881.640625,4,220,False,25.96072635135135
19,104,150,CulturaX,2921.4375,4,220,False,28.090745192307693
19,79,101,CulturaX,2080.34375,3,177,False,26.33346518987342
15,72,109,CulturaX,1861.3125,3,177,False,25.8515625
21,94,148,CulturaX,2556.125,3,177,False,27.19281914893617
36,168,244,CulturaX,4343.8125,5,263,False,25.856026785714285
10,42,62,CulturaX,1148.484375,2,134,False,27.344866071428573
9,34,53,CulturaX,897.71875,1,91,True,26.403492647058822
16,56,79,CulturaX,1588.984375,2,134,False,28.374720982142858
8,38,56,CulturaX,991.15625,2,134,False,26.083059210526315
15,68,101,CulturaX,1801.28125,2,134,False,26.489430147058822
20,86,126,CulturaX,2375.984375,3,177,False,27.627725290697676
28,129,185,CulturaX,3616.0625,4,220,False,28.031492248062015
23,84,116,CulturaX,2238.3125,3,177,False,26.64657738095238
20,87,124,CulturaX,2139.609375,3,177,False,24.59321120689655
9,32,44,CulturaX,899.625,1,91,True,28.11328125
17,67,97,CulturaX,1827.96875,3,177,False,27.28311567164179
7,25,32,CulturaX,630.359375,1,91,True,25.214375
8,37,49,CulturaX,979.71875,2,134,False,26.478885135135137
12,50,71,CulturaX,1349.828125,2,134,False,26.9965625
13,54,76,CulturaX,1421.875,2,134,False,26.33101851851852
17,84,123,CulturaX,2293.03125,3,177,False,27.297991071428573
14,70,98,CulturaX,1831.015625,2,134,False,26.157366071428573
16,74,102,CulturaX,2015.796875,3,177,False,27.24049831081081
10,45,69,CulturaX,1244.21875,2,134,False,27.649305555555557
38,166,248,CulturaX,4460.625,5,263,False,26.871234939759034
23,102,150,CulturaX,2690.875,3,177,False,26.381127450980394
9,35,50,CulturaX,916.34375,1,91,True,26.18125
10,43,63,CulturaX,1169.0625,2,134,False,27.1875
40,170,234,CulturaX,4600.0625,6,306,False,27.059191176470588
13,59,90,CulturaX,1567.15625,2,134,False,26.561970338983052
16,83,121,CulturaX,2315.359375,3,177,False,27.89589608433735
16,68,96,CulturaX,1805.15625,2,134,False,26.54641544117647
26,111,162,CulturaX,3007.46875,4,220,False,27.094313063063062
13,51,70,CulturaX,1376.296875,2,134,False,26.986213235294116
16,74,110,CulturaX,1860.46875,3,177,False,25.141469594594593
15,54,78,CulturaX,1480.640625,2,134,False,27.419270833333332
10,38,52,CulturaX,988.734375,2,134,False,26.019325657894736
12,58,83,CulturaX,1611.21875,2,134,False,27.779633620689655
9,35,51,CulturaX,919.046875,1,91,True,26.258482142857144
33,146,205,CulturaX,3878.296875,5,263,False,26.563677226027398
9,41,58,CulturaX,1156.25,2,134,False,28.201219512195124
19,82,114,CulturaX,2221.921875,3,177,False,27.096608231707318
22,109,156,CulturaX,3062.4375,4,220,False,28.095756880733944
29,121,176,CulturaX,3363.8125,4,220,False,27.800103305785125
8,32,44,CulturaX,876.890625,1,91,True,27.40283203125
12,49,71,CulturaX,1365.265625,2,134,False,27.862563775510203
10,51,72,CulturaX,1460.65625,2,134,False,28.64031862745098
13,50,75,CulturaX,1344.703125,2,134,False,26.8940625
8,35,52,CulturaX,919.953125,1,91,True,26.284375
44,220,303,CulturaX,5935.1875,7,349,False,26.978125
46,214,300,CulturaX,5525.3125,7,349,False,25.819217289719628
34,161,218,CulturaX,4110.796875,5,263,False,25.532899844720497
10,43,62,CulturaX,1204.75,2,134,False,28.017441860465116
49,213,301,CulturaX,5534.171875,6,306,False,25.982027582159624
9,37,56,CulturaX,1040.453125,2,134,False,28.12035472972973
47,233,329,CulturaX,5874.4375,7,349,False,25.21217811158798
26,99,141,CulturaX,2696.15625,3,177,False,27.233901515151516
8,31,42,CulturaX,850.5,1,91,True,27.43548387096774
9,41,56,CulturaX,1108.0625,2,134,False,27.025914634146343
35,135,192,CulturaX,3665.890625,4,220,False,27.15474537037037
26,127,193,CulturaX,3452.046875,4,220,False,27.181471456692915
32,174,252,CulturaX,4635.890625,6,306,False,26.643049568965516
7,29,42,CulturaX,894.6875,1,91,True,30.851293103448278
35,167,239,CulturaX,4402.125,5,263,False,26.36002994011976
14,61,81,CulturaX,1539.59375,2,134,False,25.239241803278688
8,42,59,CulturaX,1116.171875,2,134,False,26.575520833333332
24,125,171,CulturaX,3200.984375,4,220,False,25.607875
52,257,378,CulturaX,6835.65625,8,392,False,26.597884241245136
21,96,128,CulturaX,2454.953125,3,177,False,25.572428385416668
12,55,81,CulturaX,1517.078125,2,134,False,27.583238636363635
13,52,72,CulturaX,1362.25,2,134,False,26.197115384615383
33,157,210,CulturaX,4173.265625,5,263,False,26.581309713375795
17,73,102,CulturaX,1988.46875,3,177,False,27.23929794520548
90,414,581,CulturaX,11031.96875,12,564,False,26.647267512077295
15,50,73,CulturaX,1339.9375,2,134,False,26.79875
8,38,59,CulturaX,1095.6875,2,134,False,28.83388157894737
21,95,125,CulturaX,2373.65625,3,177,False,24.985855263157895
11,48,70,CulturaX,1307.921875,2,134,False,27.248372395833332
10,39,52,CulturaX,1077.265625,2,134,False,27.622195512820515
18,85,119,CulturaX,2275.703125,3,177,False,26.77297794117647
16,58,85,CulturaX,1654.28125,2,134,False,28.52209051724138
32,142,194,CulturaX,3650.96875,4,220,False,25.711047535211268
15,64,92,CulturaX,1747.9375,2,134,False,27.3115234375
30,138,197,CulturaX,3831.203125,5,263,False,27.762341485507246
8,35,50,CulturaX,923.59375,1,91,True,26.388392857142858
24,113,158,CulturaX,2816.484375,4,220,False,24.924640486725664
12,55,78,CulturaX,1449.265625,2,134,False,26.350284090909092
8,33,47,CulturaX,820.359375,1,91,True,24.859375
13,52,77,CulturaX,1363.3125,2,134,False,26.217548076923077
21,85,125,CulturaX,2292.109375,3,177,False,26.965992647058822
32,151,217,CulturaX,4003.96875,5,263,False,26.516349337748345
21,97,135,CulturaX,2642.71875,4,220,False,27.24452319587629
14,58,80,CulturaX,1518.34375,2,134,False,26.17834051724138
18,79,119,CulturaX,2163.796875,3,177,False,27.389833860759495
19,97,132,CulturaX,2465.625,3,177,False,25.41881443298969
21,95,144,CulturaX,2694.8125,3,177,False,28.366447368421053
20,91,123,CulturaX,2235.421875,3,177,False,24.56507554945055
11,50,75,CulturaX,1408.625,2,134,False,28.1725
16,65,95,CulturaX,1739.671875,2,134,False,26.764182692307692
18,82,108,CulturaX,2190.53125,3,177,False,26.713795731707318
19,77,112,CulturaX,2092.78125,3,177,False,27.178977272727273
13,50,68,CulturaX,1303.953125,2,134,False,26.0790625
15,72,105,CulturaX,1951.828125,3,177,False,27.108723958333332
29,137,210,CulturaX,3496.859375,4,220,False,25.52452098540146
7,33,50,CulturaX,865.3125,1,91,True,26.22159090909091
15,60,89,CulturaX,1647.3125,2,134,False,27.455208333333335
19,91,130,CulturaX,2429.3125,3,177,False,26.69574175824176
31,130,173,CulturaX,3402.921875,4,220,False,26.176322115384615
7,31,45,CulturaX,795.90625,1,91,True,25.674395161290324
24,107,138,CulturaX,2597.953125,3,177,False,24.27993574766355
7,25,43,CulturaX,775.1875,1,91,True,31.0075
9,39,52,CulturaX,913.0,1,91,True,23.41025641025641
14,70,96,CulturaX,1795.4375,2,134,False,25.649107142857144
19,70,100,CulturaX,1918.875,3,177,False,27.4125
14,55,79,CulturaX,1492.046875,2,134,False,27.128125
21,91,126,CulturaX,2404.96875,3,177,False,26.428228021978022
18,74,102,CulturaX,2027.59375,3,177,False,27.39991554054054
10,53,70,CulturaX,1329.09375,2,134,False,25.077240566037737
14,70,99,CulturaX,1802.890625,2,134,False,25.755580357142858
7,47,67,CulturaX,1233.796875,2,134,False,26.25099734042553
11,58,81,CulturaX,1586.21875,2,134,False,27.348599137931036
23,102,146,CulturaX,2788.703125,4,220,False,27.340226715686274
36,173,241,CulturaX,4897.265625,6,306,False,28.307893786127167
23,99,136,CulturaX,2442.859375,3,177,False,24.67534722222222
23,114,160,CulturaX,2756.0625,3,177,False,24.175986842105264
36,152,213,CulturaX,4221.625,5,263,False,27.773848684210527
8,38,56,CulturaX,1049.296875,2,134,False,27.613075657894736
23,115,159,CulturaX,3149.25,4,220,False,27.38478260869565
7,19,27,CulturaX,498.359375,1,91,True,26.229440789473685
7,29,41,CulturaX,781.65625,1,91,True,26.95366379310345
28,125,185,CulturaX,3253.171875,4,220,False,26.025375
15,53,76,CulturaX,1430.359375,2,134,False,26.987912735849058
10,49,64,CulturaX,1289.9375,2,134,False,26.325255102040817
19,76,110,CulturaX,2131.984375,3,177,False,28.052425986842106
22,99,137,CulturaX,2785.171875,3,177,False,28.133049242424242
21,87,124,CulturaX,2321.875,3,177,False,26.688218390804597
41,186,260,CulturaX,4918.328125,6,306,False,26.442624327956988
11,46,63,CulturaX,1166.9375,2,134,False,25.36820652173913
